TEAM_ABBREVIATION,Average 1st Quarter Margin,Opponent Percent of Points from 3 Pointers,Percent of Points from 3 Pointers,Three Point Rate,Opponent Floor %,Opponent Points from 2 pointers,2nd Quarter Points per Game,Turnovers per Game,Turnovers per Possession,Opponent Steals + Blocks per Game,Opponent Three Pointers Attempted per Game,1st Half Points per Game,Three Pointers Attempted per Game,Assist per Turnover Ratio,Opponent Defensive Rebounding %,Win % - Close Games,Opponent 4th Quarter Points per Game,Possessions per Game,Average 2nd Quarter Margin,Win % - All Games,Points from 3 pointers,Opponent Two Point Rate,Opponent Assists per Game,Assists per FGM,Offensive Rebounds per Game,Personal Fouls per Game,Average Biggest Lead,Games Played,Effective Possession Ratio,Opponent Free Throws Attempted per Offensive Play,Defensive Rebounding %,Rebounds + Assists per Game,Overtime Points per Game,Percent of Points from 2 Pointers,Fastbreak Efficiency,Opponent Percent of Points from 2 Pointers,Opponent Points from 3 pointers,Free Throw %,Opponent Assists per FGM,Free Throws Made per Game,Points from 2 pointers,Opponent Personal Fouls per Game,Opponent Fastbreak Points per Game,Opponent Defensive Rebounds per Game,Opponent Steals per Possession,Average 3rd Quarter Margin,Opponent Personal Fouls per Possession,Opponent Personal Fouls per Defensive Play,Personal Fouls per Defensive Play,2nd Half Points per Game,Average 4th Quarter Margin,Opponent FTA per FGA,Block %,Opponent Steals per Defensive Play,Opponent Points + Assists per Game,Field Goals Attempted per Game,3rd Quarter Points per Game,Opponent Steals per Game,Offensive Efficiency,Opponent Team Rebounds per Game,Opponent Free Throws Made per 100 Possessions,Points + Rebounds per Game,Opponent Non-blocked 2 Pt %,Technical Fouls per Game,Three Point %,TEAM_ID_x,TEAM_NAME_x,DEFE_GP,DEFE_W,DEFE_L,DEFE_W_PCT,DEFE_MIN,DEFE_OPP_FGM,DEFE_OPP_FGA,DEFE_OPP_FG_PCT,DEFE_OPP_FG3M,DEFE_OPP_FG3A,DEFE_OPP_FG3_PCT,DEFE_OPP_FTM,DEFE_OPP_FTA,DEFE_OPP_FT_PCT,DEFE_OPP_OREB,DEFE_OPP_DREB,DEFE_OPP_REB,DEFE_OPP_AST,DEFE_OPP_TOV,DEFE_OPP_STL,DEFE_OPP_BLK,DEFE_OPP_BLKA,DEFE_OPP_PF,DEFE_OPP_PFD,DEFE_OPP_PTS,DEFE_PLUS_MINUS,DEFE_GP_RANK,DEFE_W_RANK,DEFE_L_RANK,DEFE_W_PCT_RANK,DEFE_MIN_RANK,DEFE_OPP_FGM_RANK,DEFE_OPP_FGA_RANK,DEFE_OPP_FG_PCT_RANK,DEFE_OPP_FG3M_RANK,DEFE_OPP_FG3A_RANK,DEFE_OPP_FG3_PCT_RANK,DEFE_OPP_FTM_RANK,DEFE_OPP_FTA_RANK,DEFE_OPP_FT_PCT_RANK,DEFE_OPP_OREB_RANK,DEFE_OPP_DREB_RANK,DEFE_OPP_REB_RANK,DEFE_OPP_AST_RANK,DEFE_OPP_TOV_RANK,DEFE_OPP_STL_RANK,DEFE_OPP_BLK_RANK,DEFE_OPP_BLKA_RANK,DEFE_OPP_PF_RANK,DEFE_OPP_PFD1,DEFE_OPP_PTS_RANK,DEFE_PLUS_MINUS_RANK,Team Rebounds per Game,Points in Paint per Game,Two Point %,Opponent Free Throws Attempted per Game,FTM per 100 Possessions,Opponent 1st Quarter Points per Game,Average Overtime Margin,Field Goals Made per Game,Opponent Points + Rebounds + Assists per Game,Opponent Three Point %,Shooting %,Steals per Game,Opponent Technical Fouls per Game,Opponent Blocks per Game,Opponent Points in Paint per Game,Opponent Average Biggest Lead,Opponent Fastbreak Efficiency,Opponent Points + Rebounds per Game,Fastbreak Points per Game,Defensive Efficiency,Personal Fouls per Possession,Opponent 3rd Quarter Points per Game,FTA per FGA,Effective Field Goal %,Opponent Total Rebounds per Game,Opponent Free Throws Made per Game,Opponent Percent of Points from Free Throws,Average 1st Half Margin,Opponent Turnovers per Game,Blocks per Game,Opponent Effective Field Goal %,Opponent 2nd Half Points per Game,1st Quarter Points per Game,Average 2nd Half Margin,Average Margin Thru 3 Quarters,Opponent Two Point %,Opponent Assist per Turnover Ratio,Total Rebounds per Game,Opponent Block %,Assists per Game,Points per Game,Opponent True Shooting %,Opponent Offensive Rebounding %,Opponent 2nd Quarter Points per Game,Opponent Assists per Possession,Extra Scoring Chances per Game,Opponent Win % - All Games,Opponent Overtime Points per Game,Average Scoring Margin,Opponent Field Goals Attempted per Game,Opponent Win % - Close Games,4th Quarter Points per Game,Total Rebounding %,Opponent Shooting %,Two Point Rate,Opponent Offensive Rebounds per Game,TEAM_ID_y,TEAM_NAME_y,GENE_GP,GENE_W,GENE_L,GENE_W_PCT,GENE_MIN,GENE_FGM,GENE_FGA,GENE_FG_PCT,GENE_FG3M,GENE_FG3A,GENE_FG3_PCT,GENE_FTM,GENE_FTA,GENE_FT_PCT,GENE_OREB,GENE_DREB,GENE_REB,GENE_AST,GENE_TOV,GENE_STL,GENE_BLK,GENE_BLKA,GENE_PF,GENE_PFD,GENE_PTS,GENE_PLUS_MINUS,GENE_GP_RANK,GENE_W_RANK,GENE_L_RANK,GENE_W_PCT_RANK,GENE_MIN_RANK,GENE_FGM_RANK,GENE_FGA_RANK,GENE_FG_PCT_RANK,GENE_FG3M_RANK,GENE_FG3A_RANK,GENE_FG3_PCT_RANK,GENE_FTM_RANK,GENE_FTA_RANK,GENE_FT_PCT_RANK,GENE_OREB_RANK,GENE_DREB_RANK,GENE_REB_RANK,GENE_AST_RANK,GENE_TOV_RANK,GENE_STL_RANK,GENE_BLK_RANK,GENE_BLKA_RANK,GENE_PF_RANK,GENE_PFD_RANK,GENE_PTS_RANK,GENE_PLUS_MINUS_RANK,Opponent Field Goals Made per Game,Opponent Three Point Rate,Free Throws Attempted per Offensive Play,Turnovers per Offensive Play,Opponent Turnovers per Offensive Play,Opponent Free Throw %,Steals per Defensive Play,Points + Rebounds + Assists per Game,Free Throws Attempted per Game,True Shooting %,Opponent Rebounds + Assists per Game,Percent of Points from Free Throws,Steals + Blocks per Game,Opponent Points per Game,Opponent Turnovers per Possession,Floor %,Opponent 1st Half Points per Game,Opponent Effective Possession Ratio,Non-blocked 2 Pt %,Offensive Rebounding %,Points + Assists per Game,Assists per Possession,Three Pointers Made per Game,Opponent Three Pointers Made per Game,Opponent Average Scoring Margin,Defensive Rebounds per Game
ATL,-0.8,35.8,34.2,40.9,50.5,58.5,30.3,15.4,14.4,14.1,37.8,59.5,37.6,1.919,73.9,0.583,27.7,106.5,-0.7,0.476,40.3,58.1,28.3,0.682,11.8,19.0,11.5,84,0.967,19.4,75.9,82.3,0.7,50.6,1.758,49.0,42.7,77.5,0.651,18.0,59.6,19.1,16.5,33.5,8.6,-0.7,17.9,16.1,16.3,57.7,0.8,0.251,5.6,7.7,147.7,91.8,29.2,9.1,1.107,8.4,17.022,170.7,61.8,0.5,35.7,1610612737,Atlanta Hawks,21,13,8,0.619,970.0,835.0,1827.0,0.457,266.0,786.0,0.338,390.0,503.0,0.775,255.0,659.0,914.0,525.0,338.0,186.0,91.0,112.0,439.0,444.0,2326.0,-44.0,25,19,7,10,31,14,19,24,16,20,19,7,7,18,21,17,17,14,29,12,5,24,8,38,13,20,8.4,55.1,55.0,22.7,16.866,29.9,-0.1,43.2,200.0,37.6,47.1,9.7,0.4,5.0,50.5,14.0,1.814,171.7,17.1,1.121,17.9,30.0,0.252,54.4,52.3,18.1,15.2,-1.5,16.0,5.1,56.1,57.7,29.2,0.1,-2.2,55.8,1.774,52.8,5.4,29.5,117.9,118.1,24.1,31.0,0.266,2.1,0.524,0.8,-1.5,90.3,0.417,28.5,50.2,48.2,59.1,10.4,1610612737,Atlanta Hawks,21,13,8,0.619,970.0,863,1780,0.485,266,721,0.369,378,486,0.778,209,660,869,583,325.0,198,112,91,444,439,2370,44.0,25,19,7,10,31,23,32,3,28,32,6,37,37,22,38,27,36,20,10,22,24,5,6,36,26,20,43.5,41.9,19.6,13.0,13.6,80.0,8.3,200.2,23.2,114.6,80.6,15.2,14.8,119.4,15.0,50.4,60.9,0.947,60.6,26.1,147.4,0.277,13.4,14.2,1.5,32.6
BKN,-1.1,34.5,38.7,45.8,51.0,55.1,26.8,15.2,15.1,13.6,35.7,53.5,39.4,1.658,75.5,0.444,27.0,100.3,-1.5,0.317,40.7,57.6,27.1,0.669,10.9,20.7,9.7,82,0.957,21.4,75.0,74.5,0.5,45.8,1.834,49.1,38.7,78.7,0.669,16.3,48.1,18.9,16.1,33.6,8.0,-2.7,18.9,17.0,18.8,51.1,-1.6,0.28,5.1,7.2,139.3,86.1,25.7,8.0,1.048,8.8,18.354,154.5,62.2,0.5,34.4,1610612751,Brooklyn Nets,20,4,16,0.2,920.0,806.0,1652.0,0.488,257.0,695.0,0.37,400.0,523.0,0.765,220.0,654.0,874.0,521.0,303.0,181.0,89.0,74.0,470.0,463.0,2269.0,174.0,36,41,29,41,41,10,3,42,12,3,38,11,11,11,4,16,9,11,37,10,2,42,13,33,10,36,8.1,43.5,51.5,23.6,16.226,27.8,-0.2,37.6,191.8,36.2,43.7,7.8,0.5,5.6,49.6,16.0,2.0,164.7,14.3,1.119,20.7,28.4,0.24,51.6,52.5,18.4,16.4,-2.6,15.0,4.3,55.7,55.4,26.7,-4.3,-5.3,56.7,1.807,49.4,6.5,25.2,105.1,117.5,25.0,28.3,0.27,0.6,0.683,0.7,-7.1,84.3,0.556,25.4,48.5,48.0,54.2,10.1,1610612751,Brooklyn Nets,20,4,16,0.2,920.0,721,1654,0.436,251,769,0.326,402,528,0.761,224,556,780,463,315.0,153,74,89,463,470,2095,-174.0,36,41,29,41,41,43,42,35,30,28,37,32,32,30,35,43,43,39,7,39,42,2,10,31,42,36,40.5,42.4,18.6,13.6,13.6,77.9,7.1,179.6,20.7,109.6,79.6,15.5,12.1,112.2,14.9,46.9,56.1,0.951,58.5,24.5,130.3,0.251,13.6,12.9,7.1,30.4
BOS,3.7,35.4,45.2,52.9,48.4,54.6,28.7,12.0,12.1,10.5,36.5,58.7,47.2,2.114,74.3,0.5,26.3,99.3,1.9,0.72,52.0,58.9,23.5,0.619,11.3,16.3,18.6,93,0.993,16.6,75.6,78.5,0.8,41.2,1.655,51.4,37.6,79.9,0.589,15.6,47.4,17.8,13.3,32.7,6.9,2.6,18.0,16.1,14.8,55.5,0.3,0.206,6.2,6.2,129.8,89.2,28.9,6.9,1.158,8.7,14.163,168.1,58.3,0.3,36.8,1610612738,Boston Celtics,21,12,9,0.571,968.0,737.0,1691.0,0.436,246.0,727.0,0.338,438.0,556.0,0.788,242.0,647.0,889.0,483.0,345.0,134.0,103.0,106.0,425.0,490.0,2158.0,-123.0,25,23,9,17,32,3,5,8,7,9,18,20,19,29,13,14,13,5,27,1,13,29,4,25,5,12,8.0,40.8,56.4,18.3,15.701,26.2,0.0,41.0,182.1,34.3,46.0,7.1,0.2,3.6,45.7,8.2,1.939,158.6,11.8,1.071,16.4,26.3,0.219,55.7,52.3,14.1,13.2,5.7,12.7,5.5,51.9,52.5,30.0,3.0,8.3,52.1,1.844,53.1,4.0,25.4,115.0,108.9,24.4,26.8,0.236,1.1,0.28,0.8,8.7,88.9,0.5,26.6,50.4,44.8,47.1,10.9,1610612738,Boston Celtics,21,12,9,0.571,968.0,835,1874,0.446,297,881,0.337,314,411,0.764,279,644,923,495,269.0,184,106,103,490,425,2281,123.0,25,23,9,17,32,30,22,27,17,18,28,43,43,28,20,31,24,34,1,32,29,13,18,40,34,12,39.9,41.1,17.6,10.9,11.5,76.8,6.5,193.5,19.5,116.8,75.8,13.6,12.6,106.3,12.8,50.3,53.0,0.982,61.7,25.7,140.4,0.256,17.3,12.5,-8.7,33.7
CHA,-3.8,37.3,37.1,43.0,50.6,54.8,26.4,15.5,15.3,14.1,40.0,51.4,38.3,1.569,73.5,0.519,27.2,101.4,-2.8,0.232,39.0,55.1,26.8,0.635,12.2,18.7,7.1,82,0.968,19.0,74.5,77.7,0.4,48.2,1.593,48.0,42.5,78.3,0.644,15.5,50.7,18.1,16.6,33.9,8.6,-1.8,17.9,16.0,16.6,53.4,-0.5,0.24,5.0,7.7,141.0,89.1,26.7,8.8,1.036,8.3,16.641,158.5,61.6,0.3,33.9,1610612766,Charlotte Hornets,21,10,11,0.476,965.0,854.0,1824.0,0.468,277.0,729.0,0.38,325.0,419.0,0.776,214.0,597.0,811.0,537.0,290.0,165.0,96.0,101.0,485.0,406.0,2310.0,-31.0,25,28,18,27,35,19,17,35,19,10,42,1,1,19,3,4,4,18,39,7,10,34,18,43,12,22,8.2,45.0,49.9,21.4,15.259,28.8,-0.1,38.3,194.5,35.5,43.0,7.4,0.3,5.3,47.9,18.4,1.894,167.7,11.8,1.126,18.5,28.5,0.222,50.3,53.5,16.9,14.8,-6.7,13.3,4.5,54.7,55.7,25.0,-2.4,-8.5,55.9,2.017,53.4,6.0,24.3,105.1,115.3,25.5,29.2,0.264,-1.3,0.768,0.5,-9.1,88.9,0.482,26.7,49.9,46.7,57.0,11.3,1610612766,Charlotte Hornets,21,10,11,0.476,965.0,817,1787,0.457,289,808,0.358,418,525,0.796,258,686,944,528,338.0,151,101,96,406,485,2341,31.0,25,28,18,27,35,32,31,16,21,21,12,29,33,13,27,22,23,27,16,43,34,10,1,26,28,22,41.6,44.9,17.4,13.6,11.8,79.0,6.6,182.8,19.8,106.7,80.3,14.7,11.9,114.2,13.1,46.6,58.0,0.981,55.7,26.5,129.4,0.24,13.0,14.2,9.1,33.0
CHI,-1.4,34.3,39.3,45.7,50.9,61.5,29.0,14.7,13.8,13.2,39.6,57.3,42.0,1.964,77.8,0.588,28.7,106.4,-1.5,0.47,46.1,58.3,28.9,0.671,10.0,17.6,11.8,83,0.956,18.3,76.6,82.1,0.5,47.2,2.429,51.6,40.9,80.9,0.652,15.9,55.4,16.7,14.6,35.1,7.6,1.0,15.7,14.4,15.0,59.7,-0.1,0.227,5.0,7.0,148.2,91.9,31.0,8.1,1.105,8.5,15.86,170.7,60.8,0.2,36.6,1610612741,Chicago Bulls,20,11,9,0.55,930.0,855.0,1824.0,0.469,255.0,717.0,0.356,402.0,506.0,0.794,246.0,641.0,887.0,526.0,271.0,186.0,111.0,111.0,441.0,445.0,2367.0,71.0,36,25,9,20,36,20,17,36,11,6,31,13,8,36,15,12,12,15,42,12,21,25,9,37,15,30,7.4,50.6,55.5,21.5,14.976,29.7,0.2,43.1,202.7,34.4,46.9,7.6,0.2,5.1,54.0,15.2,1.798,173.8,18.4,1.121,16.6,30.0,0.214,55.2,54.5,16.9,14.1,-2.9,12.6,4.7,54.0,58.7,28.3,1.0,-1.9,55.6,2.292,53.2,5.5,28.9,117.5,113.5,23.4,30.6,0.272,-3.0,0.53,0.3,-1.8,94.9,0.412,28.7,49.4,46.8,54.3,10.9,1610612741,Chicago Bulls,20,11,9,0.55,930.0,815,1734,0.47,268,721,0.372,398,502,0.793,204,678,882,554,332.0,168,111,111,445,441,2296,-71.0,36,25,9,20,36,33,35,12,27,32,5,34,36,15,39,26,35,22,12,37,25,21,7,35,32,30,44.4,41.7,16.9,12.6,10.8,78.4,6.5,199.6,19.7,116.0,83.4,13.6,12.3,119.2,11.9,49.0,60.2,0.984,61.8,22.2,146.4,0.272,15.4,13.6,1.8,35.7
CLE,4.0,36.2,38.9,45.8,49.0,55.2,30.0,13.1,12.7,12.1,37.3,61.1,41.4,2.107,73.9,0.579,26.8,103.2,2.6,0.758,47.4,58.6,25.6,0.624,11.3,18.2,19.1,91,0.983,18.3,75.2,80.8,0.3,46.6,1.768,49.3,40.5,78.1,0.624,17.5,56.8,19.2,15.0,31.9,7.4,0.3,18.6,16.8,15.9,60.3,2.8,0.232,4.6,6.6,137.6,90.5,30.6,7.6,1.179,8.5,15.751,174.9,56.8,0.3,38.1,1610612739,Cleveland Cavaliers,22,13,9,0.591,1021.0,843.0,1838.0,0.459,267.0,738.0,0.362,460.0,584.0,0.788,244.0,689.0,933.0,554.0,376.0,196.0,103.0,125.0,522.0,509.0,2413.0,-82.0,22,19,9,14,23,15,20,27,17,15,34,23,24,28,14,19,19,24,19,17,13,16,24,21,20,17,7.9,51.1,57.9,20.9,17.008,27.1,0.0,44.2,189.3,36.1,48.8,8.2,0.3,4.5,46.8,8.5,1.971,163.6,14.6,1.085,17.6,30.3,0.248,57.5,51.7,16.3,14.5,6.6,14.6,4.2,53.1,57.1,31.1,3.2,6.9,52.3,1.759,53.3,5.0,27.6,121.7,111.8,24.8,27.4,0.248,1.5,0.242,0.3,9.7,90.1,0.421,29.7,50.7,45.6,54.2,11.2,1610612739,Cleveland Cavaliers,22,13,9,0.591,1021.0,879,1954,0.45,305,921,0.331,432,573,0.754,311,653,964,557,335.0,202,125,103,509,521,2495,82.0,22,19,9,14,23,19,19,24,14,12,34,24,23,36,12,30,21,21,14,21,16,13,23,20,19,17,41.1,41.4,19.6,11.4,12.7,77.6,7.2,202.5,22.5,120.3,77.3,14.4,12.4,111.9,14.1,52.7,54.5,0.968,63.7,26.1,149.3,0.267,15.8,13.5,-9.7,34.0
DAL,0.0,33.4,32.7,38.9,51.2,60.5,29.0,14.0,13.6,12.6,35.3,57.5,34.1,1.805,76.7,0.391,28.1,102.7,0.2,0.476,37.4,61.5,27.1,0.603,10.1,17.7,12.9,84,0.962,18.2,72.9,76.2,0.2,51.7,1.933,52.4,38.6,77.2,0.628,17.8,59.0,18.7,15.6,33.1,7.9,-1.4,18.2,16.6,15.4,56.5,0.1,0.228,6.0,7.2,142.4,87.7,28.3,8.1,1.112,8.0,15.884,165.1,59.3,0.2,36.5,1610612742,Dallas Mavericks,22,7,15,0.318,1031.0,870.0,1979.0,0.44,248.0,759.0,0.327,405.0,550.0,0.736,280.0,764.0,1044.0,501.0,315.0,208.0,106.0,140.0,500.0,458.0,2393.0,111.0,22,38,28,36,22,21,25,12,9,17,9,14,17,3,29,26,28,8,34,23,19,11,20,35,18,32,8.0,50.7,55.1,20.9,17.322,28.4,-0.1,42.0,195.8,36.4,47.9,7.8,0.3,4.6,52.7,13.1,1.929,168.7,15.0,1.123,17.3,29.6,0.263,55.0,53.4,16.3,14.1,0.2,13.3,5.5,53.9,57.8,28.4,-1.3,-1.2,53.5,2.037,50.9,5.2,25.3,114.2,113.4,27.1,28.9,0.264,-2.9,0.524,0.3,-1.2,91.8,0.609,28.2,48.8,46.9,61.1,12.2,1610612742,Dallas Mavericks,22,7,15,0.318,1031.0,813,1854,0.439,237,744,0.319,419,572,0.733,233,744,977,495,368.0,176,140,106,458,500,2282,-111.0,22,38,28,36,22,34,24,34,38,30,40,27,24,42,31,18,20,34,24,35,11,19,9,23,33,32,43.1,38.5,20.4,12.4,11.6,77.9,6.8,190.4,23.0,115.8,80.4,15.6,13.3,115.3,12.9,51.0,57.3,0.99,60.3,23.3,139.5,0.246,12.5,12.9,1.2,32.9
DEN,0.8,35.7,30.3,36.1,50.7,58.6,29.1,14.5,14.0,14.1,38.2,59.8,32.3,2.057,73.1,0.577,27.2,103.5,-0.7,0.594,35.9,58.7,28.5,0.67,11.4,17.9,14.6,96,0.97,18.2,74.8,84.3,1.4,54.6,2.4,50.4,41.4,76.9,0.662,17.9,64.9,19.4,16.8,30.9,8.5,2.5,18.7,16.9,15.6,57.6,-0.3,0.226,5.2,7.7,144.7,89.3,30.7,8.8,1.148,7.3,15.625,173.3,59.2,0.3,37.1,1610612743,Denver Nuggets,20,14,6,0.7,925.0,767.0,1738.0,0.441,245.0,767.0,0.319,358.0,474.0,0.755,222.0,568.0,790.0,488.0,267.0,155.0,87.0,87.0,435.0,412.0,2137.0,-176.0,36,15,3,5,39,5,8,13,6,19,5,5,5,5,5,2,3,6,43,3,1,38,7,40,4,5,8.7,56.5,56.9,20.9,17.336,29.9,0.4,44.4,194.5,36.2,49.7,7.9,0.3,5.3,51.1,11.9,1.898,165.9,19.1,1.122,17.3,28.2,0.261,56.5,49.8,16.2,13.9,0.0,12.8,4.8,54.1,55.4,30.7,2.2,2.5,54.0,2.238,54.5,6.0,29.8,118.8,113.5,25.2,29.8,0.276,-2.0,0.406,1.0,2.6,92.4,0.423,26.9,52.3,46.6,63.9,11.6,1610612743,Denver Nuggets,20,14,6,0.7,925.0,833,1691,0.493,233,656,0.355,414,513,0.807,232,681,913,527,289.0,165,87,87,412,435,2313,176.0,36,15,3,5,39,31,39,1,39,41,14,30,35,6,33,23,26,29,3,38,38,1,4,37,31,5,43.1,41.3,20.3,12.6,11.1,77.3,6.9,203.1,23.3,118.3,78.3,15.1,12.7,116.1,12.3,53.1,59.7,0.989,62.7,26.9,148.5,0.288,12.0,13.8,-2.6,34.5
DET,0.9,35.7,33.0,39.3,49.5,54.0,29.2,15.0,14.4,14.0,36.8,58.6,35.1,1.734,73.7,0.52,26.7,103.8,0.4,0.523,37.9,58.2,24.5,0.613,11.3,20.8,13.0,88,0.965,21.2,76.0,79.4,0.6,51.7,2.335,47.7,40.4,77.6,0.605,17.6,59.4,19.1,14.5,31.8,8.6,0.3,18.4,16.6,18.2,55.7,0.2,0.275,6.1,7.7,137.7,89.3,28.8,8.9,1.107,9.1,18.093,168.4,59.0,0.7,36.0,1610612765,Detroit Pistons,20,16,4,0.8,925.0,726.0,1661.0,0.437,230.0,666.0,0.345,442.0,583.0,0.758,250.0,592.0,842.0,433.0,358.0,157.0,103.0,128.0,476.0,487.0,2124.0,-126.0,36,11,1,2,39,1,4,10,2,2,20,22,23,8,20,3,5,1,25,4,13,14,14,27,3,11,8.8,52.3,54.8,24.2,16.943,28.5,-0.1,42.3,189.1,36.6,47.4,7.9,0.6,5.1,46.2,11.1,1.633,164.6,18.4,1.091,20.1,28.4,0.254,54.5,51.4,18.8,16.6,1.3,14.9,5.3,53.7,55.2,29.4,0.5,1.7,52.8,1.641,53.5,5.7,26.0,114.9,113.9,24.0,28.7,0.236,0.7,0.477,0.8,1.7,87.9,0.48,26.9,51.0,46.1,60.7,10.5,1610612765,Detroit Pistons,20,16,4,0.8,925.0,813,1725,0.471,223,637,0.35,401,547,0.733,260,630,890,506,308.0,198,128,103,487,476,2250,126.0,36,11,1,2,39,34,36,11,41,42,17,33,27,41,26,33,32,33,5,22,14,13,16,30,37,11,40.5,41.8,19.7,13.0,13.1,77.6,6.9,194.3,22.6,114.8,75.9,15.3,13.2,113.2,14.4,50.7,57.3,0.958,60.5,26.3,140.9,0.25,12.6,13.5,-1.7,33.4
GSW,-0.4,35.3,40.5,46.7,49.1,54.5,27.5,14.1,13.8,12.9,35.4,54.1,41.9,2.018,72.7,0.542,27.3,101.7,0.5,0.568,45.6,59.0,25.4,0.705,12.5,19.5,14.1,95,0.985,19.4,74.9,81.8,0.2,44.5,1.502,49.5,38.8,76.5,0.633,16.8,50.1,18.7,13.9,33.3,7.5,1.4,18.4,16.4,17.3,58.2,1.0,0.253,5.4,6.6,135.4,89.7,29.9,7.6,1.107,8.4,16.418,165.9,58.9,0.4,36.2,1610612744,Golden State Warriors,26,13,13,0.5,1189.0,984.0,2152.0,0.457,300.0,897.0,0.334,502.0,612.0,0.82,279.0,807.0,1086.0,627.0,444.0,235.0,106.0,115.0,567.0,560.0,2770.0,24.0,14,19,22,25,14,30,29,25,27,27,14,30,29,43,28,30,29,30,15,30,19,21,30,14,30,27,8.8,44.2,52.4,21.8,16.563,27.1,0.0,40.2,187.9,36.5,44.9,9.4,0.3,5.3,46.1,12.6,1.829,162.5,14.1,1.082,19.1,28.5,0.245,53.3,52.5,16.7,15.2,0.1,15.8,4.6,54.0,55.8,26.7,2.4,1.5,53.5,1.613,53.4,5.9,28.4,112.5,113.8,25.1,27.0,0.25,3.4,0.432,0.2,2.5,86.3,0.458,28.3,50.4,46.5,53.3,10.8,1610612744,Golden State Warriors,26,13,13,0.5,1189.0,927,2109,0.44,366,1052,0.348,524,655,0.8,284,772,1056,630,467.0,259,115,106,557,566,2744,-24.0,14,19,22,25,14,16,15,31,8,9,19,14,14,11,18,16,14,14,30,15,21,19,30,14,15,27,40.2,41.0,19.3,12.3,14.0,76.5,8.3,194.3,22.0,112.3,77.9,15.0,14.0,110.0,15.5,49.3,54.0,0.951,59.0,27.3,140.9,0.279,15.2,12.9,-2.5,32.2
HOU,1.8,34.5,33.0,38.1,48.7,55.4,28.3,13.9,13.5,13.6,35.2,56.7,35.2,1.662,68.3,0.6,27.7,102.4,0.9,0.618,37.5,60.1,23.6,0.548,14.5,18.9,15.3,89,1.007,18.9,76.2,81.6,0.5,52.1,1.964,50.7,37.7,73.4,0.585,16.9,59.1,19.4,13.7,31.4,7.8,2.1,19.0,16.6,16.7,56.3,-0.8,0.242,5.7,6.8,132.9,92.5,29.5,8.0,1.108,9.2,15.826,172.0,57.8,0.7,35.5,1610612745,Houston Rockets,19,11,8,0.579,889.0,743.0,1622.0,0.458,259.0,720.0,0.36,337.0,461.0,0.731,212.0,502.0,714.0,457.0,288.0,164.0,112.0,106.0,442.0,408.0,2082.0,-108.0,42,25,7,16,42,4,2,26,14,7,32,2,4,2,2,1,1,2,40,5,22,29,10,42,1,14,10.2,51.1,51.6,21.3,16.528,26.6,0.2,42.0,184.0,35.7,45.4,8.4,0.5,5.6,48.7,10.0,1.713,160.5,16.4,1.068,18.4,27.4,0.249,52.2,51.1,16.2,14.8,2.7,14.2,5.0,52.8,55.0,28.4,1.3,4.8,52.3,1.661,58.5,6.1,23.0,113.5,111.2,23.8,27.4,0.23,4.3,0.382,0.3,4.2,88.2,0.4,26.8,53.4,45.7,61.9,10.6,1610612745,Houston Rockets,19,11,8,0.579,889.0,789,1680,0.47,217,572,0.379,395,534,0.74,302,592,894,448,307.0,197,106,112,408,442,2190,108.0,42,25,7,16,42,36,41,13,42,43,2,35,30,40,14,41,30,41,4,24,29,22,2,34,39,14,40.3,39.9,19.7,11.9,12.6,76.0,7.4,195.1,23.0,109.7,74.7,14.9,13.4,109.3,13.9,51.0,54.0,0.965,57.2,31.7,136.5,0.225,12.5,12.6,-4.2,33.8
IND,-0.4,33.0,33.9,40.0,50.6,58.4,28.7,13.4,13.0,12.0,35.8,56.9,35.3,2.129,78.9,0.708,27.3,103.6,0.7,0.619,39.5,59.9,24.7,0.666,8.9,19.7,13.4,105,0.956,20.5,74.3,78.2,1.1,51.1,2.014,51.0,37.7,78.8,0.591,17.5,59.6,19.4,12.4,33.3,7.2,0.0,18.7,17.2,17.1,58.6,1.6,0.265,6.2,6.6,139.2,88.2,29.7,7.4,1.126,8.5,17.687,166.2,61.0,0.4,37.3,1610612754,Indiana Pacers,21,5,16,0.238,978.0,886.0,1818.0,0.487,243.0,731.0,0.332,476.0,622.0,0.765,237.0,710.0,947.0,541.0,311.0,164.0,94.0,110.0,500.0,496.0,2491.0,220.0,25,40,29,38,25,25,15,41,4,11,13,27,30,12,11,24,21,19,35,5,7,26,20,23,24,38,8.0,49.1,56.3,23.6,16.915,28.6,0.2,43.0,192.2,35.2,48.7,8.4,0.3,4.5,50.7,12.2,1.672,167.5,16.9,1.105,19.0,29.7,0.252,56.2,53.1,18.3,16.0,0.3,14.8,5.5,53.9,57.0,28.2,1.6,0.3,54.7,1.67,49.6,5.1,28.6,116.6,114.0,25.7,28.0,0.238,-1.0,0.381,0.9,2.2,89.2,0.292,28.9,48.3,46.8,60.0,11.3,1610612754,Indiana Pacers,21,5,16,0.238,978.0,789,1851,0.426,240,777,0.309,453,582,0.778,270,627,897,492,318.0,153,110,94,496,500,2271,-220.0,25,40,29,38,25,36,25,39,37,26,41,22,21,21,23,35,29,36,9,39,26,7,21,23,35,38,41.8,40.1,19.8,11.9,12.9,77.6,7.3,194.9,22.2,118.1,77.8,15.0,13.9,114.5,14.3,51.2,56.6,0.966,61.6,21.1,145.3,0.276,13.2,12.6,-2.2,32.6
LAC,0.2,35.6,33.1,38.7,48.7,53.6,27.8,14.7,14.5,13.0,36.4,55.3,33.4,1.722,75.6,0.52,26.1,100.8,1.0,0.596,37.3,57.5,25.6,0.608,10.2,18.4,15.2,89,0.956,18.9,77.1,76.1,0.8,51.7,1.685,49.5,38.5,79.1,0.645,17.0,58.2,17.8,15.0,31.8,8.7,1.8,17.7,16.1,16.6,56.4,1.3,0.244,5.5,7.9,133.8,86.1,29.0,8.7,1.117,7.5,15.936,163.4,60.1,0.2,37.3,1610612746,LA Clippers,20,7,13,0.35,929.998333,775.0,1697.0,0.457,279.0,740.0,0.377,355.0,453.0,0.784,228.0,615.0,843.0,504.0,304.0,213.0,90.0,104.0,412.0,409.0,2184.0,93.0,36,38,22,34,37,7,6,23,20,16,41,4,2,24,7,7,6,9,36,24,3,32,2,41,6,31,7.4,51.4,55.2,20.9,16.884,27.3,0.0,41.5,182.9,35.3,48.2,9.3,0.3,4.3,46.8,11.5,1.723,157.3,15.7,1.074,18.3,27.2,0.25,55.4,49.2,16.1,14.8,1.2,14.9,4.7,53.7,53.3,27.5,3.1,3.0,54.4,1.712,50.9,4.9,25.2,112.5,113.1,22.9,26.7,0.254,0.7,0.405,0.8,4.3,85.7,0.48,27.4,50.9,46.2,61.3,9.9,1610612746,LA Clippers,20,7,13,0.35,929.998333,738,1615,0.457,247,720,0.343,368,453,0.812,194,611,805,445,342.0,183,104,90,409,412,2091,-93.0,36,38,22,34,37,42,43,18,32,34,23,38,39,5,42,39,41,42,17,33,32,3,3,42,43,31,39.6,42.5,19.4,13.2,13.5,76.8,8.4,188.6,21.5,116.8,74.7,15.1,14.0,108.2,14.8,50.9,54.1,0.949,60.0,24.4,137.8,0.25,12.4,12.8,-4.3,33.2
LAL,2.4,36.1,35.5,42.9,50.1,55.4,28.7,14.0,13.9,12.4,38.0,58.9,36.5,1.837,76.7,0.546,27.7,100.8,0.8,0.586,40.0,57.3,27.0,0.634,9.7,17.5,14.3,87,0.957,18.5,74.2,76.1,0.3,48.3,1.95,49.6,40.4,78.8,0.655,18.2,54.5,19.3,16.8,31.8,8.1,-1.3,19.2,17.5,15.6,53.4,-1.1,0.232,5.1,7.4,138.9,85.1,26.9,8.2,1.118,8.6,15.91,163.0,59.5,0.4,36.5,1610612747,Los Angeles Lakers,23,14,9,0.609,1040.0,874.0,1890.0,0.462,282.0,815.0,0.346,386.0,492.0,0.785,263.0,630.0,893.0,541.0,372.0,226.0,91.0,101.0,530.0,483.0,2416.0,-27.0,18,15,9,13,21,22,22,30,21,23,22,6,6,25,24,8,14,19,20,28,5,34,25,30,21,23,8.1,47.3,56.1,20.7,18.043,27.8,0.0,40.6,190.5,35.4,47.7,7.6,0.3,4.2,49.4,11.1,2.05,163.5,14.7,1.11,17.3,28.1,0.271,55.5,51.6,16.0,14.3,3.1,13.5,4.5,53.8,55.9,30.2,-2.4,1.9,54.3,1.994,50.4,4.9,25.7,112.6,113.1,25.8,28.0,0.268,-2.1,0.414,0.3,0.7,89.1,0.455,26.6,49.4,46.2,57.1,11.3,1610612747,Los Angeles Lakers,23,14,9,0.609,1040.0,869,1810,0.48,246,739,0.333,459,606,0.757,229,680,909,532,382.0,213,101,91,483,530,2443,27.0,18,15,9,13,21,22,28,5,33,31,32,20,17,33,34,24,27,26,26,17,34,5,14,19,22,23,41.2,42.7,20.9,12.7,12.1,77.4,6.7,188.7,23.1,117.3,78.6,16.1,12.1,111.9,13.4,50.6,55.7,0.978,61.3,23.3,138.4,0.255,13.3,13.5,-0.7,32.6
MEM,1.2,36.2,34.1,40.3,49.6,55.7,29.8,15.8,14.8,14.4,39.5,60.7,37.5,1.768,71.4,0.44,28.1,106.9,0.5,0.557,41.2,57.0,27.0,0.631,12.8,20.9,15.6,88,0.972,20.7,74.8,84.0,0.2,50.8,1.883,47.6,42.3,79.1,0.643,18.2,61.3,20.1,16.6,32.0,8.2,2.2,18.8,16.8,17.6,59.8,-0.1,0.267,6.1,7.4,143.9,93.0,31.8,8.8,1.128,9.5,17.727,176.6,59.5,0.4,36.6,1610612763,Memphis Grizzlies,24,8,16,0.333,1088.0,948.0,1999.0,0.474,303.0,858.0,0.353,416.0,549.0,0.758,249.0,764.0,1013.0,564.0,399.0,198.0,122.0,105.0,521.0,544.0,2615.0,67.0,16,36,29,35,17,28,27,38,29,26,28,17,16,6,19,26,26,25,17,19,27,31,23,16,27,29,8.8,55.3,55.2,24.6,17.046,29.8,0.0,44.4,197.0,35.7,47.7,8.6,0.4,5.5,48.2,11.8,1.884,170.0,16.3,1.093,19.5,29.6,0.248,55.1,53.1,19.0,16.2,1.6,14.9,5.6,53.3,57.7,31.0,2.1,3.8,53.2,1.812,56.0,6.0,28.0,120.7,112.9,25.2,29.3,0.252,0.3,0.443,0.1,3.7,91.9,0.56,28.0,51.3,45.6,59.7,11.6,1610612763,Memphis Grizzlies,24,8,16,0.333,1088.0,885,2051,0.431,302,904,0.334,476,593,0.803,269,743,1012,614,371.0,190,105,122,544,521,2548,-67.0,16,36,29,35,17,18,16,38,15,14,31,19,19,9,24,19,16,16,25,25,31,27,28,20,17,29,41.9,43.0,19.2,13.2,12.6,77.2,7.3,204.6,23.0,116.0,80.0,15.1,14.3,116.9,13.9,51.3,59.1,0.969,61.3,28.6,148.7,0.262,13.7,14.1,-3.7,34.4
MIA,0.6,37.6,37.4,43.1,49.4,54.9,27.8,13.7,13.7,12.3,38.3,55.7,37.5,1.916,77.6,0.32,26.6,100.1,0.6,0.443,41.2,56.8,26.4,0.651,9.8,15.6,13.6,88,0.961,16.2,75.8,77.0,1.2,48.4,1.779,49.7,41.6,78.5,0.639,15.6,53.3,16.8,15.1,33.9,7.7,-0.9,16.8,15.3,14.1,53.1,-1.0,0.203,4.4,7.0,137.0,86.9,27.6,7.7,1.099,6.6,14.027,160.8,59.2,0.2,36.7,1610612748,Miami Heat,24,14,10,0.583,1093.0,935.0,2179.0,0.429,301.0,982.0,0.307,477.0,599.0,0.796,340.0,774.0,1114.0,592.0,381.0,221.0,131.0,113.0,547.0,528.0,2648.0,-58.0,16,15,15,15,16,27,30,6,28,33,1,28,26,38,32,28,30,28,18,27,30,23,27,18,28,19,7.5,46.9,53.9,18.0,15.559,27.4,0.1,40.4,188.1,36.3,46.5,8.0,0.3,4.6,48.6,12.6,1.962,161.7,14.1,1.104,15.6,28.4,0.229,54.4,51.1,14.0,12.7,1.2,13.6,3.9,54.5,55.0,28.0,-1.9,0.3,54.6,1.935,50.7,5.2,26.3,110.0,113.9,24.2,27.1,0.264,-1.0,0.557,1.0,-0.5,88.5,0.68,25.6,49.8,46.7,56.9,10.7,1610612748,Miami Heat,24,14,10,0.583,1093.0,958,2032,0.471,291,790,0.368,499,634,0.787,223,785,1008,627,383.0,210,113,131,528,547,2706,58.0,16,15,15,15,16,15,17,10,20,24,7,15,15,18,36,15,17,15,28,19,23,30,26,17,16,19,41.3,43.2,18.1,12.5,12.3,78.2,7.2,187.1,19.9,114.3,77.5,14.2,11.8,110.6,13.6,49.3,54.5,0.97,59.4,22.4,136.3,0.263,13.7,13.9,0.5,33.5
MIL,0.5,36.7,37.1,42.5,49.6,55.5,28.8,13.4,13.1,11.3,39.2,58.6,36.7,1.892,80.4,0.4,26.6,102.5,0.5,0.568,42.6,56.9,26.5,0.607,8.4,18.0,13.7,88,0.951,17.9,76.7,77.0,0.7,48.0,1.818,49.2,41.5,74.8,0.636,17.2,55.2,18.9,15.1,34.3,7.2,0.6,18.4,17.0,15.9,55.8,0.3,0.223,5.1,6.6,139.4,86.4,28.9,7.4,1.122,7.4,15.528,166.6,59.0,0.3,38.7,1610612749,Milwaukee Bucks,21,9,12,0.429,978.0,832.0,1779.0,0.468,253.0,732.0,0.346,470.0,602.0,0.781,248.0,708.0,956.0,526.0,320.0,187.0,95.0,104.0,433.0,487.0,2387.0,57.0,25,33,20,29,25,13,11,34,10,12,21,25,27,22,18,23,22,15,33,14,9,32,6,27,16,28,8.1,43.9,55.6,20.3,16.792,29.2,0.2,41.8,191.8,35.3,48.4,7.2,0.3,3.9,46.6,12.0,2.054,165.4,13.2,1.102,17.6,28.4,0.266,56.6,52.4,15.9,14.1,1.0,12.7,4.6,53.4,54.9,29.7,0.9,1.6,53.7,2.079,51.6,4.5,25.4,115.0,112.4,23.3,28.4,0.258,-3.0,0.432,0.4,2.1,90.9,0.6,26.8,49.6,45.8,57.5,10.7,1610612749,Milwaukee Bucks,21,9,12,0.429,978.0,852,1790,0.476,307,791,0.388,319,447,0.714,175,629,804,535,310.0,170,104,95,487,433,2330,-57.0,25,33,20,29,25,27,30,7,11,23,1,41,41,43,43,34,42,25,6,36,32,9,16,38,30,28,41.6,43.1,20.8,12.1,11.2,78.6,6.4,192.0,23.0,118.2,78.9,15.0,11.9,112.9,12.4,50.8,57.6,0.98,60.3,19.6,140.4,0.248,14.2,13.8,-2.1,35.1
MIN,0.7,34.9,39.0,45.2,48.9,54.8,27.4,14.6,14.5,12.8,35.8,54.9,39.4,1.763,73.7,0.517,26.1,101.0,0.4,0.598,44.3,58.9,24.4,0.633,11.2,18.7,14.4,97,0.966,18.5,74.8,78.3,0.8,45.9,1.705,50.4,38.0,78.6,0.61,17.2,52.0,19.4,13.7,31.4,8.3,1.3,19.3,17.3,16.7,57.8,2.3,0.238,5.6,7.5,133.3,87.3,29.4,8.4,1.124,8.1,15.908,166.0,58.9,0.4,37.4,1610612750,Minnesota Timberwolves,21,14,7,0.667,968.0,801.0,1785.0,0.449,258.0,726.0,0.355,401.0,556.0,0.721,267.0,631.0,898.0,513.0,364.0,175.0,94.0,124.0,487.0,484.0,2261.0,-132.0,25,15,5,9,32,8,12,16,13,8,30,12,19,1,25,9,15,10,22,8,7,17,19,29,8,8,8.5,47.4,54.4,20.8,16.99,26.8,0.0,40.8,183.9,35.3,46.7,7.9,0.4,4.4,47.2,11.0,1.626,159.4,13.4,1.078,18.5,28.2,0.25,55.2,50.6,16.1,14.8,1.1,14.8,4.9,53.1,54.2,27.5,3.5,2.4,53.3,1.656,52.5,5.1,25.8,113.5,112.0,25.2,27.0,0.242,0.2,0.402,0.8,4.6,87.3,0.483,28.4,50.9,45.9,54.8,11.1,1610612750,Minnesota Timberwolves,21,14,7,0.667,968.0,854,1774,0.481,263,716,0.367,422,557,0.758,233,655,888,525,334.0,205,124,94,484,487,2393,132.0,25,15,5,9,32,25,34,4,29,35,8,26,26,32,31,28,33,31,13,20,17,7,15,25,25,8,40.1,41.1,19.5,13.1,13.2,77.3,7.0,191.8,21.8,116.2,75.0,15.1,12.8,108.8,14.6,50.2,53.8,0.964,59.9,26.3,139.3,0.256,14.8,12.7,-4.6,32.8
NOP,-3.2,36.8,32.8,38.5,52.1,58.2,27.2,14.6,14.2,14.2,40.1,53.9,34.6,1.764,73.7,0.273,28.8,102.9,-2.4,0.256,36.1,55.7,28.6,0.636,12.1,18.3,8.1,82,0.975,19.1,72.7,77.8,0.4,52.1,1.923,48.8,43.9,75.4,0.655,16.5,57.2,17.9,18.0,33.9,8.8,-3.0,17.4,15.6,15.9,55.5,-1.0,0.242,5.8,7.8,147.9,89.9,27.7,9.0,1.067,8.3,16.709,161.8,64.5,0.3,34.7,1610612740,New Orleans Pelicans,21,2,19,0.095,973.0,876.0,1786.0,0.49,293.0,834.0,0.351,397.0,511.0,0.777,235.0,688.0,923.0,579.0,334.0,202.0,149.0,71.0,478.0,471.0,2442.0,249.0,25,43,35,43,27,23,13,43,25,25,26,8,9,20,10,18,18,27,30,21,33,43,15,32,22,39,8.4,49.9,51.8,21.9,16.069,29.9,0.1,40.6,202.0,36.5,45.2,8.5,0.2,5.2,52.3,18.6,1.999,173.3,16.4,1.159,17.8,30.6,0.244,51.9,54.1,17.2,14.4,-5.6,14.0,5.2,56.4,59.5,26.7,-3.9,-8.6,57.8,2.046,52.0,5.8,25.8,109.8,118.2,27.3,29.6,0.278,-0.4,0.744,0.3,-9.4,90.5,0.727,27.9,49.0,48.3,61.5,11.9,1610612740,New Orleans Pelicans,21,2,19,0.095,973.0,784,1803,0.435,214,659,0.325,411,544,0.756,282,602,884,435,349.0,190,71,149,471,478,2193,-249.0,25,43,35,43,27,38,29,36,43,40,39,31,29,35,19,40,34,43,19,25,43,33,12,29,38,39,43.7,44.3,19.1,12.7,12.2,78.6,7.4,187.7,21.9,109.5,82.7,15.1,13.8,119.3,13.6,49.0,59.5,0.979,57.2,26.3,135.7,0.251,12.0,14.6,9.4,31.5
NYK,0.6,35.1,32.2,37.9,49.9,56.0,29.3,13.4,13.2,12.1,35.8,57.6,33.6,1.954,73.8,0.654,27.5,101.0,1.8,0.61,36.9,59.0,24.6,0.613,11.0,17.8,15.1,100,0.977,18.4,74.6,77.4,1.1,52.9,1.844,50.3,39.1,79.1,0.599,17.1,60.6,19.7,14.6,31.0,7.0,1.2,19.5,17.5,16.0,56.0,-0.4,0.235,4.7,6.3,135.9,88.7,28.8,7.0,1.136,8.0,16.036,166.0,59.2,0.2,36.6,1610612752,New York Knicks,19,10,9,0.526,872.0,735.0,1580.0,0.465,264.0,701.0,0.377,351.0,457.0,0.768,183.0,600.0,783.0,473.0,293.0,148.0,90.0,86.0,423.0,415.0,2085.0,-43.0,42,28,9,22,43,2,1,31,15,4,40,3,3,14,1,5,2,4,38,2,3,40,3,39,2,21,8.7,51.5,55.0,20.5,16.957,27.7,0.1,42.6,185.7,36.4,48.0,8.1,0.3,5.1,48.6,11.0,2.078,161.1,15.0,1.102,17.7,27.6,0.244,55.0,49.8,16.2,14.5,2.4,14.4,4.1,54.5,55.1,28.3,0.9,3.6,54.5,1.705,51.3,5.7,26.1,114.7,114.8,25.4,27.4,0.244,1.3,0.39,1.0,3.4,87.2,0.346,27.2,50.8,47.1,62.1,10.8,1610612752,New York Knicks,19,10,9,0.526,872.0,756,1690,0.447,272,788,0.345,344,449,0.766,263,589,852,483,275.0,153,86,90,415,423,2128,43.0,42,28,9,22,43,41,40,26,25,25,22,40,40,27,25,42,39,37,2,39,40,3,5,41,40,21,41.0,41.0,19.3,11.9,12.9,78.9,7.3,192.1,21.6,115.8,74.4,14.9,12.2,111.3,14.3,51.9,55.2,0.964,60.7,26.2,140.8,0.259,12.3,13.0,-3.4,31.6
OKC,4.2,37.3,35.0,41.2,46.8,48.7,30.1,11.8,11.4,11.7,38.9,60.7,37.9,2.186,75.6,0.455,25.9,103.5,2.6,0.793,41.6,55.1,24.0,0.592,10.8,20.2,20.8,106,0.99,20.7,74.4,78.2,0.1,50.2,1.531,45.4,40.0,81.4,0.637,17.6,59.7,18.9,11.8,33.4,6.6,3.1,18.3,16.5,17.5,58.0,1.9,0.275,6.5,6.0,131.2,92.0,30.2,6.8,1.149,9.3,17.91,171.2,57.9,0.2,36.5,1610612760,Oklahoma City Thunder,25,21,4,0.84,1156.0,846.0,2013.0,0.42,318.0,909.0,0.35,484.0,611.0,0.792,262.0,775.0,1037.0,548.0,477.0,205.0,104.0,124.0,551.0,546.0,2494.0,-303.0,15,9,1,1,15,16,28,2,32,30,25,29,28,34,23,29,27,22,14,22,16,17,28,15,25,3,7.8,50.4,55.2,23.8,17.025,26.4,-0.1,43.7,185.5,34.3,47.5,10.4,0.4,4.9,41.8,8.3,1.737,161.5,15.9,1.037,19.5,27.1,0.235,55.0,54.2,18.5,17.3,6.7,17.3,5.7,51.2,53.1,30.6,5.0,9.8,51.0,1.39,52.3,5.3,25.9,118.9,109.5,25.6,27.6,0.232,4.6,0.208,0.2,11.6,86.6,0.546,27.8,49.1,43.5,58.8,11.6,1610612760,Oklahoma City Thunder,25,21,4,0.84,1156.0,1006,2128,0.473,307,883,0.348,478,581,0.823,246,808,1054,599,361.0,280,124,104,546,551,2797,303.0,15,9,1,1,15,14,14,8,11,17,20,18,22,3,28,14,15,17,22,13,17,16,29,16,14,3,37.7,44.9,18.9,10.4,15.0,77.7,9.0,197.0,21.6,116.2,78.2,14.8,16.1,107.3,16.7,51.8,54.0,0.946,60.7,24.4,144.7,0.25,13.9,13.3,-11.6,33.7
ORL,-0.4,32.4,31.6,40.9,48.9,53.2,25.9,14.0,14.1,12.2,31.2,53.0,35.1,1.629,74.7,0.571,25.5,99.4,-0.4,0.489,33.2,61.6,22.6,0.599,11.2,20.2,12.7,88,0.971,21.8,77.1,73.6,0.1,51.5,1.567,50.4,34.1,77.0,0.597,17.7,54.1,20.1,13.6,33.0,7.8,-0.3,20.2,18.2,18.6,51.8,0.7,0.291,7.2,7.0,128.1,85.8,25.7,7.7,1.055,8.8,18.301,155.7,60.1,0.5,31.5,1610612753,Orlando Magic,21,9,12,0.429,973.0,804.0,1763.0,0.456,229.0,651.0,0.352,424.0,558.0,0.76,230.0,634.0,864.0,466.0,332.0,192.0,104.0,116.0,479.0,475.0,2261.0,-7.0,25,33,20,29,27,9,10,22,1,1,27,19,21,9,8,10,8,3,31,15,16,20,16,31,8,24,8.9,45.5,53.3,23.6,17.787,27.5,-0.1,38.1,179.1,36.4,44.4,8.7,0.4,4.4,45.4,13.6,1.765,156.4,13.7,1.061,20.3,26.0,0.268,50.9,50.9,18.2,17.2,-0.8,15.9,5.9,53.7,51.5,27.1,0.3,-1.2,53.1,1.422,50.8,5.2,22.8,104.9,114.0,22.9,26.4,0.228,4.0,0.511,0.2,-0.6,81.3,0.429,26.1,49.9,46.7,59.1,9.1,1610612753,Orlando Magic,21,9,12,0.429,973.0,778,1720,0.452,229,685,0.334,483,600,0.805,238,680,918,476,347.0,187,116,104,475,479,2268,7.0,25,33,20,29,27,39,37,21,40,37,30,17,18,7,29,24,25,38,18,29,20,16,13,28,36,24,38.0,38.4,20.8,12.7,14.7,77.0,8.0,178.5,23.0,108.5,73.6,16.9,14.6,105.5,16.0,48.7,53.8,0.932,58.5,25.3,127.8,0.23,11.1,11.4,0.6,30.7
PHI,-1.7,36.9,34.7,42.6,51.3,56.3,27.7,13.6,13.4,12.6,37.6,55.2,37.2,1.702,76.6,0.474,28.5,101.3,-0.8,0.293,38.1,56.7,28.3,0.584,10.4,19.0,9.6,82,0.968,18.8,71.8,71.3,0.6,49.2,1.713,48.6,42.7,78.0,0.667,17.5,54.0,18.7,16.1,34.0,7.3,-1.6,18.4,16.7,16.8,53.9,-1.9,0.245,5.1,6.7,144.1,87.4,27.3,7.4,1.082,7.8,16.632,157.7,62.9,0.3,34.1,1610612755,Philadelphia 76ers,23,13,10,0.565,1049.998333,876.0,1936.0,0.452,294.0,831.0,0.354,398.0,525.0,0.758,246.0,693.0,939.0,546.0,349.0,192.0,121.0,144.0,536.0,490.0,2444.0,-5.0,18,19,15,19,19,23,24,19,26,24,29,9,12,7,15,20,20,21,26,15,26,10,26,25,23,25,8.3,46.7,53.7,21.2,17.318,29.2,-0.2,39.7,197.4,37.8,45.4,9.2,0.2,5.1,50.5,16.2,2.162,169.2,15.7,1.143,18.7,28.9,0.257,52.7,53.3,16.9,14.5,-2.5,16.0,4.5,57.0,57.4,27.5,-3.5,-4.2,57.2,1.767,48.1,5.9,23.2,109.6,119.6,28.2,28.5,0.279,1.2,0.707,0.7,-6.2,86.8,0.526,26.6,47.4,48.8,57.4,11.5,1610612755,Philadelphia 76ers,23,13,10,0.565,1049.998333,858,1918,0.447,274,771,0.355,459,592,0.775,274,689,963,510,357.0,181,144,121,490,536,2449,5.0,18,19,15,19,19,24,20,25,24,27,13,20,20,23,22,21,22,32,20,34,10,26,18,18,21,25,42.4,43.3,20.1,12.2,14.2,79.4,8.1,180.9,22.5,111.7,81.6,16.0,13.6,115.8,15.8,49.2,57.7,0.956,59.8,23.4,132.8,0.229,12.7,14.2,6.2,29.4
PHX,-0.5,36.5,37.9,44.0,52.0,56.8,27.5,14.1,13.9,12.5,38.4,56.3,38.0,1.975,77.4,0.526,28.1,100.9,-0.3,0.439,43.0,57.4,27.3,0.673,9.5,17.9,10.9,82,0.955,19.4,74.1,77.6,0.9,47.3,1.752,48.7,42.5,81.0,0.64,16.8,53.8,18.4,17.1,32.7,8.4,-1.7,18.2,16.7,16.0,56.4,-0.5,0.242,5.3,7.7,143.9,86.3,28.8,8.5,1.126,7.0,17.092,163.5,60.5,0.3,37.8,1610612756,Phoenix Suns,21,12,9,0.571,973.0,810.0,1760.0,0.46,247.0,737.0,0.335,409.0,525.0,0.779,246.0,601.0,847.0,521.0,372.0,201.0,102.0,92.0,432.0,502.0,2276.0,-83.0,25,23,9,17,27,11,9,29,8,14,16,15,12,21,15,6,7,11,20,20,12,37,5,22,11,16,7.4,42.2,55.6,21.8,16.669,29.3,-0.1,41.2,195.1,37.0,47.8,7.2,0.2,4.0,49.3,13.9,2.016,167.8,12.7,1.156,17.8,30.5,0.241,56.1,51.2,17.2,14.8,-0.7,12.2,4.8,55.2,58.6,28.9,-2.2,-2.4,54.9,2.233,49.9,4.7,27.8,113.6,116.1,25.9,27.7,0.27,-3.8,0.561,1.0,-3.0,90.1,0.474,27.7,49.3,47.3,56.0,11.5,1610612756,Phoenix Suns,21,12,9,0.571,973.0,850,1814,0.469,300,798,0.376,359,456,0.787,275,618,893,528,365.0,228,92,102,502,432,2359,83.0,25,23,9,17,27,28,27,14,16,22,4,39,38,17,21,37,31,27,23,16,37,12,22,39,27,16,42.6,42.6,18.8,12.7,10.9,79.0,6.4,191.2,20.8,118.2,78.5,14.8,12.0,116.6,12.1,50.3,57.0,0.993,60.7,22.6,141.4,0.275,14.3,14.2,3.0,32.9
POR,-2.0,33.5,34.9,41.8,50.4,57.8,27.3,16.0,15.5,15.0,35.2,53.8,37.7,1.491,70.8,0.625,28.3,102.9,0.4,0.439,38.7,60.2,26.2,0.587,13.4,19.0,11.8,82,0.975,19.6,72.5,77.1,0.5,49.9,1.906,50.7,38.1,76.2,0.63,16.9,55.3,19.3,17.5,32.3,9.3,-0.1,18.7,16.6,16.5,56.6,-1.1,0.255,6.0,8.2,140.0,90.2,29.4,9.5,1.077,8.6,17.474,164.2,60.4,0.1,34.2,1610612757,Portland Trail Blazers,21,10,11,0.476,973.0,852.0,1822.0,0.468,243.0,702.0,0.346,463.0,576.0,0.804,267.0,640.0,907.0,524.0,362.0,228.0,129.0,107.0,503.0,495.0,2410.0,-2.0,25,28,18,27,27,17,16,33,4,5,23,24,22,39,25,11,16,13,24,29,29,27,22,24,19,26,8.5,48.8,52.7,22.5,16.42,28.5,-0.1,40.5,192.9,36.1,45.0,8.3,0.3,5.5,48.5,15.0,1.836,166.7,15.8,1.106,18.5,29.5,0.246,52.1,52.9,18.0,15.8,-1.6,15.5,5.3,54.3,57.8,26.5,-1.2,-1.8,54.4,1.689,53.3,6.1,23.8,110.9,115.1,27.5,26.9,0.254,1.0,0.561,0.6,-3.0,88.3,0.375,27.2,50.2,47.1,58.2,11.9,1610612757,Portland Trail Blazers,21,10,11,0.476,973.0,843,1895,0.445,286,863,0.331,440,547,0.804,292,617,909,527,357.0,189,107,129,495,503,2412,2.0,25,28,18,27,27,29,21,28,23,19,33,23,27,8,16,38,27,29,20,28,27,29,20,22,24,26,41.6,39.8,19.1,13.7,13.5,79.9,7.2,188.0,22.2,110.1,79.1,15.2,13.5,113.9,15.1,49.0,55.4,0.965,58.9,29.2,134.7,0.231,12.9,12.7,3.0,31.4
SAC,-0.8,37.8,32.7,39.1,50.6,54.0,29.3,13.4,13.1,12.2,38.1,57.9,35.2,1.975,74.6,0.423,27.4,102.3,0.3,0.482,37.8,56.6,27.0,0.614,11.0,18.9,12.7,83,0.977,20.0,76.9,78.4,1.1,52.6,1.898,46.9,43.6,80.5,0.65,17.0,60.8,18.4,13.3,32.3,7.7,0.5,18.0,16.3,16.8,56.7,0.3,0.256,5.0,7.0,142.3,90.0,29.0,7.9,1.13,7.8,17.238,167.6,59.7,0.3,35.8,1610612758,Sacramento Kings,22,8,14,0.364,1008.0,904.0,1870.0,0.483,268.0,800.0,0.335,421.0,533.0,0.79,234.0,725.0,959.0,573.0,323.0,185.0,98.0,81.0,460.0,463.0,2497.0,164.0,22,36,24,32,24,26,21,40,18,22,15,18,14,32,9,25,23,26,32,11,11,41,11,33,26,35,7.8,47.8,55.4,22.5,16.614,29.4,0.0,43.0,192.4,38.2,47.8,7.5,0.3,4.3,47.2,13.3,1.678,165.4,14.3,1.127,18.5,28.5,0.235,54.8,50.1,17.6,15.3,-0.4,13.9,4.3,55.7,55.9,28.6,0.7,0.0,54.4,1.949,52.0,4.8,26.4,115.6,117.2,23.2,29.0,0.264,1.5,0.518,1.1,0.3,87.7,0.577,27.7,50.9,47.4,60.9,10.0,1610612758,Sacramento Kings,22,8,14,0.364,1008.0,854,1828,0.467,243,679,0.358,382,516,0.74,199,655,854,547,330.0,185,81,98,463,460,2333,-164.0,22,36,24,32,24,25,26,15,35,38,10,36,34,39,40,28,37,24,11,31,41,11,10,33,29,35,41.6,43.4,18.6,11.8,12.3,78.5,6.7,194.0,21.1,115.5,77.1,14.7,11.9,115.3,13.5,51.5,58.3,0.962,60.2,25.4,142.0,0.258,12.6,14.5,-0.3,33.2
SAS,-1.4,36.9,37.2,44.1,50.8,59.0,27.6,13.9,13.5,12.4,39.3,55.1,39.6,2.063,75.7,0.409,28.5,102.8,-1.1,0.415,42.4,57.5,28.0,0.685,10.9,16.6,11.8,82,0.971,16.1,73.0,80.2,0.2,48.6,1.972,50.5,43.1,77.4,0.639,16.2,55.3,17.4,15.5,34.1,7.9,0.0,16.9,15.3,14.5,58.6,-0.2,0.2,6.0,7.1,144.7,89.8,30.3,8.1,1.108,7.6,14.247,165.5,61.9,0.3,35.7,1610612759,San Antonio Spurs,23,16,7,0.696,1047.0,829.0,1893.0,0.438,291.0,796.0,0.366,414.0,542.0,0.764,225.0,649.0,874.0,532.0,344.0,197.0,104.0,115.0,482.0,515.0,2363.0,-131.0,18,11,5,6,20,12,23,11,24,21,35,16,15,10,6,15,9,17,28,18,16,21,17,19,14,9,7.9,47.8,55.1,18.5,15.801,28.9,0.0,41.8,198.4,36.5,46.5,8.2,0.4,4.3,50.5,15.3,1.92,170.4,16.2,1.135,16.2,30.3,0.234,54.4,53.8,14.6,12.6,-2.5,13.7,5.5,55.1,58.8,27.5,-0.2,-2.5,55.4,2.048,51.6,4.8,28.6,113.9,115.2,27.0,28.7,0.272,-1.4,0.585,0.2,-2.8,92.5,0.591,28.3,49.0,47.4,55.9,12.1,1610612759,San Antonio Spurs,23,16,7,0.696,1047.0,890,1866,0.477,295,810,0.364,419,531,0.789,234,746,980,552,382.0,186,115,104,515,482,2494,131.0,18,11,5,6,20,17,23,6,18,20,9,27,31,16,30,17,19,23,26,30,21,16,25,27,20,9,43.8,42.5,18.5,12.2,11.9,79.0,7.2,194.1,21.0,114.2,81.8,14.3,13.8,116.7,13.3,49.8,57.6,0.985,60.3,24.3,142.6,0.279,14.1,14.4,2.8,32.7
TOR,-1.5,34.3,32.0,37.3,50.6,56.0,27.3,15.3,14.8,15.1,37.7,54.6,34.0,1.862,72.7,0.381,28.3,103.8,-0.7,0.366,35.5,57.3,25.9,0.685,12.6,21.2,11.1,82,0.974,21.9,73.9,82.0,0.5,53.8,2.238,48.7,39.5,74.8,0.629,15.8,59.6,18.1,16.2,33.5,8.8,-1.1,17.4,15.5,18.4,55.8,-0.8,0.286,4.8,7.9,141.1,91.0,28.3,9.2,1.068,8.9,18.908,164.4,60.5,0.2,34.8,1610612761,Toronto Raptors,21,15,6,0.714,967.983333,774.0,1710.0,0.453,236.0,736.0,0.321,472.0,598.0,0.789,241.0,641.0,882.0,488.0,401.0,176.0,118.0,94.0,467.0,510.0,2256.0,-157.0,25,14,3,4,34,6,7,20,3,13,6,26,25,30,12,12,11,6,16,9,25,36,12,20,7,6,8.4,53.3,52.3,25.2,15.197,28.7,-0.3,41.6,195.0,34.9,45.8,8.1,0.3,5.9,49.8,15.0,1.769,169.1,18.1,1.109,20.4,29.4,0.232,52.2,53.9,19.6,17.0,-2.2,15.1,4.2,54.1,57.6,27.3,-1.8,-3.3,55.4,1.716,53.5,6.5,28.5,110.9,114.8,26.1,28.1,0.249,0.9,0.634,0.7,-4.3,88.3,0.619,27.5,49.8,46.6,62.7,11.5,1610612761,Toronto Raptors,21,15,6,0.714,967.983333,870,1777,0.49,243,679,0.358,430,569,0.756,218,635,853,588,317.0,213,94,118,510,467,2413,157.0,25,14,3,4,34,21,33,2,35,38,10,25,25,34,37,32,38,19,8,17,36,25,24,32,23,6,41.2,42.7,18.1,13.2,13.1,77.8,7.0,192.9,21.1,109.8,79.8,14.2,12.3,115.2,14.5,49.1,56.8,0.965,58.3,27.3,139.4,0.275,11.8,13.2,4.3,32.5
UTA,-2.0,36.8,37.4,44.9,52.5,59.4,26.9,17.2,16.5,16.2,41.5,54.5,39.8,1.482,73.1,0.25,30.3,104.2,-2.2,0.207,41.9,55.4,29.6,0.633,12.0,18.9,9.5,82,0.95,19.5,74.1,80.0,0.6,47.1,2.072,49.0,44.6,77.4,0.665,17.3,52.7,19.3,19.4,32.6,9.4,-3.1,18.5,16.6,16.3,56.8,-2.0,0.243,4.7,8.4,150.9,88.7,28.4,9.8,1.074,8.5,16.529,166.3,63.1,0.3,35.0,1610612762,Utah Jazz,23,9,14,0.391,1057.0,950.0,1997.0,0.476,324.0,899.0,0.36,438.0,554.0,0.791,259.0,705.0,964.0,626.0,363.0,217.0,134.0,87.0,566.0,538.0,2662.0,120.0,18,33,24,31,18,29,26,39,34,28,33,20,18,33,22,22,24,29,23,26,31,38,29,17,29,34,9.0,47.8,54.0,22.6,16.635,29.5,-0.1,40.3,203.6,35.8,45.4,6.8,0.3,6.4,52.4,18.2,1.988,173.9,14.0,1.164,18.1,31.5,0.252,53.3,52.7,17.2,14.2,-4.2,11.8,4.4,55.9,61.8,27.5,-5.0,-7.3,57.7,2.509,54.5,7.2,25.5,111.9,116.9,25.9,29.2,0.284,-5.1,0.793,0.7,-9.3,93.0,0.75,28.4,50.8,48.0,55.1,11.7,1610612762,Utah Jazz,23,9,14,0.391,1057.0,871,1975,0.441,306,914,0.335,494,619,0.798,292,712,1004,596,403.0,190,87,134,538,566,2542,-120.0,18,33,24,31,18,20,18,30,13,13,29,16,16,12,16,20,18,18,29,25,38,31,27,14,18,34,44.6,44.6,19.3,14.8,10.2,76.3,5.8,191.9,22.4,112.7,82.3,15.5,11.2,121.2,11.3,48.4,58.7,0.999,62.1,26.9,137.4,0.245,14.0,14.9,9.3,33.4
WAS,-3.1,35.5,36.4,43.5,52.1,58.9,26.7,15.6,14.9,14.3,39.2,54.3,39.1,1.613,77.3,0.714,28.6,104.6,-3.2,0.22,39.3,57.8,28.5,0.637,10.6,19.7,7.5,82,0.952,20.1,71.9,77.1,0.3,48.7,2.104,48.9,42.8,77.8,0.651,16.0,52.6,18.2,17.5,36.0,8.7,-4.0,17.4,15.8,16.8,53.5,-2.0,0.255,5.5,7.9,148.9,89.9,26.8,9.1,1.033,8.2,17.96,160.0,60.7,0.3,33.5,1610612764,Washington Wizards,20,3,17,0.15,929.983333,853.0,1805.0,0.473,285.0,766.0,0.372,398.0,518.0,0.768,273.0,701.0,974.0,548.0,275.0,216.0,113.0,107.0,378.0,454.0,2389.0,288.0,36,42,32,42,38,18,14,37,22,18,39,9,10,15,27,21,25,22,41,25,23,27,1,36,17,41,8.3,46.2,51.9,23.7,15.336,30.6,-0.1,39.4,206.0,36.4,43.9,7.6,0.3,5.2,51.3,20.2,1.92,177.5,16.0,1.152,18.9,30.9,0.229,51.2,57.1,18.8,15.6,-6.3,13.3,5.1,54.8,59.5,27.5,-6.1,-10.3,54.9,2.135,52.0,5.8,25.1,108.0,115.7,28.1,29.9,0.272,-4.6,0.781,0.4,-12.4,92.8,0.286,26.6,47.7,47.1,56.5,12.9,1610612764,Washington Wizards,20,3,17,0.15,929.983333,770,1710,0.45,244,698,0.35,317,428,0.741,195,626,821,460,335.0,153,107,113,454,378,2101,-288.0,36,42,32,42,38,40,38,22,34,36,18,42,42,38,41,36,40,40,14,39,27,23,8,43,41,41,43.7,42.2,17.9,13.5,11.3,79.3,6.5,185.1,20.6,108.3,85.5,14.8,12.7,120.4,12.7,46.6,60.5,0.996,57.8,22.7,133.1,0.24,13.1,14.3,12.4,33.1
