Rk,Player,Age,Team,Pos,G,GS,MP,PER,TS%,3PAr,FTr,ORB%,DRB%,TRB%,AST%,STL%,BLK%,TOV%,USG%,OWS,DWS,WS,WS/48,OBPM,DBPM,BPM,VORP
1.0,Tyrese Maxey,25.0,PHI,PG,15.0,15.0,610.0,24.9,0.618,0.413,0.35,0.9,12.2,6.5,33.0,1.9,2.1,9.4,30.7,2.2,0.6,2.8,0.219,6.9,0.7,7.6,1.5
2.0,Trey Murphy III,25.0,NOP,SF,16.0,16.0,569.0,18.3,0.624,0.539,0.272,4.3,16.3,9.8,13.2,2.5,0.7,11.3,21.5,1.1,0.2,1.3,0.109,2.8,-1.0,1.7,0.5
3.0,Franz Wagner,24.0,ORL,SF,16.0,16.0,568.0,18.5,0.578,0.288,0.465,5.6,14.1,10.0,16.9,1.5,1.1,9.0,25.6,1.1,0.7,1.8,0.156,1.8,0.0,1.8,0.5
4.0,Shai Gilgeous-Alexander,27.0,OKC,PG,17.0,17.0,565.0,32.7,0.661,0.276,0.463,1.6,14.1,8.2,34.8,2.1,2.7,7.0,33.6,3.1,1.3,4.4,0.37,9.6,3.2,12.9,2.1
5.0,Devin Booker,29.0,PHO,SG,16.0,16.0,565.0,19.9,0.599,0.292,0.396,3.4,9.8,6.6,32.2,1.3,0.7,15.4,31.3,1.3,0.4,1.7,0.147,2.8,-1.8,1.0,0.4
6.0,VJ Edgecombe,20.0,PHI,SG,15.0,15.0,560.0,11.8,0.503,0.38,0.176,6.1,11.9,8.9,16.1,1.6,1.1,11.1,19.6,0.2,0.5,0.7,0.057,-1.7,-0.6,-2.3,0.0
7.0,Toumani Camara,25.0,POR,PF,16.0,16.0,553.0,9.2,0.526,0.606,0.128,6.3,10.0,8.1,10.6,1.4,1.3,15.5,15.9,0.1,0.2,0.3,0.026,-1.9,-1.3,-3.2,-0.2
8.0,Deni Avdija,25.0,POR,SF,16.0,16.0,550.0,20.6,0.625,0.394,0.482,3.9,18.1,10.6,25.8,0.8,2.0,14.6,27.7,1.4,0.3,1.7,0.152,4.7,-0.7,4.0,0.8
9.0,Evan Mobley,24.0,CLE,PF,16.0,16.0,550.0,17.4,0.559,0.311,0.476,7.8,20.4,13.8,17.2,1.5,4.3,13.6,23.4,0.4,0.8,1.3,0.11,0.8,0.9,1.7,0.5
10.0,Cooper Flagg,19.0,DAL,PG,16.0,16.0,537.0,13.7,0.546,0.286,0.24,3.5,16.0,9.9,15.9,1.8,1.7,12.7,21.3,-0.1,0.8,0.8,0.067,-2.2,0.7,-1.5,0.1
11.0,Lauri Markkanen,28.0,UTA,PF,15.0,15.0,536.0,23.2,0.631,0.45,0.34,6.9,11.9,9.3,10.8,1.4,1.3,5.3,28.4,1.8,0.1,1.9,0.173,6.9,-2.0,4.9,0.9
12.0,Julius Randle,31.0,MIN,PF,16.0,16.0,531.0,24.0,0.636,0.309,0.452,4.9,18.8,12.1,27.4,1.7,0.5,11.7,27.7,1.8,0.7,2.5,0.225,5.2,0.5,5.7,1.0
13.0,Brandon Ingram,28.0,TOR,SF,16.0,16.0,529.0,17.2,0.599,0.27,0.357,2.2,16.9,9.8,17.4,1.4,2.2,13.7,26.1,0.5,0.7,1.2,0.107,0.5,-0.2,0.3,0.3
14.0,Miles Bridges,27.0,CHO,PF,15.0,15.0,529.0,17.6,0.566,0.509,0.257,3.8,18.2,11.0,17.0,1.0,1.3,7.2,24.8,1.0,0.3,1.3,0.118,2.7,-1.4,1.3,0.4
15.0,Dyson Daniels,22.0,ATL,SG,16.0,16.0,528.0,12.3,0.508,0.115,0.169,6.0,13.7,9.9,22.5,3.4,1.2,20.9,14.2,0.1,0.8,0.8,0.077,-2.6,2.1,-0.5,0.2
16.0,Pascal Siakam,31.0,IND,PF,15.0,15.0,527.0,18.9,0.56,0.295,0.413,4.2,17.2,10.3,25.8,1.5,1.0,10.0,28.4,0.6,0.4,1.0,0.087,2.9,-0.7,2.3,0.6
17.0,DeMar DeRozan,36.0,SAC,PF,16.0,16.0,526.0,16.1,0.584,0.164,0.347,1.9,8.9,5.2,16.3,1.8,0.4,5.8,21.0,0.8,0.1,0.9,0.083,-0.1,-1.1,-1.2,0.1
18.0,Derrick White,31.0,BOS,SG,16.0,16.0,526.0,14.4,0.467,0.566,0.172,2.6,10.1,6.2,22.4,2.6,3.7,7.7,23.1,0.2,0.7,0.9,0.085,0.2,1.1,1.4,0.4
19.0,Desmond Bane,27.0,ORL,SG,16.0,16.0,525.0,12.8,0.539,0.35,0.235,3.7,11.5,7.7,21.2,1.1,0.8,13.2,23.1,0.2,0.6,0.8,0.074,-1.3,-0.6,-1.9,0.0
20.0,Nikola Jokić,30.0,DEN,C,15.0,15.0,522.0,36.7,0.733,0.284,0.393,11.0,28.9,20.6,51.8,2.3,2.1,15.2,29.0,3.4,1.1,4.5,0.412,12.4,5.8,18.2,2.7
21.0,Scottie Barnes,24.0,TOR,PF,16.0,16.0,521.0,20.8,0.589,0.239,0.198,6.9,19.0,13.1,22.6,2.2,4.8,11.4,24.2,0.9,0.9,1.8,0.164,2.5,2.0,4.5,0.9
22.0,Brandin Podziemski,22.0,GSW,SG,18.0,8.0,517.0,12.8,0.566,0.489,0.253,1.9,16.0,8.8,15.3,2.0,0.9,10.4,18.0,0.4,0.6,1.0,0.091,-1.4,0.4,-1.0,0.1
23.0,Payton Pritchard,28.0,BOS,PG,16.0,16.0,517.0,15.9,0.567,0.605,0.186,3.3,11.1,7.1,22.1,1.1,0.0,8.6,21.0,1.1,0.4,1.5,0.138,1.6,-0.7,0.9,0.4
24.0,Max Christie,22.0,DAL,SG,17.0,14.0,516.0,12.3,0.655,0.641,0.209,0.2,11.7,6.0,11.8,0.9,1.4,10.7,15.1,0.6,0.6,1.2,0.109,-0.5,0.4,-0.1,0.2
25.0,Alperen Şengün,23.0,HOU,C,14.0,14.0,516.0,21.7,0.573,0.167,0.433,9.3,20.8,15.2,28.9,1.6,2.5,15.0,26.1,1.3,0.7,2.0,0.189,4.6,1.3,5.9,1.0
26.0,Jaylen Brown,29.0,BOS,SF,16.0,16.0,513.0,21.6,0.589,0.274,0.308,3.1,16.3,9.5,23.0,1.4,1.0,13.1,35.6,0.7,0.6,1.3,0.119,3.4,-0.4,3.0,0.7
27.0,Keyonte George,22.0,UTA,PG,15.0,15.0,513.0,17.5,0.587,0.402,0.443,1.9,10.7,6.2,33.3,1.4,0.8,14.9,27.1,0.9,0.1,1.0,0.093,2.0,-2.0,0.0,0.3
28.0,Donovan Mitchell,29.0,CLE,SG,15.0,15.0,511.0,24.4,0.648,0.507,0.352,2.4,13.2,7.6,27.1,2.0,1.1,12.7,32.2,1.4,0.6,2.0,0.191,6.6,0.5,7.1,1.2
29.0,Amen Thompson,23.0,HOU,SF,14.0,14.0,510.0,16.2,0.533,0.158,0.272,7.6,11.8,9.8,19.2,2.1,1.2,12.1,20.8,0.8,0.6,1.4,0.129,0.5,0.3,0.8,0.4
30.0,Rudy Gobert,33.0,MIN,C,16.0,16.0,509.0,15.7,0.704,0.0,0.515,12.5,21.9,17.4,7.3,0.7,4.8,19.8,12.5,0.8,0.7,1.6,0.149,-1.1,0.4,-0.7,0.2
31.0,Immanuel Quickley,26.0,TOR,PG,16.0,16.0,507.0,17.1,0.604,0.536,0.224,1.8,13.9,8.1,25.9,2.1,0.2,11.0,19.7,1.0,0.6,1.6,0.152,2.0,0.5,2.5,0.6
32.0,RJ Barrett,25.0,TOR,SF,16.0,16.0,505.0,17.3,0.598,0.367,0.323,2.8,14.6,8.9,17.9,1.1,0.8,8.4,23.9,0.9,0.5,1.4,0.134,1.5,-0.7,0.7,0.3
33.0,Ryan Rollins,23.0,MIL,PG,16.0,15.0,505.0,18.3,0.62,0.398,0.158,2.7,11.1,6.9,27.6,2.5,0.6,14.5,23.8,0.8,0.4,1.3,0.12,1.7,-0.2,1.4,0.4
34.0,Kevin Durant,37.0,HOU,SF,14.0,14.0,505.0,18.1,0.61,0.277,0.42,0.9,13.5,7.3,13.5,1.4,1.8,13.0,26.4,1.1,0.5,1.6,0.152,1.6,-0.4,1.1,0.4
35.0,Jimmy Butler,36.0,GSW,SF,16.0,16.0,503.0,24.3,0.658,0.176,0.69,8.3,11.7,10.0,24.5,2.7,0.9,9.3,22.6,2.1,0.6,2.7,0.258,5.0,0.9,5.9,1.0
36.0,Kon Knueppel,20.0,CHO,SF,15.0,14.0,502.0,14.8,0.624,0.605,0.171,3.8,17.0,10.4,13.8,1.2,0.5,14.4,21.2,0.6,0.2,0.8,0.078,1.2,-1.4,-0.2,0.2
37.0,P.J. Washington,27.0,DAL,PF,16.0,16.0,501.0,12.2,0.53,0.367,0.352,3.8,21.6,12.8,11.7,1.5,3.0,16.0,22.4,-0.6,0.9,0.3,0.028,-3.1,0.8,-2.4,0.0
38.0,James Harden,36.0,LAC,PG,14.0,14.0,501.0,23.8,0.632,0.56,0.473,2.1,17.4,10.0,40.8,1.4,1.3,15.8,30.6,1.5,0.3,1.7,0.168,6.6,-0.6,5.9,1.0
39.0,Devin Vassell,25.0,SAS,SG,15.0,15.0,498.0,10.6,0.531,0.566,0.137,1.4,10.5,6.2,10.5,1.6,0.9,8.1,18.0,0.2,0.6,0.8,0.073,-1.9,-0.3,-2.2,0.0
40.0,Andrew Wiggins,30.0,MIA,SF,15.0,15.0,496.0,12.9,0.56,0.356,0.178,4.8,10.1,7.6,11.6,1.6,2.6,11.8,20.7,0.0,0.6,0.7,0.065,-0.8,0.6,-0.2,0.2
41.0,Donte DiVincenzo,29.0,MIN,SG,16.0,16.0,493.0,14.1,0.613,0.761,0.27,3.0,10.6,6.9,15.3,1.8,1.5,11.9,17.2,0.8,0.6,1.4,0.132,0.9,0.2,1.1,0.4
42.0,Mikal Bridges,29.0,NYK,SF,14.0,14.0,491.0,18.6,0.618,0.474,0.158,3.5,10.7,6.8,19.6,2.8,3.6,7.6,16.4,1.2,0.7,1.9,0.188,3.2,2.4,5.6,0.9
43.0,Jamal Murray,28.0,DEN,PG,14.0,14.0,488.0,19.6,0.591,0.402,0.242,1.7,13.0,7.8,27.1,1.7,0.8,11.5,26.6,1.0,0.6,1.6,0.158,2.9,-0.6,2.4,0.5
44.0,Wendell Carter Jr.,26.0,ORL,C,16.0,16.0,486.0,14.4,0.647,0.359,0.445,11.0,16.7,14.0,9.8,1.1,2.3,16.8,16.0,0.8,0.7,1.5,0.144,-0.6,0.5,-0.2,0.2
45.0,Herbert Jones,27.0,NOP,SF,16.0,16.0,484.0,8.0,0.503,0.489,0.163,3.2,11.3,6.9,10.9,2.3,0.9,14.7,15.3,-0.2,0.1,-0.1,-0.012,-4.2,-1.1,-5.3,-0.4
46.0,Jaime Jaquez Jr.,24.0,MIA,SF,16.0,0.0,483.0,16.7,0.57,0.143,0.3,5.1,17.0,11.4,24.9,1.1,0.8,12.2,21.9,0.7,0.6,1.3,0.128,0.6,1.1,1.6,0.4
47.0,Dennis Schröder,32.0,SAC,PG,16.0,12.0,483.0,10.4,0.477,0.403,0.173,1.6,12.3,6.7,27.2,1.5,0.8,14.2,21.0,-0.4,0.1,-0.4,-0.036,-2.4,-1.9,-4.3,-0.3
48.0,Duncan Robinson,31.0,DET,SF,15.0,15.0,482.0,11.3,0.627,0.78,0.17,1.6,7.7,4.7,8.1,1.3,1.0,6.8,13.8,0.8,0.5,1.3,0.126,-0.2,-0.1,-0.3,0.2
49.0,Davion Mitchell,27.0,MIA,PG,16.0,16.0,479.0,13.1,0.593,0.359,0.198,1.3,7.1,4.4,30.7,1.9,0.2,14.9,14.1,0.8,0.5,1.3,0.128,-0.9,1.2,0.3,0.3
50.0,Isaiah Hartenstein,27.0,OKC,C,17.0,17.0,478.0,21.6,0.707,0.031,0.323,14.1,27.6,21.1,17.6,2.3,2.3,19.9,16.7,1.3,1.3,2.6,0.259,1.4,2.7,4.1,0.7
51.0,Myles Turner,29.0,MIL,C,16.0,16.0,478.0,14.4,0.581,0.59,0.224,4.5,19.9,12.2,8.0,1.9,5.1,10.9,17.5,0.3,0.6,0.9,0.088,-0.3,0.6,0.2,0.3
52.0,Quentin Grimes,25.0,PHI,SG,15.0,0.0,477.0,14.8,0.631,0.564,0.378,1.2,12.1,6.5,18.8,1.4,1.5,16.6,21.1,0.6,0.4,1.0,0.101,0.6,-0.4,0.2,0.3
53.0,Jaden McDaniels,25.0,MIN,PF,15.0,15.0,476.0,16.7,0.645,0.291,0.225,4.1,11.6,8.0,10.7,1.8,3.4,12.3,20.1,0.8,0.6,1.4,0.14,0.4,0.6,1.0,0.4
54.0,Ajay Mitchell,23.0,OKC,SG,17.0,5.0,475.0,17.0,0.547,0.286,0.277,2.9,11.9,7.6,19.9,3.0,1.3,11.2,25.2,0.4,1.1,1.5,0.148,-1.1,1.7,0.7,0.3
55.0,Royce O'Neale,32.0,PHO,SF,16.0,12.0,475.0,12.7,0.627,0.826,0.069,3.8,16.4,10.1,13.0,1.9,0.4,13.9,15.0,0.6,0.5,1.2,0.119,0.7,0.1,0.8,0.3
56.0,Rui Hachimura,27.0,LAL,PF,14.0,14.0,475.0,13.0,0.67,0.372,0.207,2.9,10.0,6.6,5.1,0.9,0.6,9.2,15.7,0.7,0.3,1.0,0.102,0.4,-1.6,-1.2,0.1
57.0,Ivica Zubac,28.0,LAC,C,15.0,15.0,473.0,19.7,0.628,0.0,0.233,12.9,27.9,20.6,10.8,0.8,2.9,13.7,20.4,0.8,0.4,1.2,0.124,0.9,-1.4,-0.4,0.2
58.0,Jalen Johnson,24.0,ATL,SF,14.0,14.0,472.0,23.4,0.663,0.22,0.337,3.6,27.4,15.8,30.3,2.5,0.8,15.8,25.0,1.1,0.8,1.9,0.195,3.8,1.9,5.7,0.9
59.0,Onyeka Okongwu,25.0,ATL,C,16.0,6.0,469.0,17.6,0.645,0.423,0.303,6.5,20.9,13.9,13.1,1.4,3.3,12.8,20.5,0.8,0.7,1.4,0.145,0.6,0.4,1.0,0.4
60.0,Zach LaVine,30.0,SAC,SG,14.0,14.0,469.0,15.6,0.652,0.483,0.256,0.7,11.2,5.7,10.6,0.8,0.4,12.0,24.1,0.5,0.0,0.5,0.048,1.5,-2.7,-1.2,0.1
61.0,Karl-Anthony Towns,30.0,NYK,C,14.0,14.0,465.0,20.3,0.566,0.366,0.424,9.7,33.6,20.8,15.0,1.4,2.7,12.2,26.6,0.8,0.7,1.5,0.16,1.5,0.1,1.6,0.4
62.0,Nikola Vučević,35.0,CHI,C,15.0,15.0,463.0,16.4,0.58,0.381,0.139,6.4,24.7,16.0,16.6,1.0,1.2,11.2,20.7,0.5,0.4,0.9,0.093,0.8,-0.5,0.3,0.3
63.0,Michael Porter Jr.,27.0,BRK,SF,14.0,14.0,461.0,20.8,0.613,0.471,0.251,3.5,24.7,13.3,18.3,1.2,0.4,9.9,29.2,0.8,0.2,0.9,0.096,4.7,-1.5,3.2,0.6
64.0,Draymond Green,35.0,GSW,PF,16.0,16.0,459.0,8.4,0.502,0.579,0.157,3.3,19.2,11.2,28.7,1.5,2.6,28.3,16.6,-0.5,0.6,0.1,0.014,-3.8,1.2,-2.6,-0.1
65.0,Cason Wallace,22.0,OKC,SG,16.0,16.0,459.0,11.6,0.556,0.562,0.091,2.8,8.1,5.6,11.5,4.0,1.1,13.1,13.6,0.2,1.1,1.3,0.135,-2.8,3.6,0.7,0.3
66.0,A.J. Green,26.0,MIL,SG,16.0,16.0,458.0,10.4,0.721,0.919,0.171,0.2,10.3,5.3,7.8,0.7,0.2,9.8,12.6,0.7,0.2,0.9,0.093,-0.9,-1.3,-2.2,0.0
67.0,Gary Trent Jr.,27.0,MIL,SG,16.0,12.0,453.0,8.8,0.543,0.685,0.126,0.2,5.7,3.0,9.2,1.8,0.2,7.9,15.7,0.0,0.2,0.3,0.027,-3.1,-1.0,-4.2,-0.2
68.0,Harrison Barnes,33.0,SAS,PF,15.0,15.0,452.0,14.3,0.724,0.667,0.228,2.1,9.1,5.8,9.5,1.6,0.8,12.9,14.7,0.9,0.5,1.4,0.148,1.3,0.1,1.4,0.4
69.0,Naji Marshall,28.0,DAL,SF,17.0,1.0,451.0,14.0,0.602,0.368,0.564,2.8,15.8,9.4,13.5,2.0,0.0,11.2,17.3,0.5,0.6,1.2,0.124,-1.6,1.2,-0.5,0.2
70.0,Jarace Walker,22.0,IND,PF,16.0,9.0,450.0,5.7,0.428,0.479,0.252,2.4,17.2,9.3,13.8,0.9,1.4,15.8,19.4,-0.9,0.2,-0.7,-0.072,-5.2,-1.7,-6.9,-0.6
71.0,Russell Westbrook,37.0,SAC,SF,16.0,10.0,449.0,15.1,0.546,0.467,0.261,6.3,22.1,13.9,32.7,1.8,0.4,20.3,23.8,-0.1,0.2,0.1,0.011,1.2,-0.7,0.5,0.3
72.0,Nic Claxton,26.0,BRK,C,15.0,15.0,447.0,20.9,0.614,0.041,0.559,10.5,18.9,14.4,24.4,1.3,4.2,11.3,19.5,1.2,0.2,1.4,0.153,2.3,0.7,3.0,0.6
73.0,Josh Giddey,23.0,CHI,PG,13.0,13.0,441.0,20.3,0.56,0.263,0.38,5.5,24.1,15.3,41.9,1.3,1.1,16.4,26.9,0.7,0.4,1.1,0.115,3.0,0.3,3.3,0.6
74.0,Cade Cunningham,24.0,DET,PG,12.0,12.0,441.0,20.7,0.535,0.301,0.338,3.0,12.7,7.9,42.2,1.8,2.0,12.3,32.4,0.7,0.6,1.4,0.15,3.7,0.3,4.0,0.7
75.0,CJ McCollum,34.0,WAS,SG,15.0,15.0,440.0,13.1,0.533,0.49,0.224,2.4,9.4,5.9,17.2,1.2,0.6,8.7,23.9,0.1,-0.2,0.0,-0.001,-0.4,-3.3,-3.7,-0.2
76.0,Kyshawn George,22.0,WAS,SF,14.0,14.0,438.0,14.0,0.617,0.476,0.229,2.4,17.3,9.9,22.8,1.3,2.7,20.4,22.4,0.1,0.1,0.1,0.012,-0.4,-1.1,-1.5,0.1
77.0,Jaren Jackson Jr.,26.0,MEM,C,15.0,15.0,435.0,13.6,0.58,0.337,0.327,3.6,16.0,9.6,8.4,0.8,4.2,12.2,24.9,0.0,0.4,0.4,0.049,-1.7,-0.2,-1.8,0.0
78.0,Nickeil Alexander-Walker,27.0,ATL,SG,14.0,11.0,435.0,16.6,0.605,0.455,0.343,2.3,7.9,5.2,17.2,1.4,3.0,12.6,25.4,0.4,0.4,0.8,0.093,1.5,-1.0,0.5,0.3
79.0,Stephen Curry,37.0,GSW,PG,14.0,14.0,435.0,24.0,0.65,0.608,0.297,0.8,12.0,6.3,25.7,2.2,1.1,11.5,33.9,1.0,0.5,1.5,0.165,6.6,-0.4,6.2,0.9
80.0,Austin Reaves,27.0,LAL,SG,12.0,12.0,433.0,24.0,0.649,0.457,0.563,2.3,13.9,8.4,32.9,1.8,0.2,13.6,29.7,1.5,0.4,1.9,0.211,5.2,-0.4,4.8,0.7
81.0,Anthony Black,22.0,ORL,PG,16.0,3.0,432.0,11.8,0.568,0.375,0.34,2.1,10.5,6.4,13.8,2.4,2.0,16.6,19.4,-0.1,0.6,0.6,0.065,-2.9,1.3,-1.6,0.0
82.0,Jabari Smith Jr.,22.0,HOU,PF,13.0,13.0,431.0,13.7,0.56,0.472,0.174,5.1,18.1,11.7,7.5,1.0,2.3,7.5,17.9,0.7,0.5,1.2,0.133,0.3,-0.4,-0.1,0.2
83.0,Jerami Grant,31.0,POR,PF,15.0,3.0,430.0,16.7,0.624,0.452,0.565,3.8,9.7,6.6,12.0,1.4,1.3,10.9,22.6,1.1,0.2,1.2,0.139,1.8,-1.0,0.8,0.3
84.0,Jake LaRavia,24.0,LAL,PF,15.0,6.0,428.0,12.9,0.584,0.42,0.328,5.6,12.7,9.3,11.1,2.5,0.9,11.7,15.4,0.4,0.5,0.9,0.102,-1.0,0.3,-0.7,0.1
85.0,Jeremiah Fears,19.0,NOP,PG,16.0,14.0,426.0,14.6,0.544,0.267,0.224,2.9,11.2,6.7,16.8,3.2,0.5,14.8,26.6,-0.2,0.2,0.0,-0.004,-1.6,-1.2,-2.8,-0.1
86.0,Deandre Ayton,27.0,LAL,C,14.0,14.0,425.0,18.3,0.695,0.0,0.147,12.1,21.9,17.2,4.9,1.1,3.0,17.8,20.4,0.5,0.5,1.0,0.116,-0.9,-1.2,-2.0,0.0
87.0,Cedric Coward,22.0,MEM,SG,16.0,3.0,424.0,18.2,0.634,0.481,0.315,6.4,18.9,12.5,17.5,1.3,1.3,10.2,20.0,0.9,0.4,1.3,0.152,3.0,0.4,3.4,0.6
88.0,Kelly Oubre Jr.,30.0,PHI,SF,12.0,12.0,418.0,13.8,0.606,0.45,0.255,3.7,12.7,8.1,5.6,1.5,2.2,9.8,18.4,0.4,0.4,0.8,0.096,-0.6,-0.3,-1.0,0.1
89.0,Grayson Allen,30.0,PHO,SG,13.0,13.0,417.0,17.7,0.638,0.659,0.197,1.6,9.2,5.4,19.6,2.4,0.9,10.9,20.9,1.0,0.4,1.4,0.166,2.9,0.1,3.0,0.5
90.0,Stephon Castle,21.0,SAS,PG,13.0,13.0,416.0,17.4,0.585,0.323,0.548,5.8,14.6,10.4,33.4,2.6,1.1,21.3,25.1,0.4,0.6,1.1,0.123,0.0,0.8,0.8,0.3
91.0,Victor Wembanyama,22.0,SAS,C,12.0,12.0,416.0,25.7,0.609,0.262,0.38,6.9,34.2,21.3,18.5,1.5,9.7,14.3,30.8,0.7,1.0,1.7,0.197,2.8,3.5,6.4,0.9
92.0,Matas Buzelis,21.0,CHI,PF,15.0,15.0,415.0,13.0,0.587,0.396,0.232,4.5,15.8,10.4,7.2,1.1,3.7,13.8,20.9,0.0,0.3,0.4,0.043,-2.4,-0.8,-3.2,-0.1
93.0,Giannis Antetokounmpo,31.0,MIL,PF,13.0,13.0,414.0,34.6,0.662,0.073,0.532,13.1,25.1,19.2,41.3,1.4,3.4,13.1,37.0,1.9,0.5,2.4,0.279,9.1,2.2,11.3,1.4
94.0,Santi Aldama,25.0,MEM,PF,16.0,1.0,412.0,16.7,0.558,0.435,0.215,6.0,21.9,13.8,15.8,1.8,2.5,9.4,21.4,0.2,0.5,0.8,0.09,1.2,0.7,1.9,0.4
95.0,Julian Champagnie,24.0,SAS,SF,15.0,10.0,412.0,11.7,0.616,0.77,0.274,3.2,14.2,9.0,6.6,1.8,1.1,13.0,15.1,0.3,0.5,0.9,0.101,-0.3,-0.1,-0.4,0.2
96.0,Terance Mann,29.0,BRK,SG,15.0,15.0,412.0,12.0,0.57,0.414,0.207,5.9,8.0,6.9,19.7,1.3,0.7,9.7,13.9,0.6,0.0,0.6,0.073,-1.1,-1.1,-2.2,0.0
97.0,Ben Sheppard,24.0,IND,SG,16.0,7.0,411.0,6.7,0.413,0.562,0.14,4.0,14.8,9.0,11.3,1.3,0.7,6.5,13.6,-0.2,0.2,0.0,-0.004,-4.9,-0.8,-5.7,-0.4
98.0,Donovan Clingan,21.0,POR,C,16.0,16.0,410.0,19.8,0.572,0.359,0.198,20.0,22.6,21.2,8.4,1.4,5.5,7.2,14.6,1.1,0.4,1.5,0.178,1.8,-0.8,0.9,0.3
99.0,Moses Moody,23.0,GSW,SG,16.0,8.0,409.0,12.9,0.611,0.701,0.257,2.4,10.8,6.5,9.6,1.8,2.9,12.5,18.9,0.3,0.5,0.7,0.085,-0.3,-0.2,-0.5,0.2
100.0,Jalen Brunson,29.0,NYK,PG,12.0,12.0,408.0,21.2,0.586,0.361,0.313,1.2,10.6,5.6,31.3,1.2,0.3,9.8,31.8,1.1,0.3,1.4,0.162,4.5,-1.2,3.3,0.5
101.0,De'Andre Hunter,28.0,CLE,SF,14.0,14.0,405.0,15.8,0.584,0.5,0.302,3.1,15.5,9.1,14.3,1.2,0.7,9.9,24.4,0.5,0.4,1.0,0.114,1.0,-0.5,0.5,0.3
102.0,Luka Dončić,26.0,LAL,PG,11.0,11.0,405.0,29.2,0.617,0.484,0.556,2.8,23.8,13.8,41.7,2.5,1.5,12.7,37.4,1.4,0.6,2.0,0.235,8.1,1.6,9.7,1.2
103.0,Anfernee Simons,26.0,BOS,SG,16.0,0.0,401.0,13.2,0.571,0.574,0.142,1.3,8.5,4.8,15.5,1.0,0.8,11.0,23.2,0.4,0.3,0.7,0.082,0.2,-1.1,-0.8,0.1
104.0,Jrue Holiday,35.0,POR,PG,12.0,12.0,401.0,16.9,0.565,0.512,0.151,4.1,13.6,8.5,35.4,2.2,0.7,16.5,20.7,0.7,0.3,0.9,0.111,2.7,-0.4,2.4,0.4
105.0,Collin Gillespie,26.0,PHO,PG,16.0,0.0,400.0,16.2,0.575,0.683,0.152,4.3,15.0,9.6,27.7,2.0,1.4,14.4,18.7,0.8,0.5,1.2,0.148,2.6,0.4,3.0,0.5
106.0,Kyle Kuzma,30.0,MIL,PF,15.0,6.0,400.0,14.0,0.575,0.316,0.316,2.8,15.4,9.1,9.9,1.6,2.1,10.2,21.4,0.2,0.3,0.6,0.068,-2.5,-0.8,-3.3,-0.1
107.0,Svi Mykhailiuk,28.0,UTA,SF,15.0,15.0,400.0,10.2,0.623,0.717,0.053,2.7,7.9,5.2,10.4,0.9,0.7,10.1,13.0,0.4,0.0,0.4,0.047,-0.5,-1.6,-2.1,0.0
108.0,Shaedon Sharpe,22.0,POR,SG,14.0,14.0,400.0,16.9,0.535,0.37,0.29,4.9,14.8,9.5,12.2,2.3,0.7,11.7,32.7,0.0,0.3,0.3,0.04,0.6,-1.7,-1.2,0.1
109.0,Jaylen Wells,22.0,MEM,SG,16.0,16.0,399.0,8.0,0.475,0.546,0.164,4.4,9.5,6.9,9.3,1.3,0.0,6.9,18.1,-0.2,0.3,0.0,0.006,-4.0,-1.4,-5.3,-0.3
110.0,Sion James,23.0,CHO,SG,15.0,10.0,398.0,8.3,0.6,0.575,0.263,1.4,11.7,6.5,7.3,1.5,1.1,14.4,10.8,0.2,0.2,0.4,0.045,-3.2,-0.2,-3.4,-0.1
111.0,Norman Powell,32.0,MIA,SG,13.0,13.0,398.0,20.6,0.652,0.425,0.392,1.1,11.2,6.4,12.0,1.8,0.7,9.1,27.8,0.9,0.5,1.4,0.167,4.0,0.5,4.5,0.7
112.0,Neemias Queta,26.0,BOS,C,16.0,16.0,396.0,19.4,0.624,0.027,0.245,13.5,22.8,18.1,10.4,1.4,5.9,9.6,14.5,1.0,0.7,1.7,0.201,-0.1,1.5,1.4,0.3
113.0,Saddiq Bey,26.0,NOP,SF,15.0,7.0,395.0,13.1,0.526,0.531,0.214,6.3,13.3,9.5,11.0,1.5,0.0,5.9,17.9,0.4,0.0,0.4,0.047,0.7,-2.5,-1.8,0.0
114.0,Paolo Banchero,23.0,ORL,PF,12.0,12.0,393.0,19.0,0.573,0.247,0.624,3.2,25.6,14.7,20.0,1.1,2.4,12.4,27.8,0.5,0.6,1.1,0.134,1.4,1.1,2.5,0.4
115.0,Naz Reid,26.0,MIN,C,16.0,0.0,392.0,16.2,0.567,0.503,0.12,6.1,19.2,12.9,11.9,2.1,3.5,11.1,22.2,0.3,0.6,0.9,0.111,0.2,0.6,0.8,0.3
116.0,Kel'el Ware,21.0,MIA,C,16.0,12.0,389.0,19.3,0.603,0.288,0.223,13.2,28.8,21.4,3.8,1.9,5.3,8.9,17.4,0.6,0.9,1.5,0.185,0.9,1.0,1.9,0.4
117.0,Chet Holmgren,23.0,OKC,PF,13.0,13.0,386.0,20.9,0.681,0.348,0.329,5.7,22.6,14.5,8.4,1.3,4.7,14.0,23.9,0.8,0.9,1.7,0.211,1.6,1.7,3.3,0.5
118.0,Ryan Dunn,23.0,PHO,SF,16.0,11.0,385.0,13.7,0.56,0.416,0.133,8.9,13.8,11.3,10.5,2.8,2.7,11.8,14.6,0.4,0.5,1.0,0.121,-0.8,1.1,0.3,0.2
119.0,Noah Clowney,21.0,BRK,PF,15.0,9.0,385.0,9.8,0.542,0.736,0.413,2.8,14.3,8.1,8.9,1.3,2.2,12.8,18.2,-0.1,0.1,0.0,0.003,-2.3,-1.6,-3.8,-0.2
120.0,Tristan Da Silva,24.0,ORL,SF,16.0,4.0,384.0,15.5,0.611,0.55,0.161,5.4,13.5,9.6,6.8,1.7,0.7,8.1,19.1,0.5,0.5,1.0,0.13,2.0,0.0,2.0,0.4
121.0,Kris Dunn,31.0,LAC,PG,15.0,9.0,384.0,9.7,0.565,0.4,0.212,3.7,7.6,5.7,13.7,2.8,1.0,18.4,13.1,0.1,0.2,0.3,0.036,-3.9,0.5,-3.4,-0.1
122.0,Bub Carrington,20.0,WAS,PG,15.0,5.0,382.0,5.2,0.469,0.462,0.151,1.1,13.8,7.5,20.8,1.1,0.5,25.5,14.5,-0.5,-0.1,-0.6,-0.077,-5.6,-2.3,-7.9,-0.6
123.0,John Collins,28.0,LAC,PF,15.0,6.0,380.0,12.3,0.581,0.27,0.241,5.9,15.3,10.7,3.8,1.7,2.0,15.6,20.8,-0.1,0.2,0.1,0.013,-3.0,-1.7,-4.7,-0.3
124.0,Derik Queen,21.0,NOP,C,16.0,4.0,379.0,16.8,0.553,0.093,0.4,8.7,22.8,15.2,22.1,2.2,3.6,18.5,23.9,0.0,0.3,0.3,0.039,-1.4,0.2,-1.2,0.1
125.0,Anthony Edwards,24.0,MIN,SG,12.0,12.0,379.0,22.7,0.602,0.434,0.36,3.3,11.5,7.5,18.1,2.3,1.9,10.2,32.5,0.8,0.5,1.3,0.159,4.4,-0.3,4.1,0.6
126.0,Alex Sarr,20.0,WAS,C,13.0,13.0,377.0,21.1,0.578,0.212,0.201,8.6,20.6,14.7,21.1,1.1,6.4,13.1,26.2,0.3,0.2,0.5,0.063,2.3,-0.2,2.1,0.4
127.0,Kevin Huerter,27.0,CHI,SF,15.0,5.0,376.0,14.7,0.59,0.49,0.208,2.6,12.7,7.9,14.4,1.7,3.0,11.9,20.3,0.3,0.3,0.6,0.073,-0.3,0.2,-0.1,0.2
128.0,Jalen Duren,22.0,DET,C,13.0,13.0,376.0,28.3,0.721,0.0,0.66,17.1,26.9,22.1,9.9,1.8,3.7,13.9,23.5,1.5,0.8,2.3,0.292,4.6,0.6,5.2,0.7
129.0,Jock Landale,30.0,MEM,C,16.0,13.0,374.0,15.1,0.63,0.322,0.248,10.3,15.1,12.6,10.8,1.3,1.8,11.8,16.8,0.5,0.4,0.9,0.117,0.0,-0.1,-0.1,0.2
130.0,Isaac Okoro,25.0,CHI,SG,15.0,15.0,373.0,8.6,0.576,0.48,0.204,5.0,6.1,5.6,8.3,0.7,2.2,12.3,13.5,0.2,0.1,0.3,0.039,-3.0,-1.2,-4.2,-0.2
131.0,OG Anunoby,28.0,NYK,PF,12.0,12.0,373.0,16.2,0.601,0.537,0.17,5.1,15.0,9.7,9.9,2.9,2.2,12.2,19.7,0.4,0.5,1.0,0.123,1.2,1.1,2.3,0.4
132.0,Cameron Johnson,29.0,DEN,SF,14.0,14.0,371.0,9.1,0.528,0.481,0.231,3.5,8.3,6.1,9.7,1.0,0.5,7.3,14.2,0.3,0.3,0.6,0.082,-2.4,-1.0,-3.4,-0.1
133.0,Ryan Kalkbrenner,24.0,CHO,C,14.0,14.0,371.0,18.8,0.822,0.014,0.324,14.3,16.5,15.4,2.0,1.6,6.9,20.6,11.9,0.8,0.4,1.2,0.15,0.2,0.5,0.8,0.3
134.0,Peyton Watson,23.0,DEN,SF,15.0,5.0,368.0,12.8,0.589,0.304,0.326,6.2,13.9,10.3,7.8,2.2,4.3,16.0,14.5,0.2,0.6,0.8,0.108,-1.4,1.4,0.0,0.2
135.0,Aaron Gordon,30.0,DEN,PF,13.0,13.0,368.0,20.5,0.676,0.409,0.39,6.2,16.2,11.5,6.6,1.3,0.8,9.1,22.9,1.1,0.5,1.5,0.199,3.6,-1.2,2.5,0.4
136.0,Collin Sexton,27.0,CHO,SG,14.0,9.0,367.0,14.4,0.599,0.353,0.42,1.2,8.3,4.8,27.8,1.3,0.0,18.0,24.4,0.4,0.1,0.5,0.066,-0.7,-2.3,-3.0,-0.1
137.0,Kentavious Caldwell-Pope,32.0,MEM,SG,16.0,13.0,365.0,9.2,0.467,0.478,0.248,1.7,10.7,6.1,20.4,1.7,1.0,11.3,15.9,-0.1,0.3,0.2,0.028,-3.5,0.2,-3.3,-0.1
138.0,Jusuf Nurkić,31.0,UTA,C,15.0,10.0,365.0,11.6,0.446,0.245,0.349,10.4,33.5,21.7,21.3,3.4,1.6,25.6,18.3,-0.6,0.5,-0.1,-0.009,-4.5,1.5,-3.0,-0.1
139.0,Domantas Sabonis,29.0,SAC,C,11.0,11.0,365.0,17.4,0.564,0.138,0.352,11.0,31.4,20.8,17.2,1.7,0.5,14.3,22.7,0.3,0.3,0.5,0.066,-0.5,-0.8,-1.3,0.1
140.0,Tre Johnson,19.0,WAS,SG,15.0,4.0,364.0,10.0,0.565,0.521,0.11,2.0,10.8,6.5,8.2,0.8,1.7,13.6,20.3,-0.2,-0.1,-0.3,-0.04,-1.9,-3.3,-5.2,-0.3
141.0,Jarrett Allen,27.0,CLE,C,14.0,14.0,364.0,20.7,0.627,0.029,0.467,9.5,22.5,15.7,10.9,1.9,3.0,11.8,21.0,0.8,0.6,1.3,0.177,1.2,0.7,1.9,0.4
142.0,Keldon Johnson,26.0,SAS,SF,15.0,0.0,363.0,19.3,0.644,0.29,0.244,10.9,18.3,14.8,10.5,1.7,0.3,8.2,18.6,1.0,0.5,1.5,0.196,2.0,-0.1,1.9,0.4
143.0,Pelle Larsson,24.0,MIA,SG,16.0,13.0,360.0,14.0,0.661,0.468,0.376,2.1,9.7,6.1,18.0,1.1,0.5,13.0,16.4,0.7,0.4,1.0,0.139,0.0,0.8,0.8,0.3
144.0,Jonathan Kuminga,23.0,GSW,PF,13.0,12.0,360.0,12.8,0.57,0.272,0.353,6.4,20.4,13.3,16.4,0.7,1.0,18.2,22.5,0.0,0.4,0.3,0.043,-2.5,-1.5,-4.0,-0.2
145.0,Dean Wade,29.0,CLE,PF,16.0,2.0,358.0,9.3,0.506,0.727,0.208,4.1,15.0,9.4,8.5,1.4,2.8,5.6,10.2,0.2,0.4,0.7,0.092,-2.1,1.3,-0.8,0.1
146.0,Ron Holland,20.0,DET,SF,15.0,5.0,358.0,9.1,0.49,0.393,0.18,4.0,13.3,8.7,9.8,3.3,1.4,17.0,18.1,-0.3,0.6,0.3,0.04,-4.8,1.5,-3.4,-0.1
147.0,D'Angelo Russell,29.0,DAL,PG,16.0,3.0,355.0,12.8,0.498,0.461,0.315,2.1,11.5,6.9,37.6,1.2,0.5,15.8,28.3,-0.4,0.4,0.0,0.003,-1.1,-1.4,-2.5,0.0
148.0,Mark Williams,24.0,PHO,C,14.0,11.0,353.0,21.0,0.675,0.0,0.443,13.2,23.7,18.4,4.9,2.5,3.5,9.3,16.4,1.0,0.6,1.6,0.221,0.9,0.3,1.1,0.3
149.0,Tim Hardaway Jr.,33.0,DEN,SG,15.0,1.0,351.0,13.8,0.621,0.651,0.151,1.4,7.3,4.6,8.2,1.1,0.3,2.2,16.6,0.8,0.3,1.1,0.144,1.7,-1.0,0.6,0.2
150.0,Kris Murray,25.0,POR,SF,15.0,1.0,350.0,8.1,0.511,0.351,0.162,6.5,9.6,7.9,6.2,2.1,0.8,13.1,10.2,0.1,0.2,0.3,0.04,-3.2,0.1,-3.1,-0.1
151.0,Javonte Green,32.0,DET,SG,15.0,3.0,349.0,11.4,0.541,0.51,0.396,4.4,13.0,8.8,6.5,2.3,2.0,9.6,14.6,0.2,0.5,0.8,0.107,-2.0,0.9,-1.1,0.1
152.0,Tre Jones,26.0,CHI,PG,12.0,11.0,347.0,16.7,0.6,0.184,0.524,3.2,10.9,7.2,23.9,3.2,0.7,14.2,17.6,0.6,0.3,0.9,0.129,-0.5,1.6,1.0,0.3
153.0,Ja Morant,26.0,MEM,PG,12.0,12.0,345.0,12.6,0.477,0.308,0.354,1.8,11.3,6.5,42.8,1.6,0.3,16.6,32.3,-0.5,0.3,-0.2,-0.031,-2.4,-2.4,-4.8,-0.2
154.0,Moussa Diabaté,24.0,CHO,C,15.0,1.0,343.0,22.2,0.678,0.0,0.655,20.4,20.2,20.3,7.7,1.3,5.4,9.7,14.9,1.2,0.3,1.5,0.212,2.0,-0.5,1.5,0.3
155.0,Bobby Portis,30.0,MIL,PF,16.0,1.0,341.0,13.4,0.572,0.348,0.101,6.3,23.6,15.0,7.1,0.8,0.3,11.1,20.7,0.1,0.3,0.4,0.05,-1.3,-2.2,-3.5,-0.1
156.0,Klay Thompson,35.0,DAL,SF,16.0,8.0,341.0,7.7,0.464,0.748,0.038,1.2,10.8,6.1,12.4,0.7,1.5,9.0,21.7,-0.5,0.4,-0.2,-0.027,-2.6,-1.4,-4.0,-0.2
157.0,Bruce Brown,29.0,DEN,SG,15.0,0.0,340.0,10.2,0.541,0.294,0.247,5.3,13.6,9.7,8.3,2.1,0.8,11.3,13.3,0.2,0.5,0.7,0.096,-2.9,0.6,-2.3,0.0
158.0,Marcus Smart,31.0,LAL,SG,12.0,9.0,338.0,10.1,0.551,0.609,0.348,2.6,7.4,5.1,14.7,3.4,0.6,19.7,16.7,0.0,0.4,0.4,0.051,-3.7,1.0,-2.7,-0.1
159.0,Sam Hauser,28.0,BOS,PF,16.0,2.0,337.0,8.0,0.459,0.877,0.038,3.7,14.4,8.9,8.8,1.3,1.2,9.3,15.0,-0.1,0.4,0.3,0.039,-2.2,-0.5,-2.6,-0.1
160.0,Ayo Dosunmu,26.0,CHI,SG,13.0,1.0,336.0,18.5,0.701,0.383,0.286,1.3,8.3,5.0,18.8,1.0,1.0,10.7,20.7,0.9,0.1,1.0,0.144,2.8,-1.1,1.8,0.3
161.0,Josh Hart,30.0,NYK,SF,13.0,0.0,336.0,14.8,0.574,0.406,0.198,6.6,22.9,14.1,24.2,1.7,0.9,19.1,16.5,0.4,0.4,0.8,0.117,0.3,1.0,1.4,0.3
162.0,Reed Sheppard,21.0,HOU,PG,14.0,0.0,335.0,19.7,0.657,0.594,0.109,1.4,9.8,5.7,18.5,3.3,1.5,10.0,19.8,1.0,0.5,1.5,0.211,4.5,2.2,6.7,0.7
163.0,Aaron Nesmith,26.0,IND,SF,11.0,11.0,335.0,12.1,0.518,0.565,0.265,4.9,10.6,7.5,8.1,1.3,0.8,4.6,20.9,0.2,0.1,0.3,0.05,-0.3,-1.9,-2.2,0.0
164.0,Andre Drummond,32.0,PHI,C,14.0,6.0,327.0,17.7,0.629,0.225,0.325,14.8,31.4,23.0,4.3,1.8,3.4,10.7,13.1,0.6,0.5,1.2,0.173,0.5,0.1,0.6,0.2
165.0,Luguentz Dort,26.0,OKC,SF,11.0,11.0,327.0,8.3,0.536,0.691,0.16,5.3,9.8,7.6,5.4,1.3,0.9,8.4,12.5,0.2,0.6,0.8,0.112,-2.7,0.3,-2.5,0.0
166.0,Lonzo Ball,28.0,CLE,PG,14.0,2.0,326.0,9.5,0.47,0.831,0.145,4.5,15.1,9.6,27.6,2.0,1.1,24.1,14.6,-0.1,0.4,0.3,0.051,-2.4,1.0,-1.4,0.0
167.0,Christian Braun,24.0,DEN,SG,11.0,11.0,325.0,12.7,0.569,0.289,0.299,6.6,9.5,8.1,13.1,1.3,0.9,11.3,16.2,0.4,0.3,0.8,0.113,-1.1,-0.6,-1.7,0.0
168.0,Mike Conley,38.0,MIN,PG,16.0,5.0,324.0,12.0,0.622,0.681,0.348,2.1,8.2,5.3,21.4,1.8,0.8,15.9,12.2,0.6,0.3,0.9,0.134,-0.7,0.5,-0.2,0.2
169.0,Derrick Jones Jr.,28.0,LAC,SF,13.0,13.0,324.0,14.8,0.652,0.5,0.304,4.0,6.9,5.5,6.6,1.7,4.5,8.7,15.5,0.5,0.1,0.7,0.101,0.6,-0.4,0.2,0.2
170.0,Brandon Williams,26.0,DAL,PG,15.0,7.0,320.0,12.8,0.484,0.319,0.384,3.3,9.9,6.6,28.6,3.5,1.0,17.0,25.3,-0.4,0.5,0.1,0.016,-4.1,1.3,-2.9,-0.1
171.0,Zaccharie Risacher,20.0,ATL,SF,13.0,13.0,317.0,12.3,0.536,0.457,0.138,2.8,8.8,5.9,8.6,2.1,2.0,7.0,21.0,0.0,0.3,0.3,0.046,-2.3,-0.9,-3.2,-0.1
172.0,Patrick Williams,24.0,CHI,PF,15.0,0.0,315.0,10.6,0.562,0.585,0.245,3.5,10.4,7.1,9.5,2.4,1.6,13.3,15.8,0.0,0.2,0.3,0.042,-2.1,0.1,-1.9,0.0
173.0,Buddy Hield,33.0,GSW,SG,18.0,0.0,314.0,8.9,0.531,0.658,0.117,1.7,9.4,5.5,12.9,2.4,0.0,15.2,18.5,-0.2,0.3,0.1,0.017,-4.1,-0.2,-4.3,-0.2
174.0,Ausar Thompson,23.0,DET,SF,11.0,10.0,314.0,16.3,0.529,0.108,0.325,7.0,16.1,11.6,15.3,2.9,3.1,9.3,19.7,0.3,0.6,0.8,0.129,-0.4,2.3,1.9,0.3
175.0,Tyrese Martin,26.0,BRK,SG,15.0,2.0,312.0,10.6,0.493,0.578,0.119,4.8,11.4,7.8,18.7,1.4,0.9,11.6,17.8,0.0,0.0,0.0,-0.003,-1.4,-1.9,-3.3,-0.1
176.0,Landry Shamet,28.0,NYK,SG,14.0,5.0,311.0,12.9,0.644,0.71,0.366,2.3,8.6,5.2,6.8,0.9,1.0,6.1,15.1,0.6,0.2,0.9,0.133,0.9,-0.9,0.0,0.2
177.0,Sam Merrill,29.0,CLE,SG,12.0,8.0,311.0,14.9,0.679,0.853,0.138,3.0,5.8,4.3,12.4,0.9,0.9,7.5,17.5,0.8,0.2,1.0,0.156,2.7,-0.8,1.8,0.3
178.0,Jaylon Tyson,23.0,CLE,SG,12.0,8.0,311.0,15.1,0.662,0.567,0.134,5.7,12.6,9.0,10.4,2.1,2.6,9.7,15.0,0.6,0.4,1.0,0.159,0.7,1.5,2.1,0.3
179.0,Simone Fontecchio,30.0,MIA,SF,16.0,0.0,310.0,13.9,0.635,0.713,0.225,2.8,10.9,7.0,9.1,1.5,0.9,11.3,20.8,0.3,0.4,0.7,0.105,1.3,0.2,1.5,0.3
180.0,Cam Spencer,25.0,MEM,SG,16.0,1.0,309.0,14.4,0.601,0.701,0.271,1.0,10.2,5.5,24.4,1.7,0.3,9.8,17.7,0.5,0.3,0.8,0.117,0.7,0.2,0.9,0.2
181.0,Luke Kennard,29.0,ATL,SG,14.0,0.0,308.0,12.0,0.652,0.58,0.16,3.3,7.3,5.4,12.3,2.3,0.3,15.6,14.1,0.3,0.3,0.6,0.092,-1.0,0.0,-1.0,0.1
182.0,Tre Mann,24.0,CHO,PG,14.0,1.0,308.0,8.6,0.462,0.486,0.088,3.7,12.5,8.1,20.9,1.7,0.6,14.9,24.2,-0.4,0.1,-0.2,-0.039,-3.9,-1.8,-5.7,-0.3
183.0,Malik Monk,27.0,SAC,SG,13.0,0.0,308.0,14.0,0.589,0.441,0.189,1.4,6.8,4.0,13.2,1.8,1.8,8.6,20.7,0.2,0.1,0.3,0.044,0.3,-1.0,-0.7,0.1
184.0,Jakob Poeltl,30.0,TOR,C,12.0,12.0,306.0,18.1,0.718,0.0,0.539,13.3,20.3,16.9,9.7,1.1,2.2,13.0,14.9,0.8,0.4,1.2,0.195,0.5,0.1,0.6,0.2
185.0,Ace Bailey,19.0,UTA,SF,15.0,6.0,305.0,11.2,0.537,0.425,0.142,9.9,8.1,9.0,11.9,1.9,0.6,14.1,19.7,0.1,0.0,0.1,0.017,-2.3,-2.3,-4.6,-0.2
186.0,Isaiah Joe,26.0,OKC,SG,12.0,0.0,304.0,16.3,0.659,0.817,0.278,2.7,9.8,6.4,9.1,1.4,0.7,7.9,19.8,0.7,0.5,1.2,0.197,1.8,-0.4,1.4,0.3
187.0,Isaiah Jackson,24.0,IND,C,16.0,12.0,303.0,16.0,0.613,0.0,0.414,13.6,19.8,16.5,8.5,1.9,3.0,15.6,16.3,0.4,0.3,0.7,0.111,-2.5,-0.4,-2.9,-0.1
188.0,Dillon Brooks,30.0,PHO,SF,10.0,10.0,302.0,16.9,0.583,0.466,0.239,2.6,9.7,6.2,10.5,3.3,0.6,10.9,27.7,0.3,0.4,0.7,0.109,-0.2,0.1,0.0,0.2
189.0,Bam Adebayo,28.0,MIA,C,10.0,10.0,301.0,18.2,0.581,0.378,0.331,3.6,22.1,13.3,14.5,1.4,2.2,9.6,25.2,0.3,0.5,0.8,0.131,1.8,1.4,3.2,0.4
190.0,Jaylin Williams,23.0,OKC,PF,16.0,1.0,300.0,10.7,0.495,0.869,0.107,3.5,23.0,13.7,16.3,1.8,2.7,15.4,14.9,0.0,0.7,0.7,0.113,-2.1,2.0,-0.1,0.1
191.0,Egor Demin,19.0,BRK,PG,14.0,7.0,299.0,11.2,0.546,0.705,0.095,3.2,14.7,8.6,24.6,2.0,0.9,18.9,17.5,0.0,0.1,0.1,0.017,-1.1,-0.8,-1.9,0.0
192.0,Nikola Jović,22.0,MIA,PF,14.0,1.0,299.0,10.3,0.524,0.5,0.343,3.6,16.5,10.4,18.1,1.4,1.9,17.6,19.3,-0.1,0.4,0.3,0.048,-3.0,1.1,-1.9,0.0
193.0,Khris Middleton,34.0,WAS,SF,12.0,12.0,299.0,10.4,0.546,0.333,0.198,5.3,11.1,8.2,14.3,1.4,1.2,15.4,17.2,0.0,-0.1,0.0,-0.007,-3.3,-2.3,-5.5,-0.3
194.0,Jose Alvarado,27.0,NOP,PG,15.0,0.0,297.0,11.5,0.542,0.641,0.141,2.4,13.5,7.5,19.5,2.3,0.0,14.1,16.0,0.1,0.1,0.2,0.034,-1.8,-0.9,-2.7,-0.1
195.0,Craig Porter Jr.,25.0,CLE,PG,17.0,0.0,295.0,16.1,0.617,0.387,0.16,7.4,11.0,9.2,19.8,2.7,3.1,14.8,13.1,0.5,0.4,0.9,0.154,1.2,2.6,3.8,0.4
196.0,Cole Anthony,25.0,MIL,PG,15.0,0.0,295.0,11.3,0.465,0.298,0.115,3.1,15.9,9.5,38.0,1.6,1.6,19.3,25.1,-0.4,0.3,-0.1,-0.015,-3.5,-0.8,-4.3,-0.2
197.0,Ziaire Williams,24.0,BRK,SF,13.0,0.0,294.0,9.4,0.542,0.725,0.275,2.9,10.0,6.2,4.1,1.8,1.6,9.5,18.4,0.0,0.1,0.0,0.006,-3.3,-1.7,-5.0,-0.2
198.0,Josh Okogie,27.0,HOU,SG,14.0,10.0,290.0,13.6,0.632,0.592,0.31,5.5,6.1,5.8,7.0,3.3,0.7,8.0,12.5,0.6,0.3,1.0,0.162,0.1,1.7,1.8,0.3
199.0,Steven Adams,32.0,HOU,C,13.0,4.0,290.0,17.7,0.563,0.0,0.491,26.5,20.8,23.6,9.0,1.4,3.1,17.8,12.0,0.6,0.4,1.0,0.171,1.7,-0.9,0.8,0.2
200.0,Keon Ellis,26.0,SAC,SG,16.0,2.0,289.0,11.2,0.6,0.702,0.119,1.9,8.1,4.9,4.8,3.4,1.6,7.3,14.0,0.1,0.2,0.3,0.052,-1.8,1.3,-0.6,0.1
201.0,Jamal Shead,23.0,TOR,PG,16.0,0.0,289.0,14.2,0.588,0.569,0.25,2.0,8.3,5.2,36.4,2.1,0.7,19.2,14.5,0.6,0.3,0.9,0.145,0.5,0.0,0.5,0.2
202.0,Josh Minott,23.0,BOS,PF,15.0,9.0,289.0,16.2,0.605,0.525,0.238,10.2,17.5,13.8,9.3,2.4,1.8,10.2,14.5,0.6,0.4,1.0,0.171,0.3,1.1,1.4,0.2
203.0,Miles McBride,25.0,NYK,SG,12.0,3.0,289.0,11.2,0.524,0.649,0.09,3.1,8.5,5.6,13.5,1.5,1.1,7.2,17.6,0.2,0.2,0.5,0.079,-0.3,-0.5,-0.8,0.1
204.0,Kyle Filipowski,22.0,UTA,C,14.0,5.0,285.0,12.5,0.538,0.406,0.344,8.3,22.8,15.5,16.4,1.0,2.8,14.7,18.4,0.1,0.1,0.3,0.047,-2.3,-0.5,-2.9,-0.1
205.0,LaMelo Ball,24.0,CHO,PG,9.0,9.0,282.0,19.6,0.514,0.497,0.266,5.2,19.7,12.5,49.7,2.2,0.3,14.9,32.5,0.3,0.2,0.5,0.093,2.6,-1.2,1.4,0.2
206.0,Will Richard,23.0,GSW,SG,16.0,7.0,280.0,15.6,0.691,0.578,0.301,6.6,8.1,7.4,11.1,2.6,0.3,11.3,16.0,0.6,0.3,0.9,0.154,0.2,0.5,0.7,0.2
207.0,Jalen Suggs,24.0,ORL,PG,12.0,12.0,279.0,19.5,0.679,0.587,0.317,3.3,15.1,9.4,33.1,3.4,1.8,23.3,23.4,0.4,0.5,1.0,0.166,1.9,2.5,4.5,0.5
208.0,Corey Kispert,26.0,WAS,SF,15.0,0.0,277.0,11.7,0.619,0.646,0.256,1.9,10.9,6.4,11.7,0.7,0.6,9.9,15.2,0.3,-0.1,0.2,0.036,-0.4,-2.7,-3.1,-0.1
209.0,Vit Krejci,25.0,ATL,PG,12.0,1.0,277.0,12.9,0.707,0.762,0.119,1.2,9.3,5.4,10.3,1.0,1.0,8.3,14.7,0.5,0.2,0.7,0.12,0.3,-0.7,-0.4,0.1
210.0,Isaiah Stewart,24.0,DET,C,12.0,5.0,276.0,17.2,0.597,0.364,0.283,10.3,19.9,15.2,9.0,0.3,8.5,11.2,18.6,0.5,0.5,0.9,0.161,0.1,1.2,1.3,0.2
211.0,Dru Smith,28.0,MIA,SG,16.0,0.0,274.0,16.2,0.589,0.443,0.266,6.3,8.1,7.2,23.8,4.3,0.7,15.3,15.4,0.4,0.5,0.9,0.16,0.2,4.0,4.2,0.4
212.0,Quinten Post,25.0,GSW,PF,18.0,7.0,270.0,13.6,0.584,0.703,0.099,6.1,23.5,14.6,9.6,1.8,3.1,13.6,17.2,0.1,0.4,0.5,0.089,-0.3,0.7,0.3,0.2
213.0,Gradey Dick,22.0,TOR,SG,16.0,0.0,268.0,12.1,0.577,0.573,0.337,2.6,11.0,6.9,4.8,1.9,0.4,6.4,17.2,0.2,0.3,0.5,0.095,-1.3,-0.5,-1.8,0.0
214.0,Sandro Mamukelashvili,26.0,TOR,C,15.0,0.0,268.0,19.9,0.682,0.375,0.365,8.2,15.0,11.7,14.4,1.4,2.1,10.5,19.6,0.8,0.3,1.1,0.2,3.2,0.2,3.3,0.4
215.0,Andrew Nembhard,26.0,IND,PG,9.0,9.0,266.0,16.1,0.572,0.383,0.383,1.1,5.0,2.9,37.4,0.7,0.7,13.3,26.3,0.4,0.0,0.4,0.074,2.3,-3.3,-0.9,0.1
216.0,Goga Bitadze,26.0,ORL,C,16.0,0.0,265.0,20.5,0.779,0.122,0.673,10.8,22.1,16.6,11.9,1.8,6.2,12.4,11.6,0.9,0.5,1.4,0.251,1.4,3.4,4.8,0.5
217.0,Kristaps Porziņģis,30.0,ATL,C,10.0,10.0,262.0,20.9,0.587,0.387,0.411,7.3,16.0,11.8,19.1,0.9,5.6,7.0,25.4,0.6,0.3,1.0,0.178,2.8,0.9,3.8,0.4
218.0,Al Horford,39.0,GSW,C,12.0,0.0,261.0,9.2,0.482,0.714,0.086,4.6,17.3,10.9,11.8,2.2,4.2,18.1,14.3,-0.2,0.4,0.2,0.034,-3.4,1.4,-2.1,0.0
219.0,Nicolas Batum,37.0,LAC,PF,15.0,2.0,259.0,8.2,0.519,0.914,0.069,2.7,16.0,9.5,5.8,2.5,3.0,13.1,11.7,-0.1,0.2,0.2,0.029,-3.2,0.6,-2.6,0.0
220.0,Cam Whitmore,21.0,WAS,SF,15.0,0.0,257.0,13.6,0.557,0.328,0.19,4.1,11.3,7.7,6.1,2.2,1.0,10.0,22.6,0.0,0.0,0.0,-0.006,-1.5,-2.2,-3.7,-0.1
221.0,Jarred Vanderbilt,26.0,LAL,PF,14.0,2.0,257.0,10.6,0.548,0.28,0.38,9.3,26.0,18.1,10.4,2.6,1.9,27.4,13.4,-0.1,0.4,0.3,0.059,-3.3,1.2,-2.1,0.0
222.0,Mouhamed Gueye,23.0,ATL,PF,16.0,2.0,256.0,12.9,0.561,0.47,0.12,9.7,17.7,13.8,11.2,1.1,3.6,12.9,16.6,0.1,0.3,0.5,0.086,-1.8,0.0,-1.8,0.0
223.0,Daniel Gafford,27.0,DAL,C,11.0,10.0,256.0,18.7,0.699,0.0,0.547,9.9,17.5,13.8,9.2,2.0,5.5,15.0,15.2,0.5,0.5,1.0,0.19,-1.3,2.5,1.2,0.2
224.0,Jay Huff,27.0,IND,C,16.0,2.0,255.0,12.2,0.5,0.691,0.17,6.0,14.8,10.1,8.5,0.4,11.4,9.8,17.8,-0.1,0.3,0.2,0.037,-3.3,0.9,-2.4,0.0
225.0,Tari Eason,24.0,HOU,PF,11.0,1.0,255.0,16.2,0.642,0.558,0.074,7.2,17.6,12.5,9.8,1.8,1.9,16.2,18.9,0.4,0.3,0.7,0.136,2.2,-0.5,1.7,0.2
226.0,Jordan Clarkson,33.0,NYK,SG,14.0,0.0,254.0,15.0,0.599,0.491,0.245,5.6,6.4,6.0,12.6,0.9,0.8,9.0,21.5,0.5,0.2,0.7,0.125,0.8,-1.4,-0.6,0.1
227.0,Drew Eubanks,28.0,SAC,C,16.0,5.0,253.0,13.0,0.637,0.029,0.456,4.3,17.1,10.4,2.3,1.9,5.5,17.2,16.5,0.0,0.2,0.1,0.026,-3.5,-0.2,-3.7,-0.1
228.0,Oso Ighodaro,23.0,PHO,PF,16.0,4.0,249.0,9.4,0.568,0.0,0.271,5.0,19.5,12.3,11.3,1.7,3.8,24.1,14.5,-0.1,0.4,0.2,0.046,-5.6,1.5,-4.1,-0.1
229.0,Dalton Knecht,24.0,LAL,SF,14.0,1.0,249.0,10.7,0.563,0.548,0.107,4.0,10.5,7.4,4.5,1.4,2.4,8.3,16.5,0.1,0.2,0.3,0.057,-1.4,-1.0,-2.4,0.0
230.0,Trendon Watford,25.0,PHI,PF,12.0,4.0,249.0,13.5,0.589,0.216,0.284,5.7,19.5,12.5,23.9,1.0,0.7,17.8,17.0,0.3,0.2,0.5,0.105,-1.5,0.6,-0.9,0.1
231.0,Aaron Wiggins,27.0,OKC,SG,9.0,5.0,248.0,14.8,0.578,0.541,0.081,4.2,10.3,7.4,11.7,0.8,2.9,7.3,21.5,0.3,0.4,0.7,0.139,1.3,-0.5,0.9,0.2
232.0,Jalen Smith,25.0,CHI,C,15.0,0.0,244.0,20.3,0.617,0.561,0.184,12.1,23.6,18.2,12.4,1.0,3.7,10.2,23.3,0.5,0.3,0.7,0.138,3.0,-0.9,2.1,0.3
233.0,Keaton Wallace,26.0,ATL,PG,15.0,2.0,235.0,10.9,0.556,0.619,0.127,0.5,11.0,5.9,23.5,2.4,0.8,16.3,14.3,0.1,0.3,0.4,0.075,-2.6,0.6,-2.0,0.0
234.0,De'Aaron Fox,28.0,SAS,PG,7.0,7.0,235.0,19.9,0.614,0.367,0.225,4.6,6.9,5.8,31.2,2.1,0.8,15.4,28.3,0.4,0.3,0.7,0.142,2.4,-1.2,1.2,0.2
235.0,Jordan Goodwin,27.0,PHO,PG,13.0,0.0,234.0,16.0,0.561,0.488,0.098,11.2,13.5,12.3,16.0,3.7,0.8,14.9,17.8,0.3,0.4,0.6,0.132,0.9,1.4,2.2,0.3
236.0,Jaylen Clark,24.0,MIN,SG,14.0,0.0,231.0,10.8,0.541,0.463,0.37,9.3,8.3,8.8,4.9,2.9,0.8,7.4,12.3,0.2,0.3,0.5,0.11,-2.8,0.9,-1.9,0.0
237.0,Bogdan Bogdanović,33.0,LAC,SG,9.0,2.0,231.0,9.5,0.514,0.627,0.173,1.5,13.6,7.7,19.0,1.5,0.4,13.9,17.9,0.0,0.1,0.1,0.014,-2.3,-1.0,-3.3,-0.1
238.0,Vince Williams Jr.,25.0,MEM,SG,11.0,3.0,227.0,12.4,0.524,0.603,0.231,4.6,20.1,12.1,30.8,1.9,0.8,20.4,19.6,-0.1,0.3,0.2,0.045,-1.1,1.4,0.3,0.1
239.0,Cam Thomas,24.0,BRK,SG,8.0,8.0,226.0,15.1,0.546,0.341,0.424,1.4,4.3,2.8,16.7,0.9,0.4,9.3,32.7,0.1,-0.1,0.0,0.002,0.8,-4.1,-3.3,-0.1
240.0,Jordan Hawkins,23.0,NOP,SG,15.0,0.0,224.0,5.1,0.4,0.537,0.085,2.8,12.0,7.0,10.2,0.4,0.0,6.6,17.0,-0.3,-0.1,-0.4,-0.075,-4.4,-3.7,-8.1,-0.3
241.0,Luka Garza,27.0,BOS,C,15.0,0.0,222.0,19.8,0.674,0.343,0.418,17.5,12.9,15.3,7.7,1.1,2.7,8.1,16.6,0.8,0.2,1.1,0.236,1.0,-0.3,0.7,0.2
242.0,Alex Caruso,31.0,OKC,SG,12.0,0.0,222.0,14.0,0.526,0.672,0.125,1.6,10.5,6.3,18.5,4.6,1.8,12.9,15.0,0.1,0.6,0.7,0.15,-1.3,4.2,2.8,0.3
243.0,Marvin Bagley III,26.0,WAS,PF,14.0,1.0,221.0,19.5,0.676,0.087,0.333,12.8,16.4,14.6,13.2,1.9,3.1,15.0,17.6,0.5,0.1,0.6,0.122,0.9,-0.5,0.4,0.1
244.0,Day'Ron Sharpe,24.0,BRK,C,14.0,0.0,220.0,18.4,0.678,0.211,0.579,15.5,23.3,19.1,18.9,2.9,3.0,28.1,19.4,0.2,0.2,0.4,0.093,-0.9,1.0,0.0,0.1
245.0,Nique Clifford,23.0,SAC,SG,12.0,2.0,220.0,7.1,0.457,0.463,0.259,3.4,13.3,8.2,14.8,1.3,1.7,13.0,13.3,-0.1,0.0,-0.1,-0.016,-4.1,-0.9,-5.0,-0.2
246.0,Collin Murray-Boyles,20.0,TOR,PF,11.0,3.0,220.0,13.1,0.602,0.265,0.309,10.0,9.4,9.7,7.7,1.7,2.2,13.4,17.1,0.2,0.2,0.5,0.107,-0.9,-0.3,-1.3,0.0
247.0,Brook Lopez,37.0,LAC,C,15.0,0.0,219.0,10.5,0.553,0.683,0.134,2.1,13.8,8.1,5.6,1.1,5.7,13.0,20.1,-0.1,0.1,0.0,0.0,-2.6,-0.8,-3.4,-0.1
248.0,Daniss Jenkins,24.0,DET,PG,10.0,4.0,219.0,17.8,0.578,0.305,0.168,4.0,6.3,5.1,29.2,3.3,0.0,13.6,22.1,0.4,0.3,0.7,0.145,0.6,0.5,1.1,0.2
249.0,Jeremiah Robinson-Earl,25.0,IND,PF,11.0,3.0,216.0,9.4,0.437,0.316,0.193,12.0,19.5,15.5,5.3,1.3,0.0,10.2,12.9,0.0,0.1,0.1,0.023,-3.2,-2.3,-5.5,-0.2
250.0,Zion Williamson,25.0,NOP,PF,7.0,7.0,216.0,22.0,0.57,0.0,0.72,9.5,13.0,11.1,23.9,3.2,1.0,13.8,29.6,0.3,0.1,0.4,0.084,2.6,-1.1,1.6,0.2
251.0,Tony Bradley,28.0,IND,C,16.0,3.0,212.0,13.4,0.608,0.017,0.356,13.2,9.9,11.7,9.1,0.4,1.3,9.3,14.4,0.4,0.1,0.5,0.104,-2.5,-1.9,-4.4,-0.1
252.0,Jordan Poole,26.0,NOP,PG,7.0,4.0,212.0,11.2,0.535,0.596,0.323,1.5,5.2,3.2,17.4,0.5,1.0,11.7,25.3,0.1,-0.1,0.0,-0.002,-0.5,-3.9,-4.4,-0.1
253.0,Brice Sensabaugh,22.0,UTA,SF,14.0,0.0,208.0,13.7,0.586,0.716,0.158,3.6,15.6,9.5,12.9,1.8,0.5,11.3,22.3,0.2,0.1,0.2,0.055,-0.4,-2.0,-2.4,0.0
254.0,Justin Edwards,22.0,PHI,SF,13.0,3.0,208.0,10.8,0.569,0.681,0.101,5.3,8.7,7.0,12.1,1.2,0.9,10.0,16.1,0.2,0.1,0.4,0.086,-1.2,-0.8,-2.0,0.0
255.0,Jordan Walsh,21.0,BOS,PF,12.0,4.0,208.0,13.9,0.593,0.396,0.083,7.6,19.1,13.2,6.3,2.6,2.9,5.7,10.8,0.3,0.4,0.7,0.162,-1.5,2.2,0.7,0.1
256.0,Yves Missi,21.0,NOP,C,11.0,5.0,203.0,14.8,0.585,0.0,0.489,16.7,12.0,14.6,10.0,0.7,5.2,16.7,13.5,0.3,0.0,0.3,0.068,-0.9,-2.1,-3.0,-0.1
257.0,Kawhi Leonard,34.0,LAC,SF,6.0,6.0,201.0,25.1,0.625,0.333,0.257,2.9,16.1,9.7,19.3,3.7,1.9,8.6,28.0,0.5,0.2,0.7,0.168,4.3,0.9,5.2,0.4
258.0,Larry Nance Jr.,33.0,CLE,PF,13.0,1.0,200.0,5.8,0.412,0.474,0.053,5.7,16.2,10.8,11.0,1.7,1.8,13.4,13.8,-0.2,0.3,0.1,0.016,-6.7,0.5,-6.2,-0.2
259.0,Jaxson Hayes,25.0,LAL,C,12.0,1.0,200.0,15.1,0.725,0.026,0.368,9.4,19.3,14.6,8.8,1.2,2.5,12.0,10.7,0.5,0.2,0.7,0.16,0.2,0.2,0.4,0.1
260.0,Tyus Jones,29.0,ORL,PG,16.0,1.0,198.0,5.8,0.359,0.538,0.0,1.7,6.0,3.9,15.1,2.7,0.9,13.3,9.6,-0.2,0.3,0.1,0.025,-4.6,2.4,-2.3,0.0
261.0,Caris LeVert,31.0,DET,SG,10.0,0.0,198.0,14.0,0.604,0.435,0.29,1.1,8.0,4.6,24.4,1.4,2.0,17.9,19.6,0.2,0.2,0.4,0.097,0.1,-0.3,-0.2,0.1
262.0,Tobias Harris,33.0,DET,PF,6.0,6.0,193.0,10.9,0.513,0.394,0.254,2.8,17.0,10.0,11.6,1.2,0.5,9.2,18.4,0.1,0.3,0.4,0.088,-1.9,0.0,-1.9,0.0
263.0,Jabari Walker,23.0,PHI,PF,15.0,5.0,192.0,9.1,0.499,0.304,0.152,12.0,15.9,13.9,5.5,0.5,1.9,10.9,12.0,0.1,0.1,0.3,0.068,-3.6,-1.3,-4.9,-0.1
264.0,Walter Clayton,22.0,UTA,PG,12.0,0.0,190.0,10.9,0.563,0.536,0.25,3.4,11.8,7.5,28.1,1.5,1.6,22.5,17.1,0.1,0.0,0.1,0.033,-2.0,-0.4,-2.5,0.0
265.0,Jonas Valančiūnas,33.0,DEN,C,15.0,0.0,187.0,22.1,0.62,0.081,0.453,13.4,26.3,20.3,12.0,0.3,4.9,12.7,26.9,0.4,0.3,0.7,0.189,0.3,-0.4,-0.1,0.1
266.0,Luke Kornet,30.0,SAS,C,8.0,3.0,186.0,18.1,0.751,0.0,0.5,14.2,14.0,14.1,11.5,0.3,3.5,10.2,11.2,0.6,0.2,0.8,0.217,1.9,0.3,2.1,0.2
267.0,Jalen Wilson,25.0,BRK,PF,12.0,0.0,185.0,6.1,0.551,0.696,0.232,1.1,6.6,3.7,5.6,0.5,0.0,11.5,16.1,-0.1,-0.1,-0.1,-0.029,-3.3,-3.4,-6.8,-0.2
268.0,Gary Payton II,33.0,GSW,SG,17.0,0.0,184.0,12.4,0.511,0.375,0.042,8.3,20.3,14.2,15.8,2.9,3.0,15.5,13.3,0.1,0.3,0.4,0.099,-2.9,2.1,-0.7,0.1
269.0,Bilal Coulibaly,21.0,WAS,SG,7.0,7.0,178.0,12.5,0.526,0.446,0.429,2.4,14.6,8.5,17.7,2.1,3.9,15.3,18.4,0.0,0.1,0.0,0.009,-1.7,0.1,-1.6,0.0
270.0,Adem Bona,22.0,PHI,C,12.0,3.0,177.0,9.7,0.481,0.05,0.8,9.3,16.6,12.9,2.1,1.4,10.4,20.6,8.1,0.0,0.3,0.2,0.067,-4.5,2.1,-2.4,0.0
271.0,John Konchar,29.0,MEM,SG,14.0,0.0,172.0,12.3,0.6,0.63,0.111,3.6,19.6,11.4,13.3,3.3,2.8,15.0,8.0,0.1,0.3,0.4,0.117,-2.0,3.8,1.8,0.2
272.0,Drake Powell,20.0,BRK,SG,9.0,0.0,170.0,10.0,0.608,0.349,0.116,1.9,11.5,6.4,14.2,2.6,0.6,19.6,14.1,0.0,0.1,0.1,0.023,-4.0,0.4,-3.7,-0.1
273.0,Taurean Prince,31.0,MIL,SF,8.0,0.0,169.0,7.7,0.623,0.737,0.079,0.0,8.6,4.3,5.9,1.7,1.1,11.3,11.4,0.1,0.1,0.2,0.05,-3.3,-0.3,-3.6,-0.1
274.0,Bennedict Mathurin,23.0,IND,SF,5.0,5.0,169.0,21.4,0.668,0.413,0.72,5.1,17.7,11.0,11.6,0.8,0.5,11.6,26.8,0.5,0.1,0.6,0.159,4.6,-1.5,3.1,0.2
275.0,Precious Achiuwa,26.0,SAC,C,9.0,6.0,168.0,13.6,0.542,0.239,0.37,9.7,19.5,14.4,8.4,1.7,1.7,8.5,14.8,0.1,0.1,0.2,0.058,-1.0,-1.1,-2.1,0.0
276.0,Isaiah Collier,21.0,UTA,PG,7.0,1.0,165.0,13.1,0.678,0.154,0.692,0.0,14.3,7.0,39.3,0.6,1.8,29.2,17.7,0.2,0.0,0.2,0.057,-2.0,-2.1,-4.1,-0.1
277.0,Nick Richards,28.0,PHO,C,16.0,1.0,163.0,13.5,0.596,0.0,0.543,16.0,22.2,19.1,4.2,0.6,4.6,21.9,18.5,0.1,0.2,0.3,0.079,-4.4,-1.5,-5.9,-0.2
278.0,Paul Reed,26.0,DET,C,13.0,2.0,163.0,26.1,0.726,0.143,0.214,16.7,20.7,18.8,14.8,4.1,6.6,18.6,18.9,0.4,0.4,0.9,0.251,2.7,3.9,6.5,0.4
279.0,RayJ Dennis,24.0,IND,PG,12.0,0.0,162.0,7.1,0.433,0.529,0.129,4.7,7.5,6.0,23.8,0.9,2.2,15.9,22.0,-0.3,0.1,-0.2,-0.07,-3.5,-2.1,-5.5,-0.1
280.0,Sidy Cissoko,21.0,POR,SF,11.0,2.0,162.0,7.5,0.531,0.487,0.308,5.1,10.7,7.7,10.3,2.0,0.0,16.9,12.9,0.0,0.1,0.1,0.031,-4.4,-0.6,-5.0,-0.1
281.0,Jaden Hardy,23.0,DAL,SG,14.0,0.0,161.0,10.4,0.59,0.629,0.286,2.0,10.1,6.1,5.0,1.2,1.0,15.1,24.0,-0.1,0.2,0.1,0.021,-2.3,-0.8,-3.1,0.0
282.0,Ja'Kobe Walter,21.0,TOR,SG,13.0,0.0,160.0,8.6,0.56,0.711,0.184,6.5,6.1,6.3,6.8,3.9,0.6,19.6,13.5,0.0,0.2,0.2,0.062,-4.0,1.6,-2.4,0.0
283.0,Taylor Hendricks,22.0,UTA,PF,10.0,3.0,156.0,9.3,0.432,0.442,0.233,11.8,17.3,14.5,5.2,1.5,1.9,11.2,13.9,-0.1,0.1,0.0,0.002,-2.9,-2.2,-5.0,-0.1
284.0,Rob Dillingham,21.0,MIN,PG,14.0,0.0,154.0,8.8,0.441,0.229,0.157,2.2,10.3,6.4,24.4,3.7,0.0,19.4,25.3,-0.4,0.2,-0.1,-0.047,-7.4,-0.3,-7.7,-0.2
285.0,Tyrese Proctor,21.0,CLE,PG,14.0,0.0,154.0,6.8,0.456,0.641,0.141,1.4,8.7,4.9,15.0,1.2,0.0,8.1,19.7,-0.1,0.1,0.0,0.013,-5.5,-1.3,-6.8,-0.2
286.0,Jeremy Sochan,22.0,SAS,PF,9.0,0.0,154.0,12.8,0.648,0.419,0.256,3.1,18.4,11.1,15.8,1.3,1.8,17.3,16.0,0.2,0.2,0.4,0.127,-2.1,0.9,-1.2,0.0
287.0,Walker Kessler,24.0,UTA,C,5.0,5.0,154.0,20.8,0.786,0.216,0.541,16.1,22.6,19.3,14.7,2.1,5.8,25.9,16.3,0.3,0.2,0.5,0.148,1.3,1.8,3.1,0.2
288.0,Jonathan Isaac,28.0,ORL,PF,15.0,0.0,149.0,12.8,0.534,0.571,0.343,9.2,24.7,17.2,1.8,1.9,4.0,9.0,12.5,0.1,0.3,0.4,0.119,-1.9,1.0,-0.9,0.0
289.0,Micah Peavy,24.0,NOP,SG,12.0,0.0,149.0,8.4,0.446,0.348,0.109,8.3,12.3,10.1,10.6,0.7,1.4,4.0,14.1,0.1,0.0,0.0,0.011,-3.6,-2.5,-6.1,-0.2
290.0,Anthony Davis,32.0,DAL,PF,5.0,5.0,149.0,23.3,0.587,0.147,0.413,12.0,23.3,17.8,13.7,2.5,3.3,11.0,27.9,0.2,0.3,0.5,0.157,2.6,1.5,4.1,0.2
291.0,Dominick Barlow,22.0,PHI,PF,6.0,4.0,147.0,12.1,0.619,0.321,0.286,12.0,10.7,11.4,12.6,1.0,3.7,24.1,11.8,0.1,0.1,0.3,0.09,-1.2,0.3,-0.8,0.0
292.0,Moussa Cisse,23.0,DAL,C,13.0,1.0,143.0,14.5,0.598,0.0,0.833,16.2,19.3,17.8,2.1,1.0,9.3,21.2,15.2,0.0,0.3,0.3,0.098,-5.0,1.5,-3.6,-0.1
293.0,Hugo González,19.0,BOS,SF,12.0,1.0,142.0,8.6,0.509,0.313,0.031,5.9,10.9,8.3,6.4,3.5,1.4,15.6,11.5,0.0,0.2,0.2,0.068,-4.8,2.3,-2.5,0.0
294.0,Ochai Agbaji,25.0,TOR,SG,10.0,1.0,141.0,4.6,0.432,0.464,0.357,1.6,13.9,8.0,5.0,1.7,0.7,8.5,10.6,-0.1,0.2,0.1,0.023,-6.2,-0.2,-6.4,-0.2
295.0,Joel Embiid,31.0,PHI,C,6.0,6.0,140.0,23.9,0.576,0.322,0.402,7.1,19.3,13.1,25.0,1.7,5.9,13.5,35.4,0.2,0.2,0.4,0.13,3.3,1.4,4.7,0.2
296.0,Dylan Harper,19.0,SAS,SG,6.0,0.0,140.0,16.6,0.584,0.219,0.281,4.3,14.8,9.8,24.8,1.4,0.0,13.3,25.3,0.2,0.2,0.4,0.127,-0.4,0.3,-0.1,0.1
297.0,Ousmane Dieng,22.0,OKC,C,13.0,0.0,139.0,5.9,0.428,0.474,0.105,3.3,13.8,8.8,9.0,0.3,3.6,13.1,14.2,-0.2,0.3,0.1,0.035,-5.0,0.2,-4.8,-0.1
298.0,Trae Young,27.0,ATL,PG,5.0,5.0,139.0,16.8,0.511,0.371,0.557,0.0,7.7,4.0,39.7,1.4,0.7,10.3,29.6,0.2,0.1,0.3,0.089,1.0,-1.4,-0.4,0.1
299.0,Caleb Martin,30.0,DAL,SF,14.0,0.0,138.0,5.6,0.431,0.318,0.364,6.9,9.6,8.3,14.5,2.0,1.2,21.5,9.8,-0.1,0.2,0.1,0.046,-6.7,1.8,-4.9,-0.1
300.0,Cody Williams,21.0,UTA,SG,10.0,0.0,138.0,1.2,0.354,0.5,0.088,2.3,5.7,4.0,5.8,1.0,1.4,10.2,11.6,-0.2,0.0,-0.2,-0.079,-7.6,-2.8,-10.4,-0.3
301.0,Karlo Matković,24.0,NOP,PF,12.0,0.0,137.0,17.8,0.728,0.243,0.216,6.0,22.2,13.4,11.7,0.7,4.6,11.0,13.9,0.3,0.0,0.4,0.125,1.2,-0.2,1.0,0.1
302.0,Chris Paul,40.0,LAC,PG,10.0,0.0,137.0,8.3,0.374,0.667,0.03,4.3,10.6,7.5,32.6,3.6,0.0,24.8,14.3,-0.1,0.1,0.0,-0.009,-4.5,0.6,-3.9,-0.1
303.0,Mitchell Robinson,27.0,NYK,C,8.0,8.0,137.0,19.0,0.556,0.0,0.391,31.6,23.8,28.0,7.4,1.4,6.0,18.2,9.8,0.4,0.2,0.6,0.199,0.8,-1.3,-0.6,0.0
304.0,Guerschon Yabusele,30.0,NYK,C,13.0,0.0,133.0,7.4,0.418,0.711,0.158,9.8,16.6,13.0,4.7,0.7,1.5,4.7,13.1,0.0,0.1,0.1,0.047,-3.5,-1.7,-5.2,-0.1
305.0,Caleb Love,24.0,POR,SG,8.0,0.0,133.0,11.4,0.441,0.62,0.085,4.6,18.3,11.0,19.3,1.4,0.0,6.4,23.1,0.0,0.1,0.1,0.029,-1.2,-2.4,-3.6,-0.1
306.0,Pat Spencer,29.0,GSW,PG,10.0,0.0,132.0,14.8,0.472,0.321,0.226,7.5,10.3,8.9,33.0,2.9,0.7,10.7,20.9,0.1,0.2,0.3,0.104,-0.9,1.2,0.3,0.1
307.0,Amir Coffey,28.0,MIL,SG,13.0,0.0,128.0,5.8,0.517,0.421,0.158,3.5,8.7,6.2,6.6,0.0,0.7,4.7,7.2,0.1,0.0,0.1,0.04,-3.5,-2.1,-5.5,-0.1
308.0,Trayce Jackson-Davis,25.0,GSW,C,11.0,1.0,128.0,14.6,0.601,0.0,0.563,14.5,14.1,14.3,12.9,1.1,3.6,16.7,15.8,0.2,0.1,0.3,0.128,-2.2,-0.2,-2.5,0.0
309.0,Chaz Lanier,24.0,DET,SG,11.0,0.0,128.0,10.5,0.52,0.9,0.075,5.1,6.6,5.9,9.9,1.1,0.0,2.4,13.5,0.2,0.1,0.3,0.109,-0.2,-1.2,-1.4,0.0
310.0,Robert Williams,28.0,POR,C,10.0,0.0,128.0,19.9,0.653,0.118,0.029,15.2,22.6,18.7,8.8,2.2,5.6,10.4,11.7,0.3,0.2,0.5,0.171,2.5,0.5,3.0,0.2
311.0,Clint Capela,31.0,HOU,C,13.0,0.0,126.0,21.7,0.64,0.0,0.333,25.5,22.6,24.0,4.2,2.0,5.5,12.7,12.9,0.4,0.2,0.6,0.223,2.1,-0.6,1.5,0.1
312.0,Kevin Love,37.0,UTA,PF,9.0,0.0,126.0,12.5,0.601,0.848,0.364,6.0,24.9,15.3,19.6,0.0,3.1,17.3,14.9,0.2,0.0,0.2,0.08,-0.1,0.0,-0.1,0.1
313.0,Kobe Sanders,23.0,LAC,SG,7.0,2.0,126.0,6.7,0.527,0.595,0.19,4.7,6.2,5.5,9.4,1.6,1.5,19.5,19.8,-0.1,0.0,-0.1,-0.046,-4.3,-2.0,-6.3,-0.1
314.0,Baylor Scheierman,25.0,BOS,SG,12.0,0.0,124.0,13.4,0.824,0.818,0.045,4.2,17.8,10.9,6.3,1.2,0.8,8.2,8.4,0.3,0.1,0.5,0.175,0.2,1.2,1.4,0.1
315.0,Bradley Beal,32.0,LAC,SG,6.0,6.0,121.0,5.1,0.476,0.396,0.167,1.9,2.8,2.4,12.6,1.2,0.0,14.9,22.0,-0.2,0.0,-0.2,-0.088,-6.8,-4.2,-11.1,-0.3
316.0,Justin Champagnie,24.0,WAS,SF,13.0,3.0,119.0,14.5,0.501,0.387,0.581,15.9,16.6,16.2,8.9,2.4,0.0,4.9,14.3,0.2,0.0,0.2,0.094,-1.2,-2.2,-3.4,0.0
317.0,Bones Hyland,25.0,MIN,PG,13.0,0.0,118.0,13.1,0.596,0.61,0.098,1.9,11.7,7.0,21.1,2.4,0.0,15.8,18.0,0.1,0.1,0.3,0.105,-2.0,0.7,-1.4,0.0
318.0,Cam Christie,20.0,LAC,SG,10.0,0.0,116.0,14.8,0.586,0.5,0.528,3.0,12.5,7.9,10.2,1.3,1.7,4.3,17.6,0.2,0.0,0.3,0.106,1.2,-0.7,0.5,0.1
319.0,Dereck Lively II,21.0,DAL,C,7.0,4.0,115.0,14.9,0.67,0.0,0.556,12.8,20.4,16.7,16.1,1.6,7.9,30.9,11.7,0.1,0.2,0.3,0.145,-3.9,3.8,0.0,0.1
320.0,Terrence Shannon Jr.,25.0,MIN,SG,7.0,0.0,115.0,4.7,0.434,0.393,0.25,3.0,12.9,8.1,8.5,1.7,0.0,16.2,13.5,-0.1,0.1,0.0,-0.003,-6.0,-0.4,-6.5,-0.1
321.0,Dwight Powell,34.0,DAL,C,12.0,0.0,114.0,10.4,0.678,0.0,1.5,11.1,12.5,11.8,9.4,1.6,1.5,20.1,9.1,0.2,0.2,0.4,0.154,-5.0,1.7,-3.3,0.0
322.0,Maxime Raynaud,22.0,SAC,C,8.0,0.0,113.0,12.1,0.563,0.111,0.25,6.7,22.8,14.4,6.4,0.8,2.5,13.1,17.2,0.0,0.0,0.1,0.024,-2.6,-1.6,-4.2,-0.1
323.0,Liam McNeeley,20.0,CHO,SF,9.0,0.0,112.0,8.5,0.52,0.621,0.517,4.0,13.2,8.6,12.9,0.9,0.8,12.3,15.0,0.1,0.0,0.1,0.05,-3.0,-1.4,-4.4,-0.1
324.0,Pat Connaughton,33.0,CHO,SG,11.0,0.0,111.0,16.4,0.655,0.629,0.257,3.1,18.4,10.7,9.2,2.2,0.8,7.1,15.6,0.2,0.1,0.3,0.133,1.6,1.2,2.7,0.1
325.0,Bronny James,21.0,LAL,SG,10.0,1.0,111.0,6.1,0.377,0.407,0.074,4.5,5.1,4.8,20.2,3.5,0.9,22.3,13.9,-0.2,0.1,0.0,-0.012,-5.2,0.7,-4.5,-0.1
326.0,Spencer Jones,24.0,DEN,SF,11.0,0.0,110.0,6.2,0.765,0.6,0.4,5.4,0.9,3.0,6.3,3.1,0.8,33.8,6.9,0.1,0.1,0.2,0.08,-4.3,1.7,-2.6,0.0
327.0,Julian Phillips,22.0,CHI,SF,14.0,0.0,108.0,8.2,0.421,0.567,0.067,8.1,6.4,7.2,3.5,2.6,3.0,3.1,12.2,0.0,0.1,0.1,0.027,-3.7,-0.2,-3.9,-0.1
328.0,Isaiah Livers,27.0,PHO,PF,10.0,0.0,107.0,9.2,0.624,0.895,0.316,4.2,13.7,9.0,4.6,0.9,2.7,8.5,9.1,0.1,0.1,0.2,0.108,-1.6,-0.2,-1.8,0.0
329.0,Nae'Qwan Tomlin,25.0,CLE,PF,8.0,1.0,107.0,16.2,0.52,0.341,0.341,13.6,8.4,11.1,5.4,2.6,4.2,4.1,18.8,0.2,0.2,0.3,0.142,-1.7,0.7,-1.0,0.0
330.0,Brooks Barnhizer,23.0,OKC,SG,14.0,0.0,104.0,8.2,0.508,0.071,0.286,5.6,23.5,14.9,4.7,0.9,1.9,6.0,6.9,0.1,0.2,0.3,0.135,-3.7,1.8,-1.8,0.0
331.0,Kevon Looney,29.0,NOP,C,8.0,6.0,104.0,9.0,0.375,0.25,0.25,13.9,19.9,16.6,15.6,0.9,4.1,15.8,12.7,0.0,0.0,0.0,-0.005,-4.9,-1.1,-6.0,-0.1
332.0,Branden Carlson,26.0,OKC,C,12.0,0.0,101.0,13.6,0.523,0.459,0.135,6.9,16.8,12.1,8.2,1.0,7.0,7.1,18.0,0.0,0.2,0.3,0.134,-3.4,0.6,-2.8,0.0
333.0,Quenton Jackson,27.0,IND,PG,5.0,3.0,101.0,21.0,0.657,0.324,0.486,4.8,13.2,8.7,30.3,2.3,0.9,11.8,20.5,0.3,0.1,0.4,0.177,2.9,1.9,4.8,0.2
334.0,Darius Garland,26.0,CLE,PG,4.0,4.0,100.0,15.0,0.54,0.479,0.313,4.2,7.8,5.9,31.3,1.4,0.0,14.2,26.0,0.1,0.1,0.2,0.103,-0.1,-2.3,-2.4,0.0
335.0,Jett Howard,22.0,ORL,SF,11.0,0.0,99.0,10.6,0.563,0.75,0.0,1.2,6.6,3.9,10.1,1.0,2.6,3.0,14.1,0.1,0.1,0.2,0.101,0.1,0.6,0.7,0.1
336.0,Javon Small,23.0,MEM,PG,8.0,0.0,99.0,8.6,0.525,0.679,0.357,1.0,7.7,4.3,31.0,0.0,1.0,19.8,16.8,0.0,0.0,0.0,0.021,-2.1,-2.5,-4.6,-0.1
337.0,Blake Wesley,22.0,POR,SG,6.0,0.0,98.0,12.5,0.469,0.294,0.294,2.1,14.2,7.8,26.2,4.8,0.9,15.4,18.1,0.0,0.1,0.1,0.058,-4.2,3.4,-0.8,0.0
338.0,Nigel Hayes-Davis,31.0,PHO,SF,12.0,0.0,97.0,5.1,0.396,0.375,0.0,8.2,10.5,9.3,6.5,2.5,0.0,17.2,12.4,-0.1,0.1,0.0,-0.004,-6.0,-0.7,-6.7,-0.1
339.0,Ben Saraf,19.0,BRK,SG,7.0,5.0,97.0,3.0,0.377,0.481,0.296,3.3,12.6,7.6,24.4,1.0,0.0,22.8,17.4,-0.2,0.0,-0.2,-0.111,-6.8,-2.7,-9.4,-0.2
340.0,Tristan Vukcevic,22.0,WAS,C,12.0,1.0,96.0,7.0,0.484,0.444,0.333,5.5,13.0,9.2,8.8,1.0,3.6,19.5,22.3,-0.2,0.0,-0.2,-0.111,-6.5,-3.0,-9.5,-0.2
341.0,Gui Santos,23.0,GSW,PF,13.0,1.0,95.0,6.0,0.47,0.786,0.143,12.7,13.1,12.9,3.0,2.0,1.0,19.0,16.3,-0.1,0.1,0.0,-0.007,-6.0,-1.5,-7.5,-0.1
342.0,Gary Harris,31.0,MIL,SG,9.0,0.0,95.0,10.1,0.639,0.611,0.0,1.2,5.9,3.6,7.9,3.0,2.0,10.0,9.2,0.1,0.1,0.2,0.085,-2.3,2.0,-0.3,0.0
343.0,Olivier-Maxence Prosper,23.0,MEM,PF,10.0,0.0,94.0,18.2,0.719,0.261,0.957,7.7,13.8,10.7,9.4,1.0,1.0,10.9,16.1,0.3,0.1,0.4,0.194,1.1,-0.9,0.3,0.1
344.0,KJ Simpson,23.0,CHO,PG,7.0,0.0,93.0,7.0,0.417,0.385,0.103,3.6,13.4,8.5,27.5,2.1,0.0,19.7,22.5,-0.2,0.0,-0.1,-0.071,-5.3,-1.4,-6.7,-0.1
345.0,Taelon Peter,23.0,IND,SG,11.0,0.0,91.0,5.4,0.395,0.917,0.125,4.2,13.4,8.5,21.4,1.0,2.0,24.0,14.9,-0.2,0.0,-0.1,-0.065,-4.4,-0.8,-5.2,-0.1
346.0,Aaron Holiday,29.0,HOU,PG,9.0,0.0,91.0,17.1,0.751,0.679,0.536,0.0,4.8,2.5,10.4,1.1,1.1,12.6,17.9,0.3,0.1,0.4,0.202,2.9,0.1,3.0,0.1
347.0,Dalen Terry,23.0,CHI,SG,10.0,0.0,90.0,10.3,0.498,0.35,0.35,3.7,11.1,7.5,21.0,2.1,2.7,14.8,12.5,0.0,0.1,0.1,0.06,-3.5,1.4,-2.1,0.0
348.0,T.J. McConnell,33.0,IND,PG,6.0,0.0,90.0,17.5,0.527,0.213,0.021,1.1,14.8,7.4,43.1,2.1,0.0,7.8,23.2,0.1,0.1,0.2,0.091,0.5,-0.8,-0.2,0.0
349.0,Nick Smith Jr.,21.0,LAL,SG,6.0,0.0,90.0,9.7,0.548,0.486,0.081,0.0,7.6,4.0,20.7,1.6,1.1,20.7,23.0,-0.1,0.1,0.0,-0.021,-2.5,-2.5,-5.0,-0.1
350.0,Jericho Sims,27.0,MIL,C,11.0,0.0,88.0,9.8,0.768,0.0,0.5,10.3,16.5,13.4,5.5,0.5,3.2,29.1,6.8,0.1,0.1,0.2,0.097,-3.5,-0.5,-4.1,0.0
351.0,Gabe Vincent,29.0,LAL,PG,4.0,3.0,88.0,5.0,0.491,0.813,0.188,1.4,2.6,2.0,11.1,1.6,0.0,10.4,9.4,0.0,0.0,0.1,0.041,-4.0,-0.1,-4.1,0.0
352.0,Duop Reath,29.0,POR,C,12.0,0.0,86.0,14.0,0.854,0.917,0.0,1.2,6.7,3.8,6.5,0.0,1.0,4.0,11.4,0.3,0.0,0.3,0.154,3.6,-1.3,2.3,0.1
353.0,Jevon Carter,30.0,CHI,PG,6.0,0.0,85.0,14.4,0.631,0.848,0.182,2.6,8.2,5.5,12.7,2.2,0.0,10.1,19.3,0.1,0.0,0.2,0.101,1.3,-0.6,0.7,0.1
354.0,Tidjane Salaün,20.0,CHO,PF,7.0,0.0,83.0,9.6,0.508,0.632,0.316,6.8,27.3,17.1,7.9,1.2,1.1,12.2,12.3,0.0,0.1,0.1,0.053,-2.9,-0.9,-3.8,0.0
355.0,Asa Newell,20.0,ATL,PF,9.0,0.0,82.0,17.9,0.654,0.5,0.281,12.4,10.5,11.4,1.7,2.3,3.4,10.0,20.6,0.1,0.1,0.2,0.145,0.7,-1.2,-0.5,0.0
356.0,Obi Toppin,27.0,IND,PF,3.0,0.0,82.0,12.0,0.526,0.472,0.25,3.5,23.0,12.6,10.1,1.7,0.0,13.1,22.7,0.0,0.1,0.0,0.012,-2.3,-0.8,-3.0,0.0
357.0,Jamison Battle,24.0,TOR,SF,12.0,0.0,81.0,16.8,0.9,0.68,0.0,1.4,16.1,9.0,3.4,1.2,1.2,16.7,15.6,0.1,0.1,0.2,0.134,3.7,0.3,4.0,0.1
358.0,Chris Boucher,33.0,BOS,PF,7.0,0.0,76.0,6.9,0.372,0.545,0.091,2.8,21.7,12.0,3.4,2.6,6.7,4.2,13.4,-0.1,0.2,0.1,0.041,-7.5,2.5,-5.0,-0.1
359.0,Kobe Brown,26.0,LAC,PF,8.0,0.0,75.0,11.9,0.578,0.632,0.211,9.4,17.9,13.8,15.3,0.0,0.0,16.2,14.5,0.1,0.0,0.1,0.063,0.1,-1.9,-1.8,0.0
360.0,Zach Edey,23.0,MEM,C,3.0,3.0,75.0,19.3,0.651,0.083,0.417,12.5,18.8,15.6,4.2,2.5,5.1,12.3,17.8,0.1,0.1,0.2,0.16,-0.6,1.9,1.3,0.1
361.0,Jordan McLaughlin,29.0,SAS,PG,8.0,0.0,74.0,15.0,0.553,0.625,0.125,4.9,4.4,4.6,17.9,4.6,0.0,7.3,15.7,0.1,0.1,0.3,0.163,-0.4,3.5,3.0,0.1
362.0,Will Riley,19.0,WAS,SF,10.0,0.0,73.0,11.3,0.468,0.217,0.261,4.3,17.0,10.7,17.2,1.9,0.0,10.5,16.3,0.0,0.0,0.0,-0.012,-2.5,-1.8,-4.3,0.0
363.0,Chris Youngblood,23.0,OKC,SG,15.0,0.0,72.0,8.8,0.574,0.85,0.3,3.2,10.3,6.9,3.5,0.7,0.0,0.0,13.5,0.1,0.1,0.2,0.152,-3.9,-1.0,-4.9,-0.1
364.0,Julian Strawther,23.0,DEN,SG,9.0,0.0,71.0,7.7,0.462,0.533,0.433,0.0,20.2,10.9,7.3,0.0,1.3,7.7,23.2,-0.1,0.1,0.0,-0.002,-6.6,-2.7,-9.2,-0.1
365.0,Kelly Olynyk,34.0,SAS,C,6.0,0.0,69.0,19.3,0.674,0.389,0.444,10.4,18.9,14.9,31.1,2.1,0.0,18.9,16.4,0.2,0.1,0.3,0.231,2.2,2.7,4.8,0.1
366.0,Kyle Anderson,32.0,UTA,SF,4.0,0.0,69.0,13.2,0.501,0.0,0.409,6.3,9.8,8.0,29.5,2.1,0.0,10.4,17.0,0.1,0.0,0.1,0.073,-1.3,0.0,-1.3,0.0
367.0,Tyler Kolek,24.0,NYK,PG,10.0,0.0,67.0,6.5,0.479,0.542,0.0,3.0,5.2,4.0,26.1,0.7,0.0,20.0,18.3,0.0,0.0,0.0,-0.004,-4.1,-1.5,-5.6,-0.1
368.0,Thomas Bryant,28.0,CLE,C,11.0,0.0,66.0,8.2,0.38,0.48,0.12,7.9,20.4,13.9,2.1,2.1,4.1,3.7,16.9,-0.1,0.1,0.0,0.003,-7.0,-0.7,-7.7,-0.1
369.0,Elijah Harkless,25.0,UTA,SG,7.0,0.0,66.0,7.5,0.568,0.636,0.818,3.3,6.8,5.0,9.8,2.9,0.0,16.7,11.0,0.0,0.0,0.1,0.044,-5.1,1.5,-3.6,0.0
370.0,Devin Carter,23.0,SAC,PG,8.0,0.0,65.0,6.9,0.366,0.524,0.238,5.0,16.2,10.4,17.8,4.3,1.4,20.5,19.0,-0.2,0.1,-0.1,-0.093,-6.5,1.7,-4.8,0.0
371.0,Xavier Tillman Sr.,27.0,BOS,C,8.0,0.0,65.0,15.3,0.556,0.444,0.0,11.3,17.0,14.1,10.5,2.3,1.6,5.3,12.5,0.1,0.1,0.2,0.164,0.5,1.5,1.9,0.1
372.0,Monte Morris,30.0,IND,PG,6.0,0.0,65.0,7.1,0.414,0.4,0.2,1.5,10.2,5.5,20.4,0.7,1.4,8.4,14.8,0.0,0.0,0.0,-0.021,-4.6,-2.0,-6.6,-0.1
373.0,Carter Bryant,20.0,SAS,PF,10.0,0.0,64.0,3.4,0.388,0.519,0.111,5.6,15.3,10.7,0.0,1.5,1.5,12.4,21.5,-0.2,0.1,-0.1,-0.086,-8.0,-3.4,-11.4,-0.2
374.0,Jared McCain,21.0,PHI,SG,6.0,0.0,62.0,-3.3,0.271,0.542,0.0,0.0,10.9,5.4,8.3,0.8,0.0,11.1,18.2,-0.3,0.0,-0.2,-0.172,-11.5,-3.3,-14.8,-0.2
375.0,Coby White,25.0,CHI,SG,2.0,0.0,58.0,26.3,0.676,0.548,0.548,0.0,8.6,4.5,39.8,2.4,0.0,13.5,31.8,0.3,0.0,0.3,0.239,6.5,-0.4,6.1,0.1
376.0,Ariel Hukporti,23.0,NYK,C,8.0,2.0,56.0,7.2,0.5,0.0,0.0,12.6,20.8,16.4,10.9,0.9,3.7,38.5,9.5,0.0,0.1,0.0,0.032,-5.5,1.0,-4.4,0.0
377.0,Rayan Rupert,21.0,POR,SG,9.0,0.0,55.0,4.3,0.353,0.636,0.364,3.7,21.0,11.9,4.4,3.4,0.0,13.6,10.5,-0.1,0.1,0.0,-0.009,-7.9,0.6,-7.3,-0.1
378.0,Cody Martin,30.0,IND,SF,4.0,0.0,55.0,3.1,0.277,0.5,0.6,1.7,26.2,13.1,4.9,3.4,3.3,24.0,12.3,-0.2,0.1,-0.1,-0.095,-10.1,1.7,-8.4,-0.1
379.0,Keshad Johnson,24.0,MIA,SF,6.0,0.0,54.0,10.4,0.394,0.5,0.25,9.9,25.0,17.9,2.3,2.5,5.2,7.0,21.4,-0.1,0.1,0.0,0.02,-5.4,0.0,-5.4,0.0
380.0,Jalen Pickett,26.0,DEN,SG,7.0,1.0,53.0,8.6,0.583,0.467,0.067,4.5,9.7,7.3,16.7,0.0,0.0,20.6,15.6,0.0,0.0,0.1,0.05,-2.3,-1.9,-4.2,0.0
381.0,Bobi Klintman,22.0,DET,SF,6.0,0.0,53.0,4.2,0.381,0.524,0.143,10.3,21.9,16.2,9.8,1.8,0.0,18.3,21.1,-0.2,0.1,-0.1,-0.062,-8.5,-2.0,-10.5,-0.1
382.0,Yang Hansen,20.0,POR,C,7.0,0.0,50.0,6.0,0.433,0.3,0.35,10.3,13.9,12.0,10.8,0.0,5.4,23.3,23.5,-0.1,0.0,-0.1,-0.112,-8.2,-1.9,-10.0,-0.1
383.0,Maxi Kleber,34.0,LAL,PF,4.0,0.0,50.0,9.2,0.717,0.75,0.5,5.0,11.3,8.3,9.6,1.0,4.0,0.0,4.2,0.1,0.0,0.1,0.133,-0.8,1.7,0.9,0.0
384.0,Matisse Thybulle,28.0,POR,SG,4.0,0.0,49.0,21.3,0.85,0.6,0.4,0.0,9.4,4.4,8.1,9.5,0.0,7.8,10.2,0.2,0.1,0.3,0.265,0.5,10.3,10.8,0.2
385.0,Jordan Miller,26.0,LAC,SF,3.0,0.0,49.0,18.6,0.717,0.563,0.5,7.2,11.4,9.4,9.5,1.0,0.0,13.3,20.2,0.1,0.0,0.1,0.145,4.8,-2.9,1.9,0.1
386.0,Zeke Nnaji,25.0,DEN,PF,7.0,1.0,48.0,6.3,0.533,0.6,0.5,2.5,10.7,6.9,5.0,2.0,1.9,14.1,12.6,0.0,0.1,0.1,0.064,-6.0,0.2,-5.8,0.0
387.0,Noah Penda,21.0,ORL,SF,7.0,0.0,47.0,16.8,0.666,0.182,0.364,14.6,16.1,15.4,18.1,1.0,3.7,19.0,14.2,0.1,0.1,0.2,0.182,1.0,0.8,1.8,0.0
388.0,Luke Travers,24.0,CLE,SG,6.0,0.0,47.0,8.9,0.268,0.375,0.375,8.9,16.7,12.6,10.3,3.0,7.7,5.1,17.1,-0.1,0.1,0.0,-0.009,-5.8,1.6,-4.2,0.0
389.0,Rasheer Fleming,21.0,PHO,PF,8.0,0.0,46.0,7.1,0.385,0.579,0.211,17.3,12.3,14.8,5.6,1.0,2.1,12.6,21.4,-0.1,0.0,0.0,-0.022,-6.3,-4.5,-10.9,-0.1
390.0,GG Jackson II,21.0,MEM,PF,7.0,0.0,46.0,8.0,0.334,0.478,0.391,6.8,21.2,13.8,6.3,4.1,2.1,3.6,25.0,-0.2,0.1,-0.1,-0.076,-8.3,-0.7,-8.9,-0.1
391.0,Bismack Biyombo,33.0,SAS,C,6.0,0.0,46.0,3.6,0.5,0.0,0.0,5.2,9.5,7.4,5.0,3.1,2.0,50.0,3.7,0.0,0.1,0.1,0.058,-6.5,2.8,-3.7,0.0
392.0,Lindy Waters III,28.0,SAS,SG,6.0,0.0,46.0,9.5,0.625,1.0,0.0,0.0,16.5,8.7,8.3,0.0,0.0,0.0,11.1,0.1,0.0,0.1,0.122,0.1,-0.8,-0.8,0.0
393.0,Paul George,35.0,PHI,PF,2.0,2.0,46.0,20.1,0.58,0.524,0.524,0.0,29.4,14.5,19.7,2.1,4.0,13.4,27.2,0.0,0.1,0.1,0.115,2.9,2.3,5.3,0.1
394.0,Ryan Nembhard,22.0,DAL,PG,5.0,0.0,45.0,4.9,0.49,0.267,0.2,2.3,0.0,1.2,31.1,0.0,0.0,26.9,20.7,-0.1,0.0,-0.1,-0.084,-5.8,-4.1,-10.0,-0.1
395.0,Bryce McGowens,23.0,NOP,SG,6.0,0.0,43.0,11.1,0.517,0.154,0.769,0.0,11.3,5.2,10.0,2.3,0.0,5.4,17.9,0.0,0.0,0.0,0.043,-4.1,-0.7,-4.8,0.0
396.0,Wendell Moore Jr.,24.0,DET,SG,3.0,0.0,43.0,7.7,0.5,0.167,0.0,2.5,7.4,5.0,8.4,2.2,2.3,14.3,6.7,0.0,0.1,0.1,0.071,-3.8,1.5,-2.3,0.0
397.0,Jae'Sean Tate,30.0,HOU,SF,8.0,0.0,41.0,1.5,0.364,0.273,0.0,2.8,13.4,8.2,3.0,1.2,0.0,8.3,12.1,0.0,0.0,0.0,-0.015,-9.6,-1.9,-11.5,-0.1
398.0,Brandon Miller,23.0,CHO,SF,2.0,2.0,40.0,14.0,0.493,0.44,0.4,0.0,0.0,0.0,33.7,1.2,2.2,9.3,33.5,0.0,0.0,0.0,0.019,-3.4,-2.6,-6.0,0.0
399.0,Malaki Branham,22.0,WAS,SG,6.0,0.0,39.0,23.5,0.726,0.5,0.857,8.1,16.0,12.0,11.9,0.0,0.0,9.4,22.7,0.2,0.0,0.2,0.192,5.6,-2.7,2.9,0.0
400.0,AJ Johnson,21.0,WAS,SG,8.0,0.0,38.0,1.3,0.274,0.182,0.364,5.5,8.2,6.9,13.2,0.0,0.0,7.3,15.1,-0.1,0.0,-0.1,-0.149,-7.8,-4.9,-12.7,-0.1
401.0,Joan Beringer,19.0,MIN,PF,9.0,0.0,37.0,16.3,0.731,0.0,0.273,6.1,28.7,17.8,0.0,1.3,4.9,14.0,16.2,0.1,0.1,0.1,0.161,-3.9,1.1,-2.8,0.0
402.0,Leonard Miller,22.0,MIN,SF,8.0,0.0,37.0,10.3,0.528,0.417,0.417,3.1,28.7,16.3,14.8,2.6,0.0,22.0,20.6,0.0,0.1,0.0,0.027,-7.2,0.9,-6.3,0.0
403.0,Johnny Furphy,21.0,IND,SG,3.0,0.0,37.0,4.8,0.667,0.5,0.0,2.6,15.0,8.3,0.0,2.6,0.0,33.3,9.9,0.0,0.0,0.0,-0.02,-7.0,1.1,-5.9,0.0
404.0,David Jones García,24.0,SAS,SF,5.0,0.0,36.0,33.7,0.669,0.067,0.333,10.0,18.1,14.3,54.4,4.0,2.6,5.5,21.6,0.2,0.1,0.3,0.407,9.2,5.5,14.7,0.2
405.0,Khaman Maluach,19.0,PHO,C,7.0,0.0,35.0,6.6,0.618,0.429,1.143,3.2,16.1,9.7,3.6,0.0,10.8,32.2,18.4,-0.1,0.0,0.0,-0.007,-10.7,1.2,-9.4,-0.1
406.0,Jonathan Mogbo,24.0,TOR,PF,7.0,0.0,35.0,11.6,0.5,0.0,0.0,9.9,18.6,14.4,13.6,1.4,5.5,14.3,8.4,0.0,0.1,0.1,0.123,-1.3,2.0,0.7,0.0
407.0,Caleb Houstan,23.0,ATL,SF,6.0,0.0,35.0,9.3,0.618,0.7,0.3,9.7,0.0,4.7,7.3,1.3,2.6,20.9,17.3,0.0,0.0,0.0,0.048,-3.6,-2.6,-6.2,0.0
408.0,Nolan Traoré,19.0,BRK,PG,4.0,0.0,35.0,2.3,0.354,0.667,0.222,0.0,3.5,1.6,19.5,2.8,0.0,16.8,14.5,-0.1,0.0,-0.1,-0.09,-8.3,-2.0,-10.3,-0.1
409.0,Drew Peterson,26.0,CHO,PF,2.0,0.0,35.0,2.4,0.253,0.667,0.222,3.2,9.7,6.5,3.6,1.4,2.5,0.0,11.7,-0.1,0.0,-0.1,-0.075,-7.4,-1.6,-9.0,-0.1
410.0,Jase Richardson,20.0,ORL,SG,8.0,0.0,34.0,3.8,0.436,0.667,0.333,0.0,6.4,3.3,26.6,0.0,0.0,30.4,12.3,0.0,0.0,0.0,-0.029,-3.8,-1.5,-5.4,0.0
411.0,Mac McClung,27.0,IND,SG,3.0,0.0,34.0,13.2,0.481,0.556,0.222,0.0,13.0,6.1,5.1,7.0,2.7,9.2,26.0,-0.1,0.1,0.0,0.009,-5.6,5.9,0.3,0.0
412.0,Yanic Konan Niederhauser,22.0,LAC,C,6.0,0.0,33.0,31.6,0.861,0.0,0.727,14.2,10.2,12.2,18.1,0.0,5.9,12.1,22.0,0.2,0.0,0.2,0.282,6.9,1.1,8.0,0.1
413.0,Dylan Cardwell,24.0,SAC,C,3.0,1.0,33.0,2.6,0.363,0.167,0.333,6.6,10.6,8.5,0.0,2.8,8.5,22.5,11.4,-0.1,0.0,0.0,-0.064,-12.2,0.2,-12.0,-0.1
414.0,Keegan Murray,25.0,SAC,PF,1.0,0.0,33.0,3.4,0.423,0.462,0.0,0.0,10.6,5.1,4.3,0.0,0.0,7.1,18.0,-0.1,0.0,-0.1,-0.128,-6.4,-6.4,-12.8,-0.1
415.0,Charles Bassey,25.0,MEM,C,2.0,0.0,31.0,12.6,0.376,0.0,0.375,23.4,28.0,25.7,8.9,1.5,3.1,9.7,13.7,0.0,0.0,0.0,0.077,-3.4,-1.0,-4.4,0.0
416.0,Mason Plumlee,35.0,CHO,C,6.0,0.0,30.0,7.1,0.798,0.0,2.0,3.8,15.1,9.4,8.6,0.0,0.0,34.7,7.9,0.0,0.0,0.0,0.015,-4.0,-1.3,-5.3,0.0
417.0,Jamir Watkins,24.0,WAS,SG,4.0,0.0,30.0,9.6,0.698,0.429,0.286,3.5,17.3,10.4,0.0,0.0,2.9,11.3,12.3,0.0,0.0,0.0,0.049,-5.2,-3.5,-8.7,-0.1
418.0,Jalen Green,23.0,PHO,SG,2.0,2.0,30.0,28.8,0.615,0.609,0.217,7.6,7.5,7.6,25.9,3.2,0.0,7.4,37.5,0.1,0.0,0.1,0.208,10.8,0.5,11.3,0.1
419.0,LeBron James,41.0,LAL,SF,1.0,1.0,30.0,21.8,0.628,0.429,0.571,4.2,7.6,6.0,53.9,1.6,0.0,10.2,13.9,0.1,0.0,0.2,0.252,7.7,1.7,9.4,0.1
420.0,Dario Šarić,31.0,SAC,C,3.0,0.0,28.0,5.0,0.425,0.4,0.4,3.9,16.7,10.0,8.7,0.0,0.0,14.5,10.4,0.0,0.0,0.0,-0.038,-3.5,-2.1,-5.7,0.0
421.0,PJ Hall,23.0,MEM,C,7.0,0.0,27.0,18.8,0.63,0.333,0.333,11.5,24.1,17.7,11.7,0.0,7.1,8.8,17.3,0.1,0.0,0.1,0.16,1.5,0.1,1.7,0.0
422.0,Tyson Etienne,26.0,BRK,PG,5.0,0.0,25.0,-5.7,0.273,0.909,0.0,0.0,0.0,0.0,0.0,0.0,0.0,0.0,18.8,-0.1,0.0,-0.1,-0.231,-12.4,-7.0,-19.4,-0.1
423.0,E.J. Liddell,25.0,BRK,PF,5.0,0.0,25.0,9.2,0.487,0.727,0.273,4.3,29.3,15.9,0.0,0.0,0.0,0.0,21.1,0.0,0.0,0.0,0.005,-3.5,-4.9,-8.3,0.0
424.0,JD Davison,23.0,HOU,PG,5.0,0.0,24.0,15.0,0.619,0.75,0.25,0.0,0.0,0.0,11.3,2.1,4.1,0.0,15.3,0.1,0.0,0.1,0.165,1.5,0.3,1.8,0.0
425.0,Joe Ingles,38.0,MIN,SF,6.0,0.0,23.0,5.2,0.0,1.0,0.0,0.0,0.0,0.0,29.2,2.1,0.0,0.0,3.6,0.0,0.0,0.0,0.06,-3.2,1.6,-1.6,0.0
426.0,DeAndre Jordan,37.0,NOP,C,2.0,1.0,23.0,18.8,0.765,0.0,0.4,17.9,31.8,24.3,0.0,0.0,0.0,14.5,12.5,0.1,0.0,0.1,0.125,2.1,-3.3,-1.2,0.0
427.0,Andre Jackson Jr.,24.0,MIL,SG,6.0,0.0,22.0,6.4,0.0,0.5,0.0,5.1,5.1,5.1,30.4,4.4,4.3,50.0,7.9,0.0,0.0,0.0,-0.006,-5.4,3.4,-2.1,0.0
428.0,Tolu Smith,25.0,DET,PF,2.0,0.0,22.0,36.3,0.767,0.0,0.875,19.9,33.6,26.8,14.4,2.2,4.5,8.3,22.5,0.1,0.1,0.2,0.414,10.0,3.8,13.7,0.1
429.0,Johnny Juzang,24.0,MIN,SG,7.0,0.0,21.0,4.8,0.455,0.778,0.222,5.4,10.1,7.8,6.3,0.0,0.0,9.2,21.7,0.0,0.0,0.0,-0.031,-5.7,-4.1,-9.8,0.0
430.0,Jeff Green,39.0,HOU,PF,5.0,0.0,21.0,21.7,1.0,1.0,0.0,5.5,5.2,5.3,0.0,0.0,4.7,0.0,11.8,0.1,0.0,0.1,0.257,8.3,-0.6,7.7,0.1
431.0,Mark Sears,23.0,MIL,PG,5.0,0.0,21.0,17.2,0.759,0.556,0.889,5.4,0.0,2.7,7.2,0.0,0.0,24.2,34.2,0.0,0.0,0.0,0.045,4.0,-4.1,-0.1,0.0
432.0,Jahmyl Telfort,24.0,LAC,PF,4.0,0.0,21.0,-7.9,0.105,1.0,1.333,0.0,10.6,5.5,5.9,0.0,0.0,17.4,12.1,-0.1,0.0,-0.1,-0.249,-13.6,-4.0,-17.6,-0.1
433.0,Eric Gordon,37.0,PHI,SG,3.0,0.0,21.0,8.4,0.8,0.8,0.0,0.0,0.0,0.0,6.7,2.3,0.0,28.6,14.0,0.0,0.0,0.0,0.026,-2.0,-0.7,-2.7,0.0
434.0,Antonio Reeves,25.0,CHO,SG,2.0,0.0,21.0,12.7,0.75,0.833,0.0,5.4,5.4,5.4,0.0,0.0,0.0,0.0,11.8,0.1,0.0,0.1,0.114,2.8,-1.3,1.6,0.0
435.0,James Wiseman,24.0,IND,C,1.0,1.0,20.0,5.3,0.667,0.0,0.0,19.2,0.0,10.3,0.0,0.0,4.5,50.0,12.2,0.0,0.0,0.0,-0.084,-8.9,-4.6,-13.5,-0.1
436.0,Mohamed Diawara,20.0,NYK,SF,8.0,0.0,18.0,12.5,0.717,0.25,0.5,0.0,12.9,6.0,7.7,2.7,5.7,17.0,13.3,0.0,0.0,0.0,0.085,-2.2,3.0,0.8,0.0
437.0,Anthony Gill,33.0,WAS,PF,6.0,0.0,18.0,23.3,0.962,0.2,0.8,11.7,17.3,14.5,0.0,0.0,0.0,22.8,20.3,0.1,0.0,0.1,0.175,3.3,-2.7,0.6,0.0
438.0,Isaac Jones,25.0,2TM,PF,4.0,1.0,18.0,7.1,0.512,0.5,0.5,12.0,0.0,6.2,7.0,0.0,0.0,0.0,11.3,0.0,0.0,0.0,0.066,-6.2,-2.6,-8.8,0.0
438.0,Isaac Jones,25.0,SAC,PF,3.0,1.0,17.0,5.5,0.521,0.5,1.0,12.7,0.0,6.6,7.4,0.0,0.0,0.0,7.2,0.0,0.0,0.0,0.058,-6.4,-2.2,-8.6,0.0
438.0,Isaac Jones,25.0,DET,PF,1.0,0.0,1.0,34.6,0.5,0.5,0.0,0.0,0.0,0.0,0.0,0.0,0.0,0.0,81.9,0.0,0.0,0.0,0.215,-2.7,-9.9,-12.6,0.0
439.0,Hunter Tyson,25.0,DEN,PF,5.0,0.0,17.0,-4.7,0.0,0.571,0.0,7.0,54.3,32.4,0.0,2.8,0.0,0.0,17.5,-0.1,0.0,-0.1,-0.225,-15.8,-4.1,-19.8,-0.1
440.0,Jahmir Young,25.0,MIA,PG,3.0,0.0,16.0,8.0,0.5,0.375,0.0,0.0,6.0,3.2,25.2,0.0,0.0,11.1,22.7,0.0,0.0,0.0,0.002,-3.3,-2.5,-5.8,0.0
441.0,N'Faly Dante,24.0,ATL,C,4.0,0.0,15.0,12.6,0.338,0.0,0.25,22.6,28.7,25.7,0.0,6.3,0.0,18.4,15.3,0.0,0.0,0.0,0.052,-3.8,-1.2,-5.0,0.0
442.0,Ron Harper Jr.,25.0,BOS,SF,3.0,0.0,15.0,21.5,0.571,0.857,0.0,7.0,14.7,10.8,29.7,0.0,6.7,0.0,19.9,0.1,0.0,0.1,0.256,6.3,2.8,9.1,0.0
443.0,Pacome Dadiet,20.0,NYK,SG,5.0,0.0,14.0,8.6,0.41,0.25,0.5,0.0,25.0,11.6,17.4,0.0,0.0,0.0,14.2,0.0,0.0,0.0,0.072,-5.4,-0.5,-5.9,0.0
444.0,Daeqwon Plowden,27.0,SAC,SG,1.0,0.0,14.0,-0.1,0.2,0.6,0.0,15.5,0.0,8.0,0.0,0.0,0.0,0.0,15.1,0.0,0.0,-0.1,-0.186,-7.0,-5.9,-12.9,0.0
445.0,Harrison Ingram,23.0,SAS,SF,3.0,0.0,11.0,20.6,0.833,0.333,0.0,32.7,0.0,15.6,0.0,0.0,0.0,0.0,11.6,0.1,0.0,0.1,0.278,7.4,-2.9,4.5,0.0
446.0,Javonte Cooke,26.0,POR,SG,2.0,0.0,11.0,-3.1,0.286,0.286,0.0,9.3,0.0,4.9,13.0,4.2,0.0,22.2,32.0,-0.1,0.0,-0.1,-0.345,-14.2,-4.2,-18.3,0.0
447.0,Miles Kelly,23.0,DAL,PG,2.0,0.0,11.0,2.7,0.5,0.5,0.0,9.6,27.8,18.9,0.0,0.0,0.0,33.3,11.4,0.0,0.0,0.0,-0.023,-9.8,0.7,-9.1,0.0
448.0,Garrett Temple,39.0,TOR,SG,3.0,0.0,10.0,10.9,0.694,1.0,1.0,0.0,10.9,5.6,12.1,0.0,9.6,25.8,16.4,0.0,0.0,0.0,0.053,-0.5,0.5,0.0,0.0
449.0,Garrison Mathews,29.0,IND,SG,1.0,0.0,10.0,-9.2,0.0,1.0,0.0,0.0,11.1,5.1,0.0,0.0,0.0,0.0,12.2,-0.1,0.0,-0.1,-0.284,-13.7,-6.6,-20.2,0.0
450.0,Thanasis Antetokounmpo,33.0,MIL,SF,4.0,0.0,9.0,17.0,0.5,0.0,0.0,0.0,12.4,6.3,0.0,5.3,20.8,0.0,9.7,0.0,0.0,0.0,0.124,-2.5,9.0,6.5,0.0
451.0,Jacob Toppin,25.0,ATL,SF,3.0,0.0,9.0,18.3,0.75,0.0,0.0,0.0,12.0,6.1,0.0,0.0,0.0,0.0,18.8,0.0,0.0,0.0,0.143,-0.3,-1.0,-1.3,0.0
452.0,Kevin Porter Jr.,25.0,MIL,PG,1.0,1.0,9.0,45.6,0.85,0.6,0.4,0.0,0.0,0.0,39.4,5.3,0.0,0.0,28.4,0.1,0.0,0.1,0.564,15.1,4.2,19.3,0.1
453.0,Riley Minix,25.0,SAS,SF,3.0,0.0,8.0,45.6,0.75,0.5,0.0,15.0,13.6,14.3,32.0,6.0,0.0,0.0,32.0,0.1,0.0,0.1,0.433,17.8,7.0,24.8,0.1
454.0,Danny Wolf,21.0,BRK,PF,3.0,0.0,8.0,15.8,0.532,0.0,2.0,0.0,30.6,14.2,31.6,0.0,0.0,0.0,10.1,0.0,0.0,0.0,0.16,2.4,2.1,4.5,0.0
455.0,Myron Gardner,24.0,MIA,SF,2.0,0.0,8.0,25.8,1.5,1.0,0.0,0.0,24.1,12.7,18.3,0.0,0.0,0.0,10.1,0.0,0.0,0.1,0.359,7.2,7.2,14.4,0.0
456.0,Adou Thiero,21.0,LAL,SF,2.0,0.0,8.0,28.1,1.042,0.0,1.0,15.7,0.0,7.4,0.0,0.0,0.0,0.0,15.4,0.1,0.0,0.1,0.402,5.7,0.2,5.9,0.0
457.0,Trey Jemison,26.0,NYK,C,1.0,0.0,8.0,6.0,,,,12.6,14.6,13.5,0.0,0.0,0.0,,0.0,0.0,0.0,0.0,0.082,-0.5,-2.4,-2.9,0.0
458.0,Doug McDermott,34.0,SAC,SF,1.0,0.0,8.0,15.7,1.0,1.0,0.0,0.0,0.0,0.0,0.0,0.0,0.0,25.0,21.2,0.0,0.0,0.0,-0.009,5.6,-1.7,3.9,0.0
459.0,Hunter Sallis,22.0,PHI,SG,3.0,0.0,7.0,0.0,1.0,0.0,0.0,0.0,16.1,8.0,20.0,0.0,0.0,66.7,18.0,0.0,0.0,0.0,-0.192,-10.8,-1.9,-12.7,0.0
460.0,Chris Mañon,24.0,LAL,SG,2.0,0.0,7.0,-0.6,0.0,1.0,0.0,0.0,32.4,17.0,0.0,0.0,14.2,0.0,6.1,0.0,0.0,0.0,-0.049,-12.1,2.7,-9.4,0.0
461.0,Amari Williams,24.0,BOS,PF,2.0,0.0,7.0,21.7,0.5,0.0,0.0,15.0,15.7,15.4,19.5,7.1,0.0,0.0,12.2,0.0,0.0,0.0,0.259,1.5,5.7,7.2,0.0
462.0,Colby Jones,23.0,DET,SG,1.0,0.0,7.0,13.2,0.333,0.667,0.0,0.0,60.3,30.7,37.6,0.0,0.0,0.0,17.5,0.0,0.0,0.0,0.127,-3.1,5.4,2.3,0.0
463.0,Johni Broome,23.0,PHI,PF,2.0,0.0,6.0,22.4,0.4,0.2,0.0,36.6,0.0,18.6,31.8,0.0,0.0,0.0,34.9,0.0,0.0,0.0,0.07,2.3,-7.0,-4.7,0.0
464.0,Christian Koloko,25.0,LAL,C,2.0,0.0,6.0,-0.3,,,,0.0,18.9,9.9,0.0,0.0,0.0,,0.0,0.0,0.0,0.0,0.029,-6.7,-1.3,-8.0,0.0
465.0,Jahmai Mashack,23.0,MEM,SG,1.0,0.0,6.0,28.8,0.75,1.0,0.0,0.0,36.2,17.7,0.0,0.0,0.0,0.0,27.5,0.0,0.0,0.0,0.196,8.3,0.1,8.4,0.0
466.0,Jamal Cain,26.0,ORL,SF,3.0,0.0,5.0,26.9,1.25,0.5,0.0,0.0,0.0,0.0,46.3,0.0,0.0,33.3,25.3,0.0,0.0,0.0,0.202,4.2,3.6,7.9,0.0
467.0,Hunter Dickinson,25.0,NOP,C,1.0,0.0,5.0,-11.2,0.5,0.0,0.0,0.0,0.0,0.0,0.0,0.0,21.1,50.0,33.5,-0.1,0.0,-0.1,-0.54,-27.0,0.2,-26.7,0.0
468.0,Sharife Cooper,24.0,WAS,PG,2.0,0.0,4.0,-11.9,,,,0.0,0.0,0.0,0.0,0.0,0.0,100.0,10.4,0.0,0.0,0.0,-0.385,-14.1,-7.8,-22.0,0.0
469.0,DaRon Holmes,23.0,DEN,PF,2.0,0.0,4.0,24.6,1.5,1.0,0.0,0.0,0.0,0.0,0.0,0.0,0.0,0.0,10.6,0.0,0.0,0.0,0.209,10.6,1.1,11.7,0.0
470.0,Koby Brea,23.0,PHO,SG,1.0,0.0,4.0,35.1,0.694,0.5,1.0,0.0,0.0,0.0,39.6,0.0,0.0,0.0,29.8,0.0,0.0,0.0,0.473,6.7,-1.7,5.0,0.0
471.0,Pete Nance,25.0,MIL,PF,1.0,0.0,4.0,86.4,1.0,0.6,0.0,0.0,28.0,14.1,0.0,0.0,0.0,0.0,54.4,0.1,0.0,0.1,1.498,51.0,7.7,58.7,0.1
472.0,Jamaree Bouyea,26.0,PHO,PG,1.0,0.0,3.0,47.3,0.75,0.5,0.0,0.0,0.0,0.0,60.9,0.0,31.5,0.0,27.6,0.0,0.0,0.0,0.59,25.6,7.3,32.9,0.0
473.0,Kyle Lowry,39.0,PHI,PG,1.0,0.0,3.0,63.8,1.5,1.0,0.0,0.0,0.0,0.0,63.6,16.1,0.0,0.0,14.0,0.0,0.0,0.1,0.889,27.2,22.2,49.4,0.0
474.0,Orlando Robinson,25.0,ORL,C,1.0,0.0,2.0,-7.4,,,,0.0,0.0,0.0,0.0,0.0,0.0,,0.0,0.0,0.0,0.0,0.025,-17.6,-0.8,-18.4,0.0
,League Average,,,,,,,,0.583,0.419,0.286,5.3,14.7,10.0,16.3,1.7,1.9,12.7,19.9,,,,,,,,
