Rk,Player,Age,Team,Pos,G,GS,MP,FG%,2P%,3P%,eFG%,FT%,TS%,FTr,3PAr,FG+,2P+,3P+,eFG+,FT+,TS+,FTr+,3PAr+,FG Add,TS Add
1.0,Tyrese Maxey,25.0,PHI,PG,15.0,15.0,610.0,0.473,0.51,0.421,0.56,0.878,0.618,0.35,0.413,101.0,93.0,117.0,103.0,111.0,106.0,123.0,99.0,12.0,29.3
2.0,Franz Wagner,24.0,ORL,SF,16.0,16.0,568.0,0.454,0.503,0.333,0.502,0.835,0.578,0.465,0.288,97.0,92.0,93.0,92.0,106.0,99.0,163.0,69.0,-21.3,-2.8
3.0,VJ Edgecombe,20.0,PHI,SG,15.0,15.0,560.0,0.407,0.433,0.366,0.477,0.737,0.503,0.176,0.38,87.0,79.0,102.0,88.0,93.0,86.0,62.0,91.0,-28.5,-37.0
4.0,Shai Gilgeous-Alexander,27.0,OKC,PG,16.0,16.0,535.0,0.529,0.585,0.385,0.583,0.897,0.654,0.446,0.278,113.0,107.0,107.0,107.0,114.0,112.0,157.0,66.0,26.0,56.4
5.0,Trey Murphy III,25.0,NOP,SF,15.0,15.0,534.0,0.468,0.57,0.381,0.571,0.943,0.62,0.243,0.541,100.0,104.0,106.0,105.0,120.0,106.0,85.0,129.0,12.3,18.0
6.0,Devin Booker,29.0,PHO,SG,15.0,15.0,530.0,0.493,0.553,0.345,0.543,0.903,0.614,0.39,0.29,105.0,101.0,96.0,100.0,114.0,105.0,137.0,69.0,0.2,21.4
7.0,Miles Bridges,27.0,CHO,PF,15.0,15.0,529.0,0.423,0.485,0.363,0.515,0.897,0.566,0.257,0.509,90.0,89.0,101.0,95.0,114.0,97.0,90.0,122.0,-14.7,-9.4
8.0,Dyson Daniels,22.0,ATL,SG,16.0,16.0,528.0,0.485,0.522,0.2,0.496,0.591,0.508,0.169,0.115,104.0,95.0,56.0,91.0,75.0,87.0,59.0,28.0,-12.1,-20.7
9.0,DeMar DeRozan,36.0,SAC,PF,16.0,16.0,526.0,0.493,0.517,0.371,0.523,0.865,0.584,0.347,0.164,105.0,95.0,104.0,96.0,110.0,100.0,122.0,39.0,-8.2,1.1
10.0,Desmond Bane,27.0,ORL,SG,16.0,16.0,525.0,0.429,0.483,0.329,0.487,0.925,0.539,0.235,0.35,92.0,88.0,92.0,90.0,117.0,93.0,82.0,84.0,-25.3,-21.3
11.0,Toumani Camara,25.0,POR,PF,15.0,15.0,519.0,0.396,0.545,0.301,0.488,0.714,0.505,0.124,0.609,85.0,100.0,84.0,90.0,90.0,87.0,44.0,146.0,-18.5,-27.6
12.0,Evan Mobley,24.0,CLE,PF,15.0,15.0,515.0,0.472,0.531,0.348,0.528,0.604,0.555,0.453,0.325,101.0,97.0,97.0,97.0,77.0,95.0,159.0,78.0,-6.1,-14.1
13.0,Deni Avdija,25.0,POR,SF,15.0,15.0,510.0,0.485,0.553,0.376,0.558,0.832,0.623,0.458,0.388,104.0,101.0,105.0,103.0,105.0,107.0,161.0,93.0,7.7,25.3
14.0,Ryan Rollins,23.0,MIL,PG,16.0,15.0,505.0,0.511,0.556,0.443,0.6,0.8,0.62,0.158,0.398,109.0,102.0,124.0,110.0,101.0,106.0,56.0,95.0,25.1,17.7
15.0,Cooper Flagg,19.0,DAL,PG,15.0,15.0,505.0,0.455,0.521,0.293,0.497,0.783,0.534,0.232,0.293,97.0,95.0,82.0,92.0,99.0,92.0,82.0,70.0,-17.9,-21.1
16.0,Kon Knueppel,20.0,CHO,SF,15.0,14.0,502.0,0.473,0.58,0.403,0.595,0.886,0.624,0.171,0.605,101.0,106.0,113.0,110.0,112.0,107.0,60.0,145.0,21.5,18.4
17.0,Lauri Markkanen,28.0,UTA,PF,14.0,14.0,502.0,0.485,0.566,0.385,0.571,0.885,0.625,0.319,0.449,104.0,104.0,108.0,105.0,112.0,107.0,112.0,107.0,17.2,29.3
18.0,James Harden,36.0,LAC,PG,14.0,14.0,501.0,0.44,0.514,0.382,0.547,0.913,0.632,0.473,0.56,94.0,94.0,107.0,101.0,116.0,109.0,166.0,134.0,2.2,29.1
19.0,Brandon Ingram,28.0,TOR,SF,15.0,15.0,499.0,0.496,0.568,0.302,0.537,0.878,0.593,0.319,0.272,106.0,104.0,84.0,99.0,111.0,102.0,112.0,65.0,-2.9,5.9
20.0,Devin Vassell,25.0,SAS,SG,15.0,15.0,498.0,0.407,0.468,0.359,0.508,0.8,0.531,0.137,0.566,87.0,86.0,100.0,94.0,101.0,91.0,48.0,135.0,-12.6,-19.7
21.0,Julius Randle,31.0,MIN,PF,15.0,15.0,496.0,0.524,0.59,0.37,0.579,0.833,0.639,0.439,0.297,112.0,108.0,103.0,107.0,106.0,110.0,154.0,71.0,17.9,33.2
22.0,Andrew Wiggins,30.0,MIA,SF,15.0,15.0,496.0,0.481,0.545,0.365,0.546,0.649,0.56,0.178,0.356,103.0,100.0,102.0,101.0,82.0,96.0,62.0,85.0,1.2,-10.2
23.0,Derrick White,31.0,BOS,SG,15.0,15.0,493.0,0.359,0.43,0.305,0.446,0.825,0.481,0.173,0.567,77.0,79.0,85.0,82.0,105.0,83.0,61.0,136.0,-44.8,-50.5
24.0,Scottie Barnes,24.0,TOR,PF,15.0,15.0,491.0,0.5,0.534,0.389,0.546,0.813,0.578,0.211,0.237,107.0,98.0,109.0,101.0,103.0,99.0,74.0,57.0,1.5,-2.1
25.0,Mikal Bridges,29.0,NYK,SF,14.0,14.0,491.0,0.503,0.589,0.407,0.599,0.778,0.618,0.158,0.474,107.0,108.0,114.0,110.0,99.0,106.0,55.0,113.0,19.4,13.0
26.0,Pascal Siakam,31.0,IND,PF,14.0,14.0,490.0,0.459,0.503,0.351,0.509,0.682,0.55,0.414,0.289,98.0,92.0,98.0,94.0,86.0,95.0,145.0,69.0,-17.8,-20.1
27.0,Brandin Podziemski,22.0,GSW,SG,17.0,8.0,487.0,0.432,0.483,0.378,0.524,0.771,0.553,0.207,0.485,92.0,88.0,106.0,96.0,98.0,95.0,73.0,116.0,-6.5,-10.7
28.0,Wendell Carter Jr.,26.0,ORL,C,16.0,16.0,486.0,0.516,0.561,0.435,0.594,0.807,0.647,0.445,0.359,110.0,103.0,121.0,109.0,102.0,111.0,156.0,86.0,13.0,19.7
29.0,Max Christie,22.0,DAL,SG,16.0,13.0,484.0,0.475,0.5,0.461,0.621,0.75,0.639,0.199,0.631,102.0,91.0,129.0,114.0,95.0,110.0,70.0,151.0,21.9,17.5
30.0,Dennis Schröder,32.0,SAC,PG,16.0,12.0,483.0,0.387,0.439,0.312,0.45,0.727,0.477,0.173,0.403,83.0,80.0,87.0,83.0,92.0,82.0,61.0,96.0,-35.3,-43.3
31.0,Nikola Jokić,30.0,DEN,C,14.0,14.0,483.0,0.641,0.733,0.4,0.696,0.857,0.736,0.384,0.274,137.0,134.0,112.0,128.0,109.0,126.0,135.0,66.0,72.7,85.4
32.0,Payton Pritchard,28.0,BOS,PG,15.0,15.0,482.0,0.441,0.605,0.331,0.54,0.825,0.571,0.198,0.599,94.0,111.0,92.0,99.0,105.0,98.0,70.0,143.0,-1.3,-4.7
33.0,Duncan Robinson,31.0,DET,SF,15.0,15.0,482.0,0.447,0.548,0.418,0.61,0.75,0.627,0.17,0.78,96.0,100.0,117.0,112.0,95.0,108.0,60.0,186.0,18.9,13.5
34.0,Keyonte George,22.0,UTA,PG,14.0,14.0,482.0,0.427,0.522,0.292,0.487,0.931,0.578,0.432,0.41,91.0,95.0,81.0,90.0,118.0,99.0,152.0,98.0,-26.0,-2.2
35.0,Jaylen Brown,29.0,BOS,SF,15.0,15.0,481.0,0.503,0.563,0.349,0.552,0.772,0.589,0.297,0.277,108.0,103.0,97.0,102.0,98.0,101.0,104.0,66.0,5.5,4.9
36.0,Alperen Şengün,23.0,HOU,C,13.0,13.0,480.0,0.489,0.497,0.447,0.527,0.745,0.58,0.447,0.174,104.0,91.0,125.0,97.0,94.0,100.0,157.0,41.0,-6.7,-1.2
37.0,Myles Turner,29.0,MIL,C,16.0,16.0,478.0,0.436,0.453,0.424,0.561,0.686,0.581,0.224,0.59,93.0,83.0,118.0,103.0,87.0,100.0,79.0,141.0,5.6,-0.6
38.0,Quentin Grimes,25.0,PHI,SG,15.0,0.0,477.0,0.465,0.547,0.402,0.578,0.831,0.631,0.378,0.564,99.0,100.0,112.0,107.0,105.0,108.0,133.0,135.0,12.3,19.4
39.0,Immanuel Quickley,26.0,TOR,PG,15.0,15.0,477.0,0.467,0.565,0.381,0.569,0.756,0.595,0.225,0.533,100.0,103.0,107.0,105.0,96.0,102.0,79.0,127.0,9.4,5.1
40.0,Donovan Mitchell,29.0,CLE,SG,14.0,14.0,477.0,0.507,0.633,0.385,0.605,0.828,0.65,0.351,0.507,108.0,116.0,107.0,111.0,105.0,112.0,123.0,121.0,34.9,43.9
41.0,RJ Barrett,25.0,TOR,SF,15.0,15.0,476.0,0.5,0.593,0.342,0.563,0.727,0.595,0.308,0.369,107.0,108.0,95.0,104.0,92.0,102.0,108.0,88.0,8.7,6.0
42.0,Rudy Gobert,33.0,MIN,C,15.0,15.0,475.0,0.764,0.764,,0.764,0.489,0.725,0.528,0.0,163.0,140.0,,141.0,62.0,124.0,185.0,0.0,39.4,31.3
43.0,Rui Hachimura,27.0,LAL,PF,14.0,14.0,475.0,0.566,0.615,0.481,0.655,0.733,0.67,0.207,0.372,121.0,113.0,134.0,121.0,93.0,115.0,73.0,89.0,32.6,27.8
44.0,Ivica Zubac,28.0,LAC,C,15.0,15.0,473.0,0.605,0.605,,0.605,0.75,0.628,0.233,0.0,129.0,111.0,,111.0,95.0,108.0,82.0,0.0,21.3,17.2
45.0,Jalen Johnson,24.0,ATL,SF,14.0,14.0,472.0,0.58,0.631,0.4,0.624,0.812,0.663,0.337,0.22,124.0,115.0,112.0,115.0,103.0,114.0,118.0,52.0,33.5,37.9
46.0,Kevin Durant,37.0,HOU,SF,13.0,13.0,470.0,0.496,0.54,0.377,0.547,0.887,0.621,0.433,0.272,106.0,99.0,105.0,101.0,112.0,107.0,152.0,65.0,1.8,20.5
47.0,Onyeka Okongwu,25.0,ATL,C,16.0,6.0,469.0,0.526,0.604,0.419,0.614,0.774,0.645,0.303,0.423,112.0,110.0,117.0,113.0,98.0,111.0,106.0,101.0,25.0,25.1
48.0,Jimmy Butler,36.0,GSW,SF,15.0,15.0,469.0,0.535,0.554,0.455,0.578,0.864,0.672,0.686,0.192,114.0,101.0,127.0,107.0,110.0,115.0,241.0,46.0,12.3,40.3
49.0,Zach LaVine,30.0,SAC,SG,14.0,14.0,469.0,0.512,0.606,0.412,0.611,0.889,0.652,0.256,0.483,109.0,111.0,115.0,113.0,113.0,112.0,90.0,116.0,28.9,32.6
50.0,Amen Thompson,23.0,HOU,SF,13.0,13.0,466.0,0.467,0.519,0.2,0.484,0.759,0.527,0.293,0.163,100.0,95.0,56.0,89.0,96.0,91.0,103.0,39.0,-21.7,-22.9
51.0,Karl-Anthony Towns,30.0,NYK,C,14.0,14.0,465.0,0.429,0.493,0.317,0.487,0.874,0.566,0.424,0.366,92.0,90.0,89.0,90.0,111.0,97.0,149.0,87.0,-25.2,-8.5
52.0,P.J. Washington,27.0,DAL,PF,15.0,15.0,463.0,0.423,0.492,0.297,0.475,0.662,0.513,0.357,0.352,90.0,90.0,83.0,88.0,84.0,88.0,125.0,84.0,-24.6,-29.2
53.0,Donte DiVincenzo,29.0,MIN,SG,15.0,15.0,461.0,0.433,0.556,0.395,0.583,0.85,0.624,0.267,0.76,93.0,102.0,110.0,107.0,108.0,107.0,94.0,182.0,12.2,13.8
54.0,Jaime Jaquez Jr.,24.0,MIA,SF,15.0,0.0,459.0,0.516,0.571,0.207,0.531,0.787,0.576,0.318,0.151,110.0,104.0,58.0,98.0,100.0,99.0,112.0,36.0,-4.4,-2.8
55.0,A.J. Green,26.0,MIL,SG,16.0,16.0,458.0,0.486,0.556,0.48,0.707,0.789,0.721,0.171,0.919,104.0,102.0,134.0,130.0,100.0,124.0,60.0,220.0,36.5,33.0
56.0,Davion Mitchell,27.0,MIA,PG,15.0,15.0,455.0,0.5,0.558,0.4,0.574,0.591,0.581,0.18,0.369,107.0,102.0,112.0,106.0,75.0,100.0,63.0,88.0,7.6,-0.3
57.0,Isaiah Hartenstein,27.0,OKC,C,16.0,16.0,454.0,0.688,0.711,0.0,0.688,0.684,0.699,0.304,0.032,147.0,130.0,0.0,127.0,87.0,120.0,107.0,8.0,36.3,33.0
58.0,Gary Trent Jr.,27.0,MIL,SG,16.0,12.0,453.0,0.399,0.444,0.378,0.528,0.722,0.543,0.126,0.685,85.0,81.0,105.0,97.0,92.0,93.0,44.0,164.0,-4.2,-11.7
59.0,Harrison Barnes,33.0,SAS,PF,15.0,15.0,452.0,0.537,0.683,0.463,0.691,0.929,0.724,0.228,0.667,115.0,125.0,129.0,127.0,118.0,124.0,80.0,159.0,36.5,38.4
60.0,Herbert Jones,27.0,NOP,SF,15.0,15.0,452.0,0.397,0.431,0.364,0.489,0.739,0.514,0.176,0.504,85.0,79.0,102.0,90.0,94.0,88.0,62.0,120.0,-14.2,-19.3
61.0,Ajay Mitchell,23.0,OKC,SG,16.0,5.0,451.0,0.443,0.5,0.3,0.486,0.915,0.547,0.281,0.286,95.0,91.0,84.0,89.0,116.0,94.0,99.0,68.0,-24.0,-16.8
62.0,Russell Westbrook,37.0,SAC,SF,16.0,10.0,449.0,0.433,0.469,0.393,0.525,0.638,0.546,0.261,0.467,93.0,86.0,110.0,97.0,81.0,94.0,92.0,112.0,-6.4,-14.7
63.0,Jamal Murray,28.0,DEN,PG,13.0,13.0,448.0,0.461,0.533,0.352,0.531,0.927,0.581,0.241,0.399,98.0,97.0,98.0,98.0,117.0,100.0,85.0,95.0,-5.5,-0.7
64.0,Royce O'Neale,32.0,PHO,SF,15.0,11.0,444.0,0.434,0.478,0.425,0.61,0.667,0.613,0.044,0.831,93.0,87.0,119.0,112.0,84.0,105.0,15.0,199.0,18.4,8.6
65.0,Nikola Vučević,35.0,CHI,C,14.0,14.0,443.0,0.495,0.534,0.429,0.575,0.76,0.591,0.134,0.376,106.0,98.0,120.0,106.0,96.0,102.0,47.0,90.0,12.1,3.6
66.0,Cade Cunningham,24.0,DET,PG,12.0,12.0,441.0,0.436,0.505,0.275,0.477,0.811,0.535,0.338,0.301,93.0,92.0,77.0,88.0,103.0,92.0,119.0,72.0,-34.8,-28.9
67.0,Jaden McDaniels,25.0,MIN,PF,14.0,14.0,436.0,0.553,0.566,0.521,0.626,0.842,0.656,0.224,0.282,118.0,103.0,145.0,115.0,107.0,113.0,78.0,67.0,28.4,27.6
68.0,Jaren Jackson Jr.,26.0,MEM,C,15.0,15.0,435.0,0.47,0.522,0.368,0.532,0.803,0.58,0.327,0.337,101.0,96.0,103.0,98.0,102.0,100.0,115.0,80.0,-4.3,-1.0
69.0,Nickeil Alexander-Walker,27.0,ATL,SG,14.0,11.0,435.0,0.47,0.565,0.356,0.551,0.853,0.605,0.343,0.455,100.0,103.0,99.0,101.0,108.0,104.0,121.0,109.0,3.1,10.6
70.0,Jarace Walker,22.0,IND,PF,15.0,9.0,433.0,0.306,0.321,0.289,0.376,0.795,0.428,0.248,0.484,65.0,59.0,81.0,69.0,101.0,73.0,87.0,116.0,-52.4,-53.8
71.0,Austin Reaves,27.0,LAL,SG,12.0,12.0,433.0,0.49,0.628,0.326,0.565,0.872,0.649,0.563,0.457,105.0,115.0,91.0,104.0,110.0,112.0,197.0,109.0,9.2,34.8
72.0,Anthony Black,22.0,ORL,PG,16.0,3.0,432.0,0.476,0.589,0.291,0.531,0.694,0.564,0.338,0.379,102.0,108.0,81.0,98.0,88.0,97.0,119.0,91.0,-3.4,-6.0
73.0,Cason Wallace,22.0,OKC,SG,15.0,15.0,432.0,0.417,0.471,0.375,0.522,0.909,0.542,0.096,0.557,89.0,86.0,105.0,96.0,115.0,93.0,34.0,133.0,-4.8,-9.5
74.0,Naji Marshall,28.0,DAL,SF,16.0,1.0,428.0,0.477,0.573,0.304,0.531,0.797,0.603,0.539,0.359,102.0,105.0,85.0,98.0,101.0,104.0,189.0,86.0,-3.0,6.6
75.0,Jake LaRavia,24.0,LAL,PF,15.0,6.0,428.0,0.487,0.594,0.34,0.559,0.667,0.584,0.328,0.42,104.0,109.0,95.0,103.0,84.0,100.0,115.0,100.0,3.8,0.4
76.0,Draymond Green,35.0,GSW,PF,15.0,15.0,425.0,0.391,0.435,0.359,0.495,0.588,0.506,0.155,0.582,84.0,80.0,100.0,91.0,75.0,87.0,54.0,139.0,-10.4,-17.8
77.0,Deandre Ayton,27.0,LAL,C,14.0,14.0,425.0,0.699,0.699,,0.699,0.565,0.695,0.147,0.0,149.0,128.0,,129.0,72.0,119.0,52.0,0.0,48.6,37.6
78.0,Cedric Coward,22.0,MEM,SG,16.0,3.0,424.0,0.481,0.548,0.41,0.58,0.902,0.634,0.315,0.481,103.0,100.0,115.0,107.0,114.0,109.0,111.0,115.0,12.1,19.2
79.0,Michael Porter Jr.,27.0,BRK,SF,13.0,13.0,424.0,0.474,0.583,0.36,0.562,0.864,0.604,0.252,0.487,101.0,107.0,100.0,104.0,110.0,104.0,89.0,116.0,9.0,11.3
80.0,Kelly Oubre Jr.,30.0,PHI,SF,12.0,12.0,418.0,0.497,0.622,0.343,0.574,0.789,0.606,0.255,0.45,106.0,114.0,96.0,106.0,100.0,104.0,90.0,107.0,9.2,8.0
81.0,Grayson Allen,30.0,PHO,SG,13.0,13.0,417.0,0.468,0.508,0.447,0.616,0.794,0.638,0.197,0.659,100.0,93.0,125.0,113.0,101.0,110.0,69.0,157.0,25.2,21.1
82.0,Stephon Castle,21.0,SAS,PG,13.0,13.0,416.0,0.497,0.619,0.24,0.535,0.694,0.585,0.548,0.323,106.0,113.0,67.0,99.0,88.0,100.0,193.0,77.0,-2.3,1.0
83.0,Victor Wembanyama,22.0,SAS,C,12.0,12.0,416.0,0.502,0.558,0.345,0.548,0.857,0.609,0.38,0.262,107.0,102.0,96.0,101.0,109.0,105.0,133.0,63.0,2.1,13.6
84.0,CJ McCollum,34.0,WAS,SG,14.0,14.0,415.0,0.395,0.414,0.375,0.487,0.818,0.527,0.226,0.492,84.0,76.0,105.0,90.0,104.0,91.0,79.0,118.0,-21.7,-23.6
85.0,Giannis Antetokounmpo,31.0,MIL,PF,13.0,13.0,414.0,0.629,0.639,0.5,0.647,0.636,0.662,0.532,0.073,134.0,117.0,140.0,119.0,81.0,114.0,187.0,17.0,51.8,48.6
86.0,Santi Aldama,25.0,MEM,PF,16.0,1.0,412.0,0.475,0.59,0.325,0.545,0.605,0.558,0.215,0.435,101.0,108.0,91.0,100.0,77.0,96.0,75.0,104.0,0.9,-9.6
87.0,Julian Champagnie,24.0,SAS,SF,15.0,10.0,412.0,0.434,0.577,0.391,0.584,0.774,0.616,0.274,0.77,93.0,106.0,109.0,108.0,98.0,106.0,96.0,184.0,9.3,8.5
88.0,Nic Claxton,26.0,BRK,C,14.0,14.0,412.0,0.576,0.603,0.0,0.576,0.703,0.62,0.561,0.045,123.0,110.0,0.0,106.0,89.0,106.0,197.0,11.0,8.7,12.4
89.0,Josh Giddey,23.0,CHI,PG,12.0,12.0,410.0,0.466,0.5,0.373,0.516,0.754,0.562,0.361,0.267,100.0,91.0,104.0,95.0,95.0,97.0,127.0,64.0,-10.3,-8.8
90.0,Kyshawn George,22.0,WAS,SF,13.0,13.0,409.0,0.503,0.547,0.455,0.61,0.692,0.627,0.239,0.472,108.0,100.0,127.0,112.0,88.0,108.0,84.0,113.0,22.0,16.2
91.0,Jalen Brunson,29.0,NYK,PG,12.0,12.0,408.0,0.468,0.528,0.363,0.534,0.848,0.586,0.313,0.361,100.0,97.0,101.0,98.0,107.0,101.0,110.0,86.0,-4.6,2.1
92.0,Luka Dončić,26.0,LAL,PG,11.0,11.0,405.0,0.472,0.617,0.317,0.548,0.79,0.617,0.556,0.484,101.0,113.0,88.0,101.0,100.0,106.0,195.0,116.0,2.8,21.5
93.0,Stephen Curry,37.0,GSW,PG,13.0,13.0,401.0,0.464,0.574,0.389,0.58,0.913,0.636,0.32,0.596,99.0,105.0,109.0,107.0,116.0,109.0,112.0,142.0,18.6,30.9
94.0,Jrue Holiday,35.0,POR,PG,12.0,12.0,401.0,0.446,0.531,0.365,0.539,0.84,0.565,0.151,0.512,95.0,97.0,102.0,99.0,106.0,97.0,53.0,122.0,-1.2,-6.1
95.0,Kyle Kuzma,30.0,MIL,PF,15.0,6.0,400.0,0.49,0.594,0.265,0.532,0.776,0.575,0.316,0.316,105.0,109.0,74.0,98.0,98.0,99.0,111.0,76.0,-3.3,-2.6
96.0,Shaedon Sharpe,22.0,POR,SG,14.0,14.0,400.0,0.439,0.545,0.258,0.487,0.803,0.535,0.29,0.37,94.0,100.0,72.0,90.0,102.0,92.0,102.0,88.0,-29.4,-28.0
97.0,Jaylen Wells,22.0,MEM,SG,16.0,16.0,399.0,0.375,0.478,0.289,0.454,0.68,0.475,0.164,0.546,80.0,87.0,81.0,84.0,86.0,82.0,58.0,130.0,-27.0,-34.8
98.0,Jerami Grant,31.0,POR,PF,14.0,2.0,399.0,0.473,0.516,0.421,0.568,0.84,0.644,0.556,0.45,101.0,94.0,118.0,105.0,106.0,111.0,195.0,107.0,8.5,26.0
99.0,Sion James,23.0,CHO,SG,15.0,10.0,398.0,0.438,0.441,0.435,0.563,0.81,0.6,0.263,0.575,94.0,81.0,121.0,104.0,103.0,103.0,92.0,137.0,3.2,3.1
100.0,Matas Buzelis,21.0,CHI,PF,14.0,14.0,396.0,0.481,0.532,0.403,0.561,0.861,0.599,0.231,0.397,103.0,97.0,113.0,103.0,109.0,103.0,81.0,95.0,5.6,5.9
101.0,Jeremiah Fears,19.0,NOP,PG,15.0,13.0,394.0,0.449,0.493,0.327,0.492,0.833,0.531,0.212,0.263,96.0,90.0,91.0,91.0,106.0,91.0,74.0,63.0,-19.9,-22.1
102.0,Jabari Smith Jr.,22.0,HOU,PF,12.0,12.0,394.0,0.454,0.513,0.385,0.543,0.8,0.569,0.177,0.461,97.0,94.0,107.0,100.0,101.0,98.0,62.0,110.0,-0.1,-4.0
103.0,Paolo Banchero,23.0,ORL,PF,12.0,12.0,393.0,0.461,0.53,0.25,0.492,0.766,0.573,0.624,0.247,98.0,97.0,70.0,91.0,97.0,98.0,219.0,59.0,-18.2,-4.1
104.0,Ben Sheppard,24.0,IND,SG,15.0,6.0,386.0,0.33,0.462,0.222,0.391,0.824,0.425,0.148,0.548,71.0,84.0,62.0,72.0,104.0,73.0,52.0,131.0,-34.8,-38.6
105.0,Tristan Da Silva,24.0,ORL,SF,16.0,4.0,384.0,0.477,0.552,0.415,0.591,0.792,0.611,0.161,0.55,102.0,101.0,116.0,109.0,100.0,105.0,57.0,131.0,14.2,9.2
106.0,Kris Dunn,31.0,LAC,PG,15.0,9.0,384.0,0.471,0.549,0.353,0.541,0.722,0.565,0.212,0.4,101.0,100.0,99.0,100.0,92.0,97.0,74.0,96.0,-0.3,-3.2
107.0,Donovan Clingan,21.0,POR,C,15.0,15.0,383.0,0.479,0.635,0.209,0.517,0.909,0.557,0.188,0.368,102.0,116.0,58.0,95.0,115.0,96.0,66.0,88.0,-6.0,-6.5
108.0,John Collins,28.0,LAC,PF,15.0,6.0,380.0,0.504,0.57,0.324,0.547,0.788,0.581,0.241,0.27,108.0,104.0,91.0,101.0,100.0,100.0,85.0,65.0,1.3,-0.4
109.0,Moses Moody,23.0,GSW,SG,15.0,7.0,380.0,0.42,0.405,0.427,0.569,0.829,0.606,0.254,0.696,90.0,74.0,119.0,105.0,105.0,104.0,89.0,166.0,7.2,7.4
110.0,Terance Mann,29.0,BRK,SG,14.0,14.0,380.0,0.467,0.54,0.357,0.538,0.826,0.573,0.219,0.4,100.0,99.0,100.0,99.0,105.0,98.0,77.0,96.0,-1.0,-2.1
111.0,Svi Mykhailiuk,28.0,UTA,SF,14.0,14.0,378.0,0.486,0.733,0.387,0.624,0.833,0.632,0.057,0.714,104.0,134.0,108.0,115.0,106.0,109.0,20.0,171.0,17.0,10.7
112.0,Alex Sarr,20.0,WAS,C,13.0,13.0,377.0,0.519,0.564,0.35,0.556,0.737,0.578,0.201,0.212,111.0,103.0,98.0,102.0,93.0,99.0,71.0,51.0,4.8,-1.6
113.0,Saddiq Bey,26.0,NOP,SF,14.0,7.0,376.0,0.419,0.46,0.384,0.522,0.677,0.545,0.228,0.537,90.0,84.0,107.0,96.0,86.0,94.0,80.0,128.0,-5.6,-11.3
114.0,Jalen Duren,22.0,DET,C,13.0,13.0,376.0,0.674,0.674,,0.674,0.779,0.721,0.66,0.0,144.0,123.0,,124.0,99.0,124.0,232.0,0.0,37.7,51.6
115.0,De'Andre Hunter,28.0,CLE,SF,13.0,13.0,376.0,0.449,0.584,0.31,0.526,0.86,0.582,0.324,0.494,96.0,107.0,87.0,97.0,109.0,100.0,114.0,118.0,-6.1,-0.2
116.0,Jock Landale,30.0,MEM,C,16.0,13.0,374.0,0.545,0.598,0.436,0.616,0.667,0.63,0.248,0.322,117.0,109.0,122.0,113.0,84.0,108.0,87.0,77.0,17.6,12.7
117.0,OG Anunoby,28.0,NYK,PF,12.0,12.0,373.0,0.476,0.574,0.392,0.582,0.76,0.601,0.17,0.537,102.0,105.0,110.0,107.0,96.0,103.0,60.0,128.0,11.4,6.0
118.0,Norman Powell,32.0,MIA,SG,12.0,12.0,373.0,0.495,0.513,0.47,0.593,0.933,0.66,0.379,0.419,106.0,94.0,131.0,109.0,118.0,113.0,133.0,100.0,20.1,36.0
119.0,Ryan Kalkbrenner,24.0,CHO,C,14.0,14.0,371.0,0.811,0.822,0.0,0.811,0.792,0.822,0.324,0.014,173.0,150.0,0.0,149.0,100.0,141.0,114.0,3.0,39.7,40.5
120.0,Anfernee Simons,26.0,BOS,SG,15.0,0.0,368.0,0.413,0.426,0.404,0.533,0.84,0.559,0.15,0.593,88.0,78.0,113.0,98.0,106.0,96.0,53.0,142.0,-3.3,-8.3
121.0,Neemias Queta,26.0,BOS,C,15.0,15.0,367.0,0.612,0.632,0.0,0.612,0.593,0.619,0.276,0.031,131.0,115.0,0.0,113.0,75.0,106.0,97.0,7.0,13.6,8.0
122.0,Collin Sexton,27.0,CHO,SG,14.0,9.0,367.0,0.46,0.495,0.396,0.53,0.857,0.599,0.42,0.353,98.0,90.0,111.0,98.0,109.0,103.0,147.0,84.0,-3.8,6.1
123.0,Bub Carrington,20.0,WAS,PG,14.0,5.0,366.0,0.33,0.234,0.439,0.432,0.714,0.457,0.159,0.466,70.0,43.0,123.0,80.0,90.0,78.0,56.0,111.0,-19.5,-23.6
124.0,Kevin Huerter,27.0,CHI,SF,14.0,5.0,366.0,0.49,0.658,0.304,0.562,0.839,0.596,0.214,0.476,105.0,120.0,85.0,104.0,106.0,102.0,75.0,114.0,5.6,4.3
125.0,Kentavious Caldwell-Pope,32.0,MEM,SG,16.0,13.0,365.0,0.345,0.424,0.259,0.407,0.893,0.467,0.248,0.478,74.0,77.0,72.0,75.0,113.0,80.0,87.0,114.0,-30.7,-28.9
126.0,Collin Gillespie,26.0,PHO,PG,15.0,0.0,365.0,0.398,0.415,0.391,0.534,0.8,0.557,0.15,0.692,85.0,76.0,109.0,98.0,101.0,96.0,53.0,165.0,-2.4,-7.1
127.0,Naz Reid,26.0,MIN,C,15.0,0.0,365.0,0.467,0.563,0.376,0.564,0.667,0.574,0.127,0.515,100.0,103.0,105.0,104.0,84.0,99.0,45.0,123.0,6.9,-2.9
128.0,Aaron Gordon,30.0,DEN,PF,12.0,12.0,365.0,0.536,0.593,0.452,0.627,0.879,0.681,0.379,0.405,115.0,109.0,126.0,116.0,111.0,117.0,133.0,97.0,25.9,35.1
129.0,Domantas Sabonis,29.0,SAC,C,11.0,11.0,365.0,0.51,0.56,0.2,0.524,0.725,0.564,0.352,0.138,109.0,102.0,56.0,97.0,92.0,97.0,123.0,33.0,-5.4,-6.0
130.0,Jarrett Allen,27.0,CLE,C,14.0,14.0,364.0,0.577,0.594,0.0,0.577,0.766,0.627,0.467,0.029,123.0,109.0,0.0,106.0,97.0,108.0,164.0,7.0,9.3,14.7
131.0,Keldon Johnson,26.0,SAS,SF,15.0,0.0,363.0,0.573,0.688,0.289,0.615,0.813,0.644,0.244,0.29,122.0,126.0,81.0,113.0,103.0,111.0,86.0,69.0,18.8,18.1
132.0,Ryan Dunn,23.0,PHO,SF,15.0,10.0,361.0,0.482,0.585,0.333,0.55,0.692,0.562,0.118,0.409,103.0,107.0,93.0,101.0,88.0,96.0,41.0,98.0,1.6,-4.8
133.0,Kel'el Ware,21.0,MIA,C,15.0,11.0,361.0,0.524,0.6,0.359,0.581,0.741,0.603,0.218,0.315,112.0,110.0,100.0,107.0,94.0,104.0,76.0,75.0,9.4,5.8
134.0,Jonathan Kuminga,23.0,GSW,PF,13.0,12.0,360.0,0.478,0.535,0.324,0.522,0.771,0.57,0.353,0.272,102.0,98.0,91.0,96.0,98.0,98.0,124.0,65.0,-5.6,-4.0
135.0,Chet Holmgren,23.0,OKC,PF,12.0,12.0,359.0,0.599,0.716,0.385,0.667,0.863,0.708,0.347,0.354,128.0,131.0,107.0,123.0,109.0,122.0,122.0,85.0,36.4,42.7
136.0,Ron Holland,20.0,DET,SF,15.0,5.0,358.0,0.393,0.459,0.292,0.451,0.864,0.49,0.18,0.393,84.0,84.0,81.0,83.0,109.0,84.0,63.0,94.0,-22.4,-24.3
137.0,Isaac Okoro,25.0,CHI,SG,14.0,14.0,356.0,0.456,0.533,0.378,0.55,0.833,0.582,0.2,0.5,97.0,98.0,105.0,101.0,106.0,100.0,70.0,119.0,1.3,0.0
138.0,D'Angelo Russell,29.0,DAL,PG,16.0,3.0,355.0,0.399,0.521,0.256,0.458,0.696,0.498,0.315,0.461,85.0,95.0,72.0,84.0,88.0,86.0,110.0,110.0,-30.2,-34.0
139.0,Javonte Green,32.0,DET,SG,15.0,3.0,349.0,0.406,0.511,0.306,0.484,0.763,0.541,0.396,0.51,87.0,93.0,85.0,89.0,97.0,93.0,139.0,122.0,-11.2,-9.3
140.0,Noah Clowney,21.0,BRK,PF,14.0,8.0,348.0,0.358,0.464,0.321,0.476,0.729,0.535,0.453,0.736,77.0,85.0,89.0,88.0,92.0,92.0,159.0,176.0,-14.1,-12.0
141.0,Derik Queen,21.0,NOP,C,15.0,3.0,347.0,0.496,0.529,0.167,0.504,0.745,0.557,0.414,0.09,106.0,97.0,47.0,93.0,94.0,96.0,145.0,22.0,-10.4,-8.1
142.0,Ja Morant,26.0,MEM,PG,12.0,12.0,345.0,0.359,0.444,0.167,0.385,0.942,0.477,0.354,0.308,77.0,81.0,47.0,71.0,119.0,82.0,124.0,74.0,-61.7,-47.4
143.0,Tre Johnson,19.0,WAS,SG,14.0,4.0,344.0,0.435,0.493,0.38,0.533,0.857,0.551,0.101,0.514,93.0,90.0,106.0,98.0,109.0,95.0,36.0,123.0,-2.8,-8.9
144.0,Moussa Diabaté,24.0,CHO,C,15.0,1.0,343.0,0.644,0.644,,0.644,0.702,0.678,0.655,0.0,138.0,118.0,,119.0,89.0,116.0,230.0,0.0,17.6,21.5
145.0,Jusuf Nurkić,31.0,UTA,C,14.0,9.0,342.0,0.394,0.473,0.16,0.414,0.629,0.455,0.354,0.253,84.0,86.0,45.0,76.0,80.0,78.0,124.0,60.0,-25.5,-29.2
146.0,Bobby Portis,30.0,MIL,PF,16.0,1.0,341.0,0.486,0.511,0.438,0.562,0.714,0.572,0.101,0.348,104.0,93.0,122.0,103.0,90.0,98.0,36.0,83.0,5.2,-2.9
147.0,Cameron Johnson,29.0,DEN,SF,13.0,13.0,339.0,0.418,0.54,0.292,0.49,0.8,0.524,0.204,0.49,89.0,99.0,81.0,90.0,101.0,90.0,72.0,117.0,-10.4,-12.4
148.0,Anthony Edwards,24.0,MIN,SG,11.0,11.0,339.0,0.451,0.517,0.364,0.529,0.871,0.59,0.343,0.431,96.0,95.0,102.0,98.0,110.0,101.0,120.0,103.0,-5.5,3.6
149.0,Dean Wade,29.0,CLE,PF,15.0,2.0,338.0,0.37,0.526,0.315,0.486,0.625,0.506,0.219,0.74,79.0,96.0,88.0,90.0,79.0,87.0,77.0,177.0,-8.2,-12.2
150.0,Marcus Smart,31.0,LAL,SG,12.0,9.0,338.0,0.402,0.667,0.232,0.473,0.938,0.551,0.348,0.609,86.0,122.0,65.0,87.0,119.0,95.0,122.0,145.0,-12.9,-6.5
151.0,Josh Hart,30.0,NYK,SF,13.0,0.0,336.0,0.475,0.55,0.366,0.55,0.75,0.574,0.198,0.406,102.0,101.0,102.0,101.0,95.0,99.0,70.0,97.0,1.4,-1.9
152.0,Aaron Nesmith,26.0,IND,SF,11.0,11.0,335.0,0.367,0.359,0.373,0.473,0.795,0.518,0.265,0.565,79.0,66.0,104.0,87.0,101.0,89.0,93.0,135.0,-20.6,-21.2
153.0,Peyton Watson,23.0,DEN,SF,14.0,4.0,334.0,0.494,0.559,0.357,0.552,0.731,0.584,0.299,0.322,106.0,102.0,100.0,102.0,93.0,100.0,105.0,77.0,1.6,0.4
154.0,Pelle Larsson,24.0,MIA,SG,15.0,12.0,333.0,0.51,0.625,0.375,0.596,0.8,0.637,0.337,0.462,109.0,114.0,105.0,110.0,101.0,109.0,118.0,110.0,11.1,13.0
155.0,Kris Murray,25.0,POR,SF,14.0,1.0,333.0,0.451,0.543,0.28,0.5,0.625,0.51,0.113,0.352,96.0,99.0,78.0,92.0,79.0,88.0,40.0,84.0,-6.1,-10.8
156.0,Tre Jones,26.0,CHI,PG,11.0,11.0,329.0,0.495,0.525,0.353,0.526,0.846,0.609,0.536,0.175,106.0,96.0,99.0,97.0,107.0,105.0,188.0,42.0,-3.3,6.4
157.0,Andre Drummond,32.0,PHI,C,14.0,6.0,327.0,0.575,0.629,0.389,0.619,0.615,0.629,0.325,0.225,123.0,115.0,109.0,114.0,78.0,108.0,114.0,54.0,12.2,8.5
158.0,Mark Williams,24.0,PHO,C,13.0,10.0,326.0,0.629,0.629,,0.629,0.769,0.666,0.402,0.0,134.0,115.0,,116.0,97.0,114.0,141.0,0.0,16.7,19.1
159.0,Klay Thompson,35.0,DAL,SF,15.0,8.0,325.0,0.347,0.447,0.313,0.463,1.0,0.475,0.04,0.747,74.0,82.0,87.0,85.0,127.0,82.0,14.0,178.0,-23.8,-32.7
160.0,Christian Braun,24.0,DEN,SG,11.0,11.0,325.0,0.495,0.609,0.214,0.526,0.793,0.569,0.299,0.289,106.0,111.0,60.0,97.0,100.0,98.0,105.0,69.0,-3.3,-2.8
161.0,Derrick Jones Jr.,28.0,LAC,SF,13.0,13.0,324.0,0.533,0.717,0.348,0.62,0.786,0.652,0.304,0.5,114.0,131.0,97.0,114.0,100.0,112.0,107.0,119.0,14.1,14.5
162.0,Sam Hauser,28.0,BOS,PF,15.0,2.0,323.0,0.32,0.231,0.333,0.466,0.75,0.473,0.039,0.874,68.0,42.0,93.0,86.0,95.0,81.0,14.0,209.0,-15.8,-23.0
163.0,Bruce Brown,29.0,DEN,SG,14.0,0.0,319.0,0.442,0.463,0.391,0.5,0.789,0.539,0.247,0.299,94.0,85.0,109.0,92.0,100.0,93.0,87.0,71.0,-6.6,-7.4
164.0,Tim Hardaway Jr.,33.0,DEN,SG,14.0,1.0,319.0,0.452,0.45,0.453,0.6,0.944,0.63,0.157,0.652,97.0,82.0,127.0,111.0,120.0,108.0,55.0,156.0,13.2,11.9
165.0,Zaccharie Risacher,20.0,ATL,SF,13.0,13.0,317.0,0.449,0.56,0.317,0.522,0.684,0.536,0.138,0.457,96.0,102.0,89.0,96.0,87.0,92.0,48.0,109.0,-5.8,-13.4
166.0,Ausar Thompson,23.0,DET,SF,11.0,10.0,314.0,0.508,0.533,0.308,0.525,0.487,0.529,0.325,0.108,109.0,97.0,86.0,97.0,62.0,91.0,114.0,26.0,-4.3,-14.7
167.0,Landry Shamet,28.0,NYK,SG,14.0,5.0,311.0,0.452,0.519,0.424,0.602,0.794,0.644,0.366,0.71,97.0,95.0,118.0,111.0,101.0,111.0,128.0,170.0,11.0,13.3
168.0,Sam Merrill,29.0,CLE,SG,12.0,8.0,311.0,0.466,0.588,0.444,0.655,0.938,0.679,0.138,0.853,99.0,108.0,124.0,121.0,119.0,117.0,48.0,204.0,26.1,23.7
169.0,Cam Spencer,25.0,MEM,SG,16.0,1.0,309.0,0.411,0.406,0.413,0.556,0.862,0.601,0.271,0.701,88.0,74.0,115.0,102.0,109.0,103.0,95.0,167.0,2.8,4.5
170.0,Mike Conley,38.0,MIN,PG,15.0,5.0,309.0,0.415,0.333,0.455,0.569,0.917,0.635,0.369,0.677,89.0,61.0,127.0,105.0,116.0,109.0,130.0,162.0,3.4,8.0
171.0,Luke Kennard,29.0,ATL,SG,14.0,0.0,308.0,0.494,0.559,0.447,0.623,0.923,0.652,0.16,0.58,106.0,102.0,125.0,115.0,117.0,112.0,56.0,139.0,13.1,12.0
172.0,Tre Mann,24.0,CHO,PG,14.0,1.0,308.0,0.365,0.421,0.306,0.439,0.923,0.462,0.088,0.486,78.0,77.0,85.0,81.0,117.0,79.0,31.0,116.0,-30.7,-37.0
173.0,Malik Monk,27.0,SAC,SG,13.0,0.0,308.0,0.457,0.465,0.446,0.555,0.875,0.589,0.189,0.441,98.0,85.0,125.0,102.0,111.0,101.0,66.0,105.0,3.1,1.8
174.0,Luguentz Dort,26.0,OKC,SF,10.0,10.0,306.0,0.364,0.48,0.308,0.468,0.923,0.508,0.169,0.675,78.0,88.0,86.0,86.0,117.0,87.0,59.0,161.0,-11.6,-12.3
175.0,Ayo Dosunmu,26.0,CHI,SG,12.0,0.0,304.0,0.563,0.625,0.468,0.655,0.886,0.696,0.294,0.395,120.0,114.0,131.0,121.0,112.0,119.0,103.0,94.0,26.8,30.5
176.0,Lonzo Ball,28.0,CLE,PG,13.0,2.0,301.0,0.333,0.429,0.313,0.463,0.667,0.481,0.148,0.827,71.0,78.0,88.0,85.0,84.0,83.0,52.0,198.0,-12.9,-17.5
177.0,Nikola Jović,22.0,MIA,PF,14.0,1.0,299.0,0.402,0.51,0.294,0.475,0.743,0.524,0.343,0.5,86.0,93.0,82.0,88.0,94.0,90.0,120.0,119.0,-13.7,-13.7
178.0,Buddy Hield,33.0,GSW,SG,17.0,0.0,298.0,0.409,0.605,0.306,0.509,0.923,0.536,0.118,0.655,87.0,111.0,85.0,94.0,117.0,92.0,41.0,156.0,-7.4,-10.8
179.0,Reed Sheppard,21.0,HOU,PG,13.0,0.0,298.0,0.488,0.51,0.473,0.628,0.667,0.632,0.072,0.592,104.0,93.0,132.0,116.0,84.0,109.0,25.0,141.0,21.3,12.8
180.0,Patrick Williams,24.0,CHI,PF,14.0,0.0,297.0,0.42,0.432,0.412,0.54,0.667,0.56,0.239,0.58,90.0,79.0,115.0,99.0,84.0,96.0,84.0,138.0,-0.5,-4.2
181.0,Cole Anthony,25.0,MIL,PG,15.0,0.0,295.0,0.412,0.457,0.308,0.458,0.533,0.465,0.115,0.298,88.0,83.0,86.0,84.0,68.0,80.0,40.0,71.0,-22.2,-32.2
182.0,Tyrese Martin,26.0,BRK,SG,14.0,2.0,293.0,0.379,0.488,0.3,0.466,0.636,0.478,0.107,0.583,81.0,89.0,84.0,86.0,81.0,82.0,37.0,139.0,-15.8,-22.6
183.0,Brandon Williams,26.0,DAL,PG,14.0,6.0,292.0,0.413,0.517,0.162,0.437,0.804,0.509,0.405,0.294,88.0,95.0,45.0,80.0,102.0,87.0,142.0,70.0,-26.8,-21.9
184.0,Keon Ellis,26.0,SAC,SG,16.0,2.0,289.0,0.44,0.48,0.424,0.589,0.7,0.6,0.119,0.702,94.0,88.0,118.0,109.0,89.0,103.0,42.0,168.0,7.8,3.1
185.0,Miles McBride,25.0,NYK,SG,12.0,3.0,289.0,0.396,0.436,0.375,0.518,0.6,0.524,0.09,0.649,85.0,80.0,105.0,95.0,76.0,90.0,32.0,155.0,-5.5,-13.4
186.0,Jakob Poeltl,30.0,TOR,C,11.0,11.0,287.0,0.733,0.733,,0.733,0.564,0.716,0.52,0.0,157.0,134.0,,135.0,71.0,123.0,183.0,0.0,28.6,24.7
187.0,Craig Porter Jr.,25.0,CLE,PG,16.0,0.0,285.0,0.542,0.605,0.448,0.632,0.5,0.628,0.167,0.403,116.0,111.0,125.0,116.0,63.0,108.0,59.0,96.0,12.8,7.0
188.0,Simone Fontecchio,30.0,MIA,SF,15.0,0.0,285.0,0.47,0.457,0.476,0.637,0.846,0.666,0.222,0.701,100.0,84.0,133.0,117.0,107.0,114.0,78.0,167.0,22.0,21.4
189.0,Isaiah Jackson,24.0,IND,C,15.0,11.0,285.0,0.578,0.578,,0.578,0.794,0.628,0.41,0.0,124.0,106.0,,107.0,101.0,108.0,144.0,0.0,5.9,8.9
190.0,Ace Bailey,19.0,UTA,SF,14.0,5.0,284.0,0.423,0.508,0.304,0.486,0.824,0.515,0.153,0.414,91.0,93.0,85.0,90.0,104.0,88.0,54.0,99.0,-12.5,-16.0
191.0,Jaylon Tyson,23.0,CLE,SG,11.0,7.0,284.0,0.489,0.526,0.462,0.622,0.769,0.637,0.144,0.578,104.0,96.0,129.0,115.0,97.0,109.0,51.0,138.0,14.3,10.5
192.0,Josh Minott,23.0,BOS,PF,14.0,9.0,282.0,0.475,0.579,0.381,0.575,0.789,0.605,0.238,0.525,102.0,106.0,106.0,106.0,100.0,104.0,83.0,125.0,5.2,4.1
193.0,LaMelo Ball,24.0,CHO,PG,9.0,9.0,282.0,0.385,0.471,0.298,0.459,0.867,0.514,0.266,0.497,82.0,86.0,83.0,84.0,110.0,88.0,93.0,119.0,-28.5,-25.9
194.0,Josh Okogie,27.0,HOU,SG,13.0,10.0,279.0,0.477,0.517,0.444,0.6,0.818,0.643,0.338,0.554,102.0,95.0,124.0,111.0,104.0,110.0,119.0,132.0,7.4,9.0
195.0,Jalen Suggs,24.0,ORL,PG,12.0,12.0,279.0,0.519,0.721,0.377,0.63,0.909,0.679,0.317,0.587,111.0,132.0,105.0,116.0,115.0,117.0,111.0,140.0,18.1,23.0
196.0,Ziaire Williams,24.0,BRK,SF,12.0,0.0,279.0,0.392,0.615,0.31,0.505,0.857,0.558,0.289,0.732,84.0,113.0,87.0,93.0,109.0,96.0,101.0,175.0,-7.3,-5.3
197.0,Isaiah Joe,26.0,OKC,SG,11.0,0.0,279.0,0.422,0.55,0.393,0.583,0.9,0.63,0.275,0.817,90.0,101.0,110.0,107.0,114.0,108.0,97.0,195.0,8.7,11.7
198.0,Jose Alvarado,27.0,NOP,PG,14.0,0.0,277.0,0.402,0.469,0.364,0.517,0.846,0.545,0.149,0.632,86.0,86.0,102.0,95.0,107.0,94.0,52.0,151.0,-4.4,-7.0
199.0,Vit Krejci,25.0,ATL,PG,12.0,1.0,277.0,0.524,0.7,0.469,0.702,0.7,0.707,0.119,0.762,112.0,128.0,131.0,129.0,89.0,121.0,42.0,182.0,26.8,22.1
200.0,Jaylin Williams,23.0,OKC,PF,15.0,1.0,276.0,0.32,0.778,0.258,0.433,0.778,0.456,0.12,0.88,68.0,142.0,72.0,80.0,99.0,78.0,42.0,210.0,-16.4,-19.9
201.0,Isaiah Stewart,24.0,DET,C,12.0,5.0,276.0,0.495,0.556,0.389,0.566,0.75,0.597,0.283,0.364,106.0,102.0,109.0,104.0,95.0,103.0,99.0,87.0,4.5,3.4
202.0,Khris Middleton,34.0,WAS,SF,11.0,11.0,275.0,0.489,0.557,0.345,0.544,0.737,0.569,0.211,0.322,104.0,102.0,96.0,100.0,93.0,98.0,74.0,77.0,0.3,-2.5
203.0,Jamal Shead,23.0,TOR,PG,15.0,0.0,273.0,0.414,0.419,0.41,0.529,0.813,0.565,0.229,0.557,89.0,77.0,115.0,97.0,103.0,97.0,80.0,133.0,-2.0,-2.7
204.0,Bam Adebayo,28.0,MIA,C,9.0,9.0,272.0,0.46,0.512,0.373,0.529,0.872,0.581,0.285,0.372,98.0,94.0,104.0,97.0,110.0,100.0,100.0,89.0,-3.7,-0.5
205.0,Will Richard,23.0,GSW,SG,15.0,6.0,271.0,0.556,0.765,0.404,0.673,0.76,0.696,0.309,0.58,119.0,140.0,113.0,124.0,96.0,119.0,108.0,139.0,21.1,20.9
206.0,Egor Demin,19.0,BRK,PG,13.0,6.0,269.0,0.376,0.364,0.381,0.518,0.889,0.54,0.106,0.741,80.0,66.0,106.0,95.0,113.0,93.0,37.0,177.0,-4.3,-7.6
207.0,Steven Adams,32.0,HOU,C,12.0,3.0,267.0,0.491,0.491,,0.491,0.76,0.553,0.455,0.0,105.0,90.0,,90.0,96.0,95.0,160.0,0.0,-5.7,-3.9
208.0,Goga Bitadze,26.0,ORL,C,16.0,0.0,265.0,0.735,0.791,0.333,0.755,0.758,0.779,0.673,0.122,157.0,145.0,93.0,139.0,96.0,134.0,236.0,29.0,20.8,25.0
209.0,Dillon Brooks,30.0,PHO,SF,9.0,9.0,265.0,0.459,0.577,0.324,0.534,0.914,0.582,0.24,0.466,98.0,106.0,90.0,98.0,116.0,100.0,84.0,111.0,-2.5,0.1
210.0,Kristaps Porziņģis,30.0,ATL,C,10.0,10.0,262.0,0.452,0.526,0.333,0.516,0.863,0.587,0.411,0.387,97.0,96.0,93.0,95.0,109.0,101.0,144.0,92.0,-6.6,1.5
211.0,Nicolas Batum,37.0,LAC,PF,15.0,2.0,259.0,0.345,0.4,0.34,0.5,1.0,0.519,0.069,0.914,74.0,73.0,95.0,92.0,127.0,89.0,24.0,218.0,-5.0,-7.6
212.0,Corey Kispert,26.0,WAS,SF,14.0,0.0,258.0,0.474,0.667,0.367,0.592,0.737,0.616,0.25,0.645,101.0,122.0,103.0,109.0,93.0,106.0,88.0,154.0,7.5,5.8
213.0,Kyle Filipowski,22.0,UTA,C,13.0,5.0,258.0,0.412,0.48,0.314,0.476,0.69,0.517,0.341,0.412,88.0,88.0,88.0,88.0,87.0,89.0,120.0,98.0,-11.3,-12.8
214.0,Jarred Vanderbilt,26.0,LAL,PF,14.0,2.0,257.0,0.44,0.5,0.286,0.48,0.842,0.548,0.38,0.28,94.0,91.0,80.0,88.0,107.0,94.0,133.0,67.0,-6.3,-4.0
215.0,Mouhamed Gueye,23.0,ATL,PF,16.0,2.0,256.0,0.494,0.682,0.282,0.56,0.5,0.561,0.12,0.47,106.0,125.0,79.0,103.0,63.0,96.0,42.0,112.0,2.9,-3.8
216.0,Dru Smith,28.0,MIA,SG,15.0,0.0,256.0,0.458,0.538,0.364,0.542,0.778,0.576,0.25,0.458,98.0,98.0,102.0,100.0,99.0,99.0,88.0,110.0,-0.2,-1.1
217.0,Tari Eason,24.0,HOU,PF,11.0,1.0,255.0,0.495,0.476,0.509,0.637,0.714,0.642,0.074,0.558,106.0,87.0,142.0,117.0,90.0,110.0,26.0,133.0,17.9,11.8
218.0,Jordan Clarkson,33.0,NYK,SG,14.0,0.0,254.0,0.473,0.589,0.352,0.559,0.852,0.599,0.245,0.491,101.0,108.0,98.0,103.0,108.0,103.0,86.0,117.0,3.6,4.1
219.0,Quinten Post,25.0,GSW,PF,17.0,7.0,253.0,0.459,0.692,0.356,0.582,0.714,0.59,0.082,0.694,98.0,127.0,99.0,107.0,90.0,101.0,29.0,166.0,6.7,1.4
220.0,Drew Eubanks,28.0,SAC,C,16.0,5.0,253.0,0.647,0.652,0.5,0.654,0.484,0.637,0.456,0.029,138.0,119.0,140.0,121.0,61.0,109.0,160.0,7.0,15.2,8.9
221.0,Gradey Dick,22.0,TOR,SG,15.0,0.0,249.0,0.434,0.559,0.347,0.536,0.821,0.587,0.337,0.59,93.0,102.0,97.0,99.0,104.0,101.0,118.0,141.0,-1.1,1.0
222.0,Dalton Knecht,24.0,LAL,SF,14.0,1.0,249.0,0.464,0.632,0.326,0.554,0.667,0.563,0.107,0.548,99.0,115.0,91.0,102.0,84.0,97.0,38.0,131.0,1.8,-3.4
223.0,Trendon Watford,25.0,PHI,PF,12.0,4.0,249.0,0.514,0.552,0.375,0.554,0.762,0.589,0.284,0.216,110.0,101.0,105.0,102.0,97.0,101.0,100.0,52.0,1.7,1.1
224.0,Aaron Wiggins,27.0,OKC,SG,9.0,5.0,248.0,0.459,0.51,0.417,0.572,0.667,0.578,0.081,0.541,98.0,93.0,116.0,105.0,84.0,99.0,28.0,129.0,6.5,-0.9
225.0,Sandro Mamukelashvili,26.0,TOR,C,14.0,0.0,247.0,0.568,0.667,0.424,0.654,0.793,0.688,0.358,0.407,121.0,122.0,118.0,121.0,100.0,118.0,126.0,97.0,18.1,19.8
226.0,Al Horford,39.0,GSW,C,11.0,0.0,243.0,0.338,0.389,0.319,0.454,1.0,0.472,0.062,0.723,72.0,71.0,89.0,84.0,127.0,81.0,22.0,173.0,-11.6,-14.7
227.0,Cam Whitmore,21.0,WAS,SF,14.0,0.0,240.0,0.467,0.535,0.333,0.523,0.773,0.553,0.206,0.336,100.0,98.0,93.0,96.0,98.0,95.0,72.0,80.0,-4.2,-6.9
228.0,Oso Ighodaro,23.0,PHO,PF,15.0,4.0,236.0,0.561,0.561,,0.561,0.563,0.57,0.281,0.0,120.0,103.0,,103.0,71.0,98.0,99.0,0.0,2.1,-1.6
229.0,Keaton Wallace,26.0,ATL,PG,15.0,2.0,235.0,0.429,0.417,0.436,0.563,0.375,0.556,0.127,0.619,92.0,76.0,122.0,104.0,48.0,96.0,45.0,148.0,2.6,-3.5
230.0,De'Aaron Fox,28.0,SAS,PG,7.0,7.0,235.0,0.517,0.592,0.386,0.588,0.778,0.614,0.225,0.367,110.0,108.0,108.0,108.0,99.0,105.0,79.0,88.0,10.7,8.4
231.0,Andrew Nembhard,26.0,IND,PG,8.0,8.0,234.0,0.398,0.453,0.318,0.463,0.929,0.549,0.389,0.407,85.0,83.0,89.0,85.0,118.0,94.0,137.0,97.0,-17.2,-8.3
232.0,Daniel Gafford,27.0,DAL,C,10.0,9.0,231.0,0.661,0.661,,0.661,0.806,0.709,0.525,0.0,141.0,121.0,,122.0,102.0,122.0,184.0,0.0,14.0,18.4
233.0,Bogdan Bogdanović,33.0,LAC,SG,9.0,2.0,231.0,0.373,0.429,0.34,0.48,0.846,0.514,0.173,0.627,80.0,78.0,95.0,88.0,107.0,88.0,61.0,150.0,-9.4,-11.0
234.0,Jay Huff,27.0,IND,C,15.0,2.0,229.0,0.4,0.63,0.293,0.5,0.688,0.522,0.188,0.682,85.0,115.0,82.0,92.0,87.0,90.0,66.0,163.0,-7.3,-11.2
235.0,Vince Williams Jr.,25.0,MEM,SG,11.0,3.0,227.0,0.385,0.484,0.319,0.481,0.833,0.524,0.231,0.603,82.0,88.0,89.0,89.0,106.0,90.0,81.0,144.0,-9.7,-10.1
236.0,Cam Thomas,24.0,BRK,SG,8.0,8.0,226.0,0.402,0.425,0.356,0.462,0.875,0.546,0.424,0.341,86.0,78.0,99.0,85.0,111.0,94.0,149.0,81.0,-21.3,-11.4
237.0,Jaylen Clark,24.0,MIN,SG,13.0,0.0,223.0,0.453,0.536,0.36,0.538,0.556,0.55,0.34,0.472,97.0,98.0,101.0,99.0,70.0,94.0,119.0,113.0,-0.5,-3.9
238.0,Marvin Bagley III,26.0,WAS,PF,14.0,1.0,221.0,0.638,0.651,0.5,0.659,0.696,0.676,0.333,0.087,136.0,119.0,140.0,121.0,88.0,116.0,117.0,21.0,16.1,14.9
239.0,Jalen Smith,25.0,CHI,C,14.0,0.0,220.0,0.481,0.596,0.39,0.59,0.684,0.603,0.179,0.557,103.0,109.0,109.0,109.0,87.0,104.0,63.0,133.0,9.9,4.8
240.0,Nique Clifford,23.0,SAC,SG,12.0,2.0,220.0,0.352,0.379,0.32,0.426,0.643,0.457,0.259,0.463,75.0,69.0,89.0,78.0,81.0,79.0,91.0,111.0,-12.6,-15.1
241.0,Collin Murray-Boyles,20.0,TOR,PF,11.0,3.0,220.0,0.5,0.5,0.5,0.566,0.762,0.602,0.309,0.265,107.0,91.0,140.0,104.0,97.0,103.0,108.0,63.0,3.2,3.1
242.0,Brook Lopez,37.0,LAC,C,15.0,0.0,219.0,0.415,0.538,0.357,0.537,0.727,0.553,0.134,0.683,89.0,98.0,100.0,99.0,92.0,95.0,47.0,163.0,-1.0,-5.1
243.0,Daniss Jenkins,24.0,DET,PG,10.0,4.0,219.0,0.495,0.515,0.448,0.563,0.688,0.578,0.168,0.305,106.0,94.0,125.0,104.0,87.0,99.0,59.0,73.0,3.9,-0.8
244.0,Jordan Poole,26.0,NOP,PG,7.0,4.0,212.0,0.354,0.375,0.339,0.455,0.969,0.535,0.323,0.596,76.0,69.0,95.0,84.0,123.0,92.0,113.0,142.0,-17.5,-10.7
245.0,Jordan Hawkins,23.0,NOP,SG,14.0,0.0,211.0,0.325,0.429,0.238,0.39,0.714,0.406,0.091,0.545,69.0,78.0,66.0,72.0,90.0,70.0,32.0,130.0,-23.6,-28.3
246.0,Tony Bradley,28.0,IND,C,15.0,3.0,208.0,0.596,0.607,0.0,0.596,0.684,0.62,0.333,0.018,127.0,111.0,0.0,110.0,87.0,106.0,117.0,4.0,6.1,4.9
247.0,Justin Edwards,22.0,PHI,SF,13.0,3.0,208.0,0.42,0.545,0.362,0.543,1.0,0.569,0.101,0.681,90.0,100.0,101.0,100.0,127.0,98.0,36.0,163.0,0.1,-1.9
248.0,Day'Ron Sharpe,24.0,BRK,C,13.0,0.0,206.0,0.636,0.744,0.25,0.664,0.667,0.682,0.545,0.218,136.0,136.0,70.0,122.0,84.0,117.0,191.0,52.0,13.3,13.6
249.0,Luka Garza,27.0,BOS,C,14.0,0.0,205.0,0.581,0.683,0.381,0.645,0.769,0.681,0.419,0.339,124.0,125.0,106.0,119.0,97.0,117.0,147.0,81.0,12.7,14.5
250.0,Jordan Goodwin,27.0,PHO,PG,12.0,0.0,205.0,0.425,0.457,0.395,0.527,0.75,0.542,0.11,0.521,91.0,84.0,110.0,97.0,95.0,93.0,38.0,124.0,-2.2,-6.1
251.0,Alex Caruso,31.0,OKC,SG,11.0,0.0,204.0,0.356,0.421,0.325,0.466,0.833,0.487,0.102,0.678,76.0,77.0,91.0,86.0,106.0,84.0,36.0,162.0,-9.0,-11.8
252.0,Jeremiah Robinson-Earl,25.0,IND,PF,10.0,3.0,203.0,0.364,0.432,0.222,0.4,0.889,0.441,0.164,0.327,78.0,79.0,62.0,74.0,113.0,76.0,57.0,78.0,-15.7,-16.7
253.0,Kawhi Leonard,34.0,LAC,SF,6.0,6.0,201.0,0.505,0.557,0.4,0.571,0.963,0.625,0.257,0.333,108.0,102.0,112.0,105.0,122.0,107.0,90.0,80.0,6.0,9.9
254.0,Jaxson Hayes,25.0,LAL,C,12.0,1.0,200.0,0.711,0.703,1.0,0.724,0.643,0.725,0.368,0.026,152.0,129.0,279.0,133.0,81.0,124.0,129.0,6.0,13.7,12.6
255.0,Tyus Jones,29.0,ORL,PG,16.0,1.0,198.0,0.308,0.444,0.19,0.359,,0.359,0.0,0.538,66.0,81.0,53.0,66.0,,62.0,0.0,129.0,-14.3,-17.4
256.0,Caris LeVert,31.0,DET,SG,10.0,0.0,198.0,0.507,0.59,0.4,0.594,0.6,0.604,0.29,0.435,108.0,108.0,112.0,109.0,76.0,104.0,102.0,104.0,7.1,3.4
257.0,Tobias Harris,33.0,DET,PF,6.0,6.0,193.0,0.394,0.465,0.286,0.451,0.944,0.513,0.254,0.394,84.0,85.0,80.0,83.0,120.0,88.0,89.0,94.0,-13.1,-10.9
258.0,Jabari Walker,23.0,PHI,PF,15.0,5.0,192.0,0.435,0.531,0.214,0.467,0.857,0.499,0.152,0.304,93.0,97.0,60.0,86.0,109.0,86.0,53.0,73.0,-6.9,-8.2
259.0,Brice Sensabaugh,22.0,UTA,SF,13.0,0.0,191.0,0.437,0.696,0.344,0.563,0.933,0.598,0.172,0.736,93.0,127.0,96.0,104.0,118.0,103.0,61.0,176.0,3.6,3.0
260.0,Yves Missi,21.0,NOP,C,10.0,5.0,187.0,0.585,0.585,,0.585,0.545,0.592,0.537,0.0,125.0,107.0,,108.0,69.0,102.0,188.0,0.0,3.5,1.0
261.0,Luke Kornet,30.0,SAS,C,8.0,3.0,186.0,0.75,0.75,,0.75,0.667,0.751,0.5,0.0,160.0,137.0,,138.0,84.0,129.0,176.0,0.0,14.9,14.9
262.0,Zion Williamson,25.0,NOP,PF,6.0,6.0,186.0,0.484,0.484,,0.484,0.656,0.543,0.67,0.0,103.0,88.0,,89.0,83.0,93.0,235.0,0.0,-10.8,-9.2
263.0,Jalen Wilson,25.0,BRK,PF,12.0,0.0,185.0,0.375,0.294,0.41,0.518,0.769,0.551,0.232,0.696,80.0,54.0,115.0,95.0,97.0,95.0,82.0,166.0,-2.8,-3.9
264.0,Jordan Walsh,21.0,BOS,PF,11.0,3.0,184.0,0.488,0.542,0.412,0.573,0.75,0.585,0.098,0.415,104.0,99.0,115.0,106.0,95.0,100.0,34.0,99.0,2.5,0.2
265.0,Larry Nance Jr.,33.0,CLE,PF,12.0,1.0,181.0,0.34,0.407,0.269,0.406,0.333,0.405,0.057,0.491,73.0,75.0,75.0,75.0,42.0,70.0,20.0,117.0,-14.5,-19.3
266.0,Walter Clayton,22.0,UTA,PG,11.0,0.0,178.0,0.407,0.48,0.345,0.5,1.0,0.565,0.259,0.537,87.0,88.0,96.0,92.0,127.0,97.0,91.0,128.0,-4.6,-2.1
267.0,Adem Bona,22.0,PHI,C,12.0,3.0,177.0,0.45,0.474,0.0,0.45,0.5,0.481,0.8,0.05,96.0,87.0,0.0,83.0,63.0,83.0,281.0,12.0,-3.7,-5.5
268.0,John Konchar,29.0,MEM,SG,14.0,0.0,172.0,0.481,0.7,0.353,0.593,0.667,0.6,0.111,0.63,103.0,128.0,99.0,109.0,84.0,103.0,39.0,150.0,2.7,1.0
269.0,Jonas Valančiūnas,33.0,DEN,C,14.0,0.0,171.0,0.564,0.583,0.333,0.577,0.769,0.631,0.5,0.077,121.0,107.0,93.0,106.0,97.0,108.0,176.0,18.0,5.3,9.2
270.0,Taurean Prince,31.0,MIL,SF,8.0,0.0,169.0,0.447,0.5,0.429,0.605,1.0,0.623,0.079,0.737,96.0,91.0,120.0,112.0,127.0,107.0,28.0,176.0,4.7,3.2
271.0,Precious Achiuwa,26.0,SAC,C,9.0,6.0,168.0,0.522,0.657,0.091,0.533,0.529,0.542,0.37,0.239,112.0,120.0,25.0,98.0,67.0,93.0,130.0,57.0,-0.9,-4.3
272.0,Gary Payton II,33.0,GSW,SG,16.0,0.0,167.0,0.432,0.577,0.222,0.477,1.0,0.49,0.045,0.409,92.0,106.0,62.0,88.0,127.0,84.0,16.0,98.0,-5.8,-8.3
273.0,Paul Reed,26.0,DET,C,13.0,2.0,163.0,0.696,0.729,0.5,0.732,0.583,0.726,0.214,0.143,149.0,133.0,140.0,135.0,74.0,125.0,75.0,34.0,21.2,17.6
274.0,RayJ Dennis,24.0,IND,PG,11.0,0.0,161.0,0.314,0.303,0.324,0.4,0.889,0.433,0.129,0.529,67.0,55.0,91.0,74.0,113.0,74.0,45.0,126.0,-20.0,-22.1
275.0,Nick Richards,28.0,PHO,C,15.0,1.0,156.0,0.558,0.558,,0.558,0.72,0.611,0.581,0.0,119.0,102.0,,103.0,91.0,105.0,204.0,0.0,1.3,3.1
276.0,Jeremy Sochan,22.0,SAS,PF,9.0,0.0,154.0,0.535,0.64,0.389,0.616,0.818,0.648,0.256,0.419,114.0,117.0,109.0,114.0,104.0,111.0,90.0,100.0,6.3,6.3
277.0,Walker Kessler,24.0,UTA,C,5.0,5.0,154.0,0.703,0.69,0.75,0.784,0.7,0.786,0.541,0.216,150.0,126.0,209.0,144.0,89.0,135.0,190.0,52.0,17.8,18.7
278.0,Tyrese Proctor,21.0,CLE,PG,13.0,0.0,153.0,0.333,0.409,0.293,0.429,0.889,0.463,0.143,0.651,71.0,75.0,82.0,79.0,113.0,80.0,50.0,156.0,-14.4,-16.0
279.0,Isaiah Collier,21.0,UTA,PG,6.0,1.0,152.0,0.583,0.613,0.4,0.611,0.741,0.668,0.75,0.139,125.0,112.0,112.0,113.0,94.0,115.0,263.0,33.0,4.9,8.2
280.0,Bilal Coulibaly,21.0,WAS,SG,6.0,6.0,152.0,0.42,0.467,0.35,0.49,0.75,0.535,0.32,0.4,90.0,85.0,98.0,90.0,95.0,92.0,112.0,96.0,-5.3,-5.4
281.0,Jonathan Isaac,28.0,ORL,PF,15.0,0.0,149.0,0.429,0.667,0.25,0.5,0.667,0.534,0.343,0.571,92.0,122.0,70.0,92.0,84.0,92.0,120.0,137.0,-3.0,-3.9
282.0,Drake Powell,20.0,BRK,SG,8.0,0.0,149.0,0.487,0.538,0.385,0.551,1.0,0.57,0.077,0.333,104.0,98.0,107.0,102.0,127.0,98.0,27.0,80.0,0.7,-1.0
283.0,Anthony Davis,32.0,DAL,PF,5.0,5.0,149.0,0.52,0.563,0.273,0.54,0.742,0.587,0.413,0.147,111.0,103.0,76.0,99.0,94.0,101.0,145.0,35.0,-0.4,0.8
284.0,Taylor Hendricks,22.0,UTA,PF,9.0,3.0,148.0,0.375,0.478,0.235,0.425,0.75,0.46,0.2,0.425,80.0,87.0,66.0,78.0,95.0,79.0,70.0,102.0,-9.4,-10.7
285.0,Jaden Hardy,23.0,DAL,SG,13.0,0.0,147.0,0.397,0.375,0.41,0.524,0.8,0.571,0.317,0.619,85.0,69.0,115.0,97.0,101.0,98.0,111.0,148.0,-2.4,-1.6
286.0,Dominick Barlow,22.0,PHI,PF,6.0,4.0,147.0,0.536,0.632,0.333,0.589,0.75,0.619,0.286,0.321,115.0,115.0,93.0,109.0,95.0,106.0,100.0,77.0,2.6,2.3
287.0,Rob Dillingham,21.0,MIN,PG,13.0,0.0,145.0,0.373,0.423,0.2,0.396,0.727,0.425,0.164,0.224,80.0,77.0,56.0,73.0,92.0,73.0,58.0,53.0,-19.7,-22.7
288.0,Joel Embiid,31.0,PHI,C,6.0,6.0,140.0,0.46,0.525,0.321,0.511,0.829,0.576,0.402,0.322,98.0,96.0,90.0,94.0,105.0,99.0,141.0,77.0,-5.4,-1.2
289.0,Dylan Harper,19.0,SAS,SG,6.0,0.0,140.0,0.5,0.54,0.357,0.539,0.833,0.584,0.281,0.219,107.0,99.0,100.0,99.0,106.0,100.0,99.0,52.0,-0.5,0.3
290.0,Moussa Cisse,23.0,DAL,C,12.0,1.0,139.0,0.667,0.667,,0.667,0.36,0.598,0.833,0.0,142.0,122.0,,123.0,46.0,103.0,293.0,0.0,7.4,1.3
291.0,Sidy Cissoko,21.0,POR,SF,10.0,1.0,139.0,0.393,0.5,0.25,0.446,0.636,0.487,0.393,0.429,84.0,91.0,70.0,82.0,81.0,84.0,138.0,102.0,-5.4,-6.2
292.0,Trae Young,27.0,ATL,PG,5.0,5.0,139.0,0.371,0.477,0.192,0.407,0.821,0.511,0.557,0.371,79.0,87.0,54.0,75.0,104.0,88.0,196.0,89.0,-19.0,-12.5
293.0,Ja'Kobe Walter,21.0,TOR,SG,12.0,0.0,138.0,0.389,0.5,0.346,0.514,0.857,0.55,0.194,0.722,83.0,91.0,97.0,95.0,109.0,94.0,68.0,173.0,-2.1,-2.5
294.0,Karlo Matković,24.0,NOP,PF,12.0,0.0,137.0,0.703,0.786,0.444,0.757,0.375,0.728,0.216,0.243,150.0,144.0,124.0,139.0,48.0,125.0,76.0,58.0,15.8,11.8
295.0,Chris Paul,40.0,LAC,PG,10.0,0.0,137.0,0.273,0.273,0.273,0.364,1.0,0.374,0.03,0.667,58.0,50.0,76.0,67.0,127.0,64.0,11.0,159.0,-11.8,-13.9
296.0,Mitchell Robinson,27.0,NYK,C,8.0,8.0,137.0,0.609,0.609,,0.609,0.222,0.556,0.391,0.0,130.0,111.0,,112.0,28.0,96.0,137.0,0.0,3.0,-1.4
297.0,Hugo González,19.0,BOS,SF,11.0,1.0,136.0,0.452,0.429,0.5,0.532,0.0,0.525,0.032,0.323,97.0,78.0,140.0,98.0,0.0,90.0,11.0,77.0,-0.7,-3.6
298.0,Ousmane Dieng,22.0,OKC,C,12.0,0.0,135.0,0.306,0.421,0.176,0.347,1.0,0.384,0.111,0.472,65.0,77.0,49.0,64.0,127.0,66.0,39.0,113.0,-14.1,-15.0
299.0,Micah Peavy,24.0,NOP,SG,11.0,0.0,135.0,0.4,0.52,0.2,0.438,0.8,0.462,0.125,0.375,85.0,95.0,56.0,81.0,101.0,79.0,44.0,90.0,-8.4,-10.1
300.0,Guerschon Yabusele,30.0,NYK,C,13.0,0.0,133.0,0.316,0.455,0.259,0.408,0.5,0.418,0.158,0.711,67.0,83.0,72.0,75.0,63.0,72.0,55.0,170.0,-10.3,-13.3
301.0,Pat Spencer,29.0,GSW,PG,10.0,0.0,132.0,0.358,0.361,0.353,0.415,0.917,0.472,0.226,0.321,77.0,66.0,99.0,76.0,116.0,81.0,79.0,77.0,-13.5,-12.9
302.0,Bennedict Mathurin,23.0,IND,SF,4.0,4.0,132.0,0.517,0.583,0.417,0.6,0.796,0.68,0.817,0.4,110.0,107.0,116.0,111.0,101.0,117.0,287.0,96.0,6.9,16.0
303.0,Caleb Martin,30.0,DAL,SF,13.0,0.0,130.0,0.318,0.4,0.143,0.341,0.875,0.431,0.364,0.318,68.0,73.0,40.0,63.0,111.0,74.0,128.0,76.0,-8.9,-7.7
304.0,Amir Coffey,28.0,MIL,SG,13.0,0.0,128.0,0.421,0.545,0.25,0.474,1.0,0.517,0.158,0.421,90.0,100.0,70.0,87.0,127.0,89.0,55.0,101.0,-2.6,-2.7
305.0,Chaz Lanier,24.0,DET,SG,11.0,0.0,128.0,0.35,0.5,0.333,0.5,1.0,0.52,0.075,0.9,75.0,91.0,93.0,92.0,127.0,89.0,26.0,215.0,-3.4,-5.1
306.0,Kobe Sanders,23.0,LAC,SG,7.0,2.0,126.0,0.381,0.412,0.36,0.488,0.875,0.527,0.19,0.595,81.0,75.0,101.0,90.0,111.0,91.0,67.0,142.0,-4.6,-5.0
307.0,Trayce Jackson-Davis,25.0,GSW,C,10.0,1.0,125.0,0.548,0.548,,0.548,0.667,0.591,0.581,0.0,117.0,100.0,,101.0,84.0,101.0,204.0,0.0,0.3,0.7
308.0,Ochai Agbaji,25.0,TOR,SG,9.0,1.0,125.0,0.36,0.615,0.083,0.38,0.625,0.421,0.32,0.48,77.0,113.0,23.0,70.0,79.0,72.0,112.0,115.0,-8.1,-9.2
309.0,Clint Capela,31.0,HOU,C,12.0,0.0,122.0,0.643,0.643,,0.643,0.8,0.679,0.357,0.0,137.0,118.0,,118.0,101.0,117.0,125.0,0.0,5.6,6.3
310.0,Bradley Beal,32.0,LAC,SG,6.0,6.0,121.0,0.375,0.379,0.368,0.448,0.75,0.476,0.167,0.396,80.0,69.0,103.0,83.0,95.0,82.0,59.0,95.0,-9.1,-11.0
311.0,Bones Hyland,25.0,MIN,PG,13.0,0.0,118.0,0.488,0.75,0.32,0.585,0.75,0.596,0.098,0.61,104.0,137.0,89.0,108.0,95.0,102.0,34.0,146.0,3.5,1.2
312.0,Cody Williams,21.0,UTA,SG,9.0,0.0,118.0,0.367,0.563,0.143,0.4,0.333,0.399,0.1,0.467,78.0,103.0,40.0,74.0,42.0,69.0,35.0,112.0,-8.6,-11.5
313.0,Cam Christie,20.0,LAC,SG,10.0,0.0,116.0,0.417,0.389,0.444,0.528,0.737,0.586,0.528,0.5,89.0,71.0,124.0,97.0,93.0,101.0,185.0,119.0,-1.1,0.3
314.0,Terrence Shannon Jr.,25.0,MIN,SG,7.0,0.0,115.0,0.321,0.294,0.364,0.393,0.714,0.434,0.25,0.393,69.0,54.0,102.0,72.0,90.0,75.0,88.0,94.0,-8.4,-9.2
315.0,Dwight Powell,34.0,DAL,C,12.0,0.0,114.0,0.5,0.5,,0.5,0.833,0.678,1.5,0.0,107.0,91.0,,92.0,106.0,116.0,527.0,0.0,-1.0,3.8
316.0,Baylor Scheierman,25.0,BOS,SG,11.0,0.0,113.0,0.55,0.667,0.529,0.775,1.0,0.783,0.05,0.85,118.0,122.0,148.0,143.0,127.0,134.0,18.0,203.0,9.3,8.2
317.0,Maxime Raynaud,22.0,SAC,C,8.0,0.0,113.0,0.5,0.531,0.25,0.514,0.889,0.563,0.25,0.111,107.0,97.0,70.0,95.0,113.0,97.0,88.0,27.0,-2.1,-1.5
318.0,Liam McNeeley,20.0,CHO,SF,9.0,0.0,112.0,0.31,0.273,0.333,0.414,0.867,0.52,0.517,0.621,66.0,50.0,93.0,76.0,110.0,89.0,182.0,148.0,-7.5,-4.5
319.0,Kevin Love,37.0,UTA,PF,8.0,0.0,112.0,0.333,0.75,0.261,0.444,0.833,0.527,0.444,0.852,71.0,137.0,73.0,82.0,106.0,90.0,156.0,204.0,-5.3,-3.6
320.0,Pat Connaughton,33.0,CHO,SG,11.0,0.0,111.0,0.514,0.692,0.409,0.643,0.667,0.655,0.257,0.629,110.0,127.0,114.0,118.0,84.0,112.0,90.0,150.0,7.0,5.6
321.0,Bronny James,21.0,LAL,SG,10.0,1.0,111.0,0.296,0.313,0.273,0.352,1.0,0.377,0.074,0.407,63.0,57.0,76.0,65.0,127.0,65.0,26.0,97.0,-10.3,-11.5
322.0,Robert Williams,28.0,POR,C,9.0,0.0,108.0,0.643,0.68,0.333,0.661,0.0,0.65,0.036,0.107,137.0,124.0,93.0,122.0,0.0,112.0,13.0,26.0,6.6,3.9
323.0,Brooks Barnhizer,23.0,OKC,SG,14.0,0.0,104.0,0.5,0.538,0.0,0.5,0.5,0.508,0.286,0.071,107.0,98.0,0.0,92.0,63.0,87.0,100.0,17.0,-1.2,-2.4
324.0,Isaiah Livers,27.0,PHO,PF,9.0,0.0,104.0,0.421,1.0,0.353,0.579,0.833,0.624,0.316,0.895,90.0,183.0,99.0,107.0,106.0,107.0,111.0,214.0,1.4,1.8
325.0,Kevon Looney,29.0,NOP,C,8.0,6.0,104.0,0.333,0.389,0.167,0.354,0.5,0.375,0.25,0.25,71.0,71.0,47.0,65.0,63.0,64.0,88.0,60.0,-9.1,-11.0
326.0,Justin Champagnie,24.0,WAS,SF,12.0,3.0,101.0,0.32,0.4,0.2,0.36,0.824,0.493,0.68,0.4,68.0,73.0,56.0,66.0,104.0,85.0,239.0,96.0,-9.1,-5.8
327.0,Quenton Jackson,27.0,IND,PG,5.0,3.0,101.0,0.541,0.56,0.5,0.622,0.722,0.657,0.486,0.324,116.0,102.0,140.0,115.0,92.0,113.0,171.0,77.0,5.8,6.7
328.0,Jett Howard,22.0,ORL,SF,11.0,0.0,99.0,0.406,0.375,0.417,0.563,,0.563,0.0,0.75,87.0,69.0,116.0,104.0,,97.0,0.0,179.0,1.3,-1.3
329.0,Javon Small,23.0,MEM,PG,8.0,0.0,99.0,0.357,0.444,0.316,0.464,0.8,0.525,0.357,0.679,76.0,81.0,88.0,86.0,101.0,90.0,125.0,162.0,-4.4,-3.7
330.0,Blake Wesley,22.0,POR,SG,6.0,0.0,98.0,0.412,0.5,0.2,0.441,0.6,0.469,0.294,0.294,88.0,91.0,56.0,81.0,76.0,81.0,103.0,70.0,-6.9,-8.7
331.0,Nigel Hayes-Davis,31.0,PHO,SF,12.0,0.0,97.0,0.375,0.533,0.111,0.396,,0.396,0.0,0.375,80.0,98.0,31.0,73.0,,68.0,0.0,90.0,-7.1,-8.9
332.0,Ben Saraf,19.0,BRK,SG,7.0,5.0,97.0,0.259,0.286,0.231,0.315,0.75,0.377,0.296,0.481,55.0,52.0,64.0,58.0,95.0,65.0,104.0,115.0,-12.3,-12.5
333.0,Dereck Lively II,21.0,DAL,C,6.0,4.0,97.0,0.588,0.588,,0.588,0.75,0.634,0.471,0.0,126.0,108.0,,108.0,95.0,109.0,165.0,0.0,1.5,2.1
334.0,Nae'Qwan Tomlin,25.0,CLE,PF,7.0,1.0,96.0,0.486,0.75,0.0,0.486,0.786,0.544,0.378,0.351,104.0,137.0,0.0,90.0,100.0,94.0,133.0,84.0,-4.2,-3.3
335.0,Gui Santos,23.0,GSW,PF,13.0,1.0,95.0,0.357,0.667,0.273,0.464,0.5,0.47,0.143,0.786,76.0,122.0,76.0,86.0,63.0,81.0,50.0,188.0,-4.4,-6.7
336.0,Gary Harris,31.0,MIL,SG,9.0,0.0,95.0,0.5,0.571,0.455,0.639,,0.639,0.0,0.611,107.0,104.0,127.0,118.0,,110.0,0.0,146.0,3.5,2.0
337.0,Caleb Love,24.0,POR,SG,7.0,0.0,95.0,0.294,0.429,0.2,0.353,0.75,0.37,0.078,0.588,63.0,78.0,56.0,65.0,95.0,63.0,28.0,141.0,-19.4,-22.4
338.0,Olivier-Maxence Prosper,23.0,MEM,PF,10.0,0.0,94.0,0.565,0.706,0.167,0.587,0.909,0.719,0.957,0.261,121.0,129.0,47.0,108.0,115.0,124.0,336.0,62.0,2.0,8.9
339.0,KJ Simpson,23.0,CHO,PG,7.0,0.0,93.0,0.333,0.333,0.333,0.397,0.75,0.417,0.103,0.385,71.0,61.0,93.0,73.0,95.0,72.0,36.0,92.0,-11.3,-13.5
340.0,Branden Carlson,26.0,OKC,C,11.0,0.0,91.0,0.424,0.588,0.25,0.485,0.5,0.489,0.121,0.485,91.0,108.0,70.0,89.0,63.0,84.0,43.0,116.0,-3.8,-6.5
341.0,Taelon Peter,23.0,IND,SG,10.0,0.0,90.0,0.25,0.5,0.227,0.354,1.0,0.395,0.125,0.917,53.0,91.0,63.0,65.0,127.0,68.0,44.0,219.0,-9.1,-9.5
342.0,Nick Smith Jr.,21.0,LAL,SG,6.0,0.0,90.0,0.432,0.421,0.444,0.541,0.667,0.548,0.081,0.486,92.0,77.0,124.0,100.0,84.0,94.0,28.0,116.0,-0.2,-2.6
343.0,Julian Phillips,22.0,CHI,SF,13.0,0.0,89.0,0.36,0.5,0.231,0.42,1.0,0.444,0.08,0.52,77.0,91.0,64.0,77.0,127.0,76.0,28.0,124.0,-6.1,-7.1
344.0,Jericho Sims,27.0,MIL,C,11.0,0.0,88.0,0.75,0.75,,0.75,0.75,0.768,0.5,0.0,160.0,137.0,,138.0,95.0,132.0,176.0,0.0,3.3,3.6
345.0,Spencer Jones,24.0,DEN,SF,10.0,0.0,88.0,0.556,0.75,0.4,0.667,0.75,0.697,0.444,0.556,119.0,137.0,112.0,123.0,95.0,120.0,156.0,133.0,2.2,2.5
346.0,Gabe Vincent,29.0,LAL,PG,4.0,3.0,88.0,0.313,0.333,0.308,0.438,1.0,0.491,0.188,0.813,67.0,61.0,86.0,81.0,127.0,84.0,66.0,194.0,-3.4,-3.2
347.0,Duop Reath,29.0,POR,C,11.0,0.0,84.0,0.583,0.5,0.591,0.854,,0.854,0.0,0.917,125.0,91.0,165.0,157.0,,147.0,0.0,219.0,14.9,13.1
348.0,Tidjane Salaün,20.0,CHO,PF,7.0,0.0,83.0,0.368,0.429,0.333,0.474,0.667,0.508,0.316,0.632,79.0,78.0,93.0,87.0,84.0,87.0,111.0,151.0,-2.6,-3.2
349.0,Asa Newell,20.0,ATL,PF,9.0,0.0,82.0,0.5,0.5,0.5,0.625,0.778,0.654,0.281,0.5,107.0,91.0,140.0,115.0,99.0,112.0,99.0,119.0,5.3,5.1
350.0,Obi Toppin,27.0,IND,PF,3.0,0.0,82.0,0.417,0.632,0.176,0.458,1.0,0.526,0.25,0.472,89.0,115.0,49.0,84.0,127.0,90.0,88.0,113.0,-6.1,-4.5
351.0,Tristan Vukcevic,22.0,WAS,C,11.0,0.0,79.0,0.4,0.5,0.286,0.467,0.667,0.51,0.4,0.467,85.0,91.0,80.0,86.0,84.0,88.0,140.0,112.0,-4.6,-5.1
352.0,Aaron Holiday,29.0,HOU,PG,8.0,0.0,78.0,0.6,0.778,0.5,0.76,0.929,0.818,0.56,0.64,128.0,142.0,140.0,140.0,118.0,141.0,197.0,153.0,10.9,14.7
353.0,Jamison Battle,24.0,TOR,SF,11.0,0.0,77.0,0.667,0.714,0.647,0.896,,0.896,0.0,0.708,142.0,131.0,181.0,165.0,,154.0,0.0,169.0,16.9,15.1
354.0,Dalen Terry,23.0,CHI,SG,9.0,0.0,76.0,0.474,0.583,0.286,0.526,0.429,0.521,0.368,0.368,101.0,107.0,80.0,97.0,54.0,89.0,129.0,88.0,-0.6,-2.7
355.0,Chris Boucher,33.0,BOS,PF,7.0,0.0,76.0,0.318,0.6,0.083,0.341,1.0,0.372,0.091,0.545,68.0,110.0,23.0,63.0,127.0,64.0,32.0,130.0,-8.9,-9.6
356.0,Kobe Brown,26.0,LAC,PF,8.0,0.0,75.0,0.421,0.571,0.333,0.526,1.0,0.578,0.211,0.632,90.0,104.0,93.0,97.0,127.0,99.0,74.0,151.0,-0.6,-0.2
357.0,Zach Edey,23.0,MEM,C,3.0,3.0,75.0,0.583,0.591,0.5,0.604,0.8,0.651,0.417,0.083,125.0,108.0,140.0,111.0,101.0,112.0,146.0,20.0,2.9,3.9
358.0,Jordan McLaughlin,29.0,SAS,PG,8.0,0.0,74.0,0.417,0.556,0.333,0.521,1.0,0.553,0.125,0.625,89.0,102.0,93.0,96.0,127.0,95.0,44.0,149.0,-1.1,-1.5
359.0,T.J. McConnell,33.0,IND,PG,5.0,0.0,73.0,0.439,0.455,0.375,0.476,1.0,0.483,0.024,0.195,94.0,83.0,105.0,88.0,127.0,83.0,9.0,47.0,-5.5,-8.3
360.0,Darius Garland,26.0,CLE,PG,3.0,3.0,73.0,0.333,0.294,0.368,0.431,1.0,0.493,0.222,0.528,71.0,54.0,103.0,79.0,127.0,85.0,78.0,126.0,-8.1,-7.0
361.0,Julian Strawther,23.0,DEN,SG,9.0,0.0,71.0,0.367,0.643,0.125,0.4,0.692,0.462,0.433,0.533,78.0,118.0,35.0,74.0,88.0,79.0,152.0,127.0,-8.6,-8.6
362.0,Kelly Olynyk,34.0,SAS,C,6.0,0.0,69.0,0.556,0.636,0.429,0.639,0.75,0.674,0.444,0.389,119.0,116.0,120.0,118.0,95.0,116.0,156.0,93.0,3.5,3.9
363.0,Kyle Anderson,32.0,UTA,SF,4.0,0.0,69.0,0.455,0.455,,0.455,0.667,0.501,0.409,0.0,97.0,83.0,,84.0,84.0,86.0,144.0,0.0,-3.9,-4.2
364.0,Chris Youngblood,23.0,OKC,SG,14.0,0.0,67.0,0.313,0.0,0.333,0.469,1.0,0.563,0.375,0.938,67.0,0.0,93.0,86.0,127.0,97.0,132.0,224.0,-2.4,-0.7
365.0,Tyler Kolek,24.0,NYK,PG,10.0,0.0,67.0,0.417,0.636,0.231,0.479,,0.479,0.0,0.542,89.0,116.0,64.0,88.0,,82.0,0.0,129.0,-3.1,-4.9
366.0,Jevon Carter,30.0,CHI,PG,5.0,0.0,67.0,0.44,0.0,0.55,0.66,1.0,0.676,0.08,0.8,94.0,0.0,154.0,122.0,127.0,116.0,28.0,191.0,5.9,4.9
367.0,Elijah Harkless,25.0,UTA,SG,7.0,0.0,66.0,0.364,0.5,0.286,0.455,0.778,0.568,0.818,0.636,78.0,91.0,80.0,84.0,99.0,98.0,287.0,152.0,-1.9,-0.4
368.0,Thomas Bryant,28.0,CLE,C,10.0,0.0,65.0,0.417,0.769,0.0,0.417,0.0,0.395,0.125,0.458,89.0,141.0,0.0,77.0,0.0,68.0,44.0,110.0,-6.1,-9.5
369.0,Devin Carter,23.0,SAC,PG,8.0,0.0,65.0,0.238,0.3,0.182,0.286,1.0,0.366,0.238,0.524,51.0,55.0,51.0,53.0,127.0,63.0,84.0,125.0,-10.8,-10.0
370.0,Xavier Tillman Sr.,27.0,BOS,C,8.0,0.0,65.0,0.5,0.7,0.25,0.556,,0.556,0.0,0.444,107.0,128.0,70.0,102.0,,95.0,0.0,106.0,0.5,-1.0
371.0,Monte Morris,30.0,IND,PG,6.0,0.0,65.0,0.35,0.417,0.25,0.4,0.5,0.414,0.2,0.4,75.0,76.0,70.0,74.0,63.0,71.0,70.0,96.0,-5.7,-7.3
372.0,Carter Bryant,20.0,SAS,PF,10.0,0.0,64.0,0.296,0.385,0.214,0.352,1.0,0.388,0.111,0.519,63.0,70.0,60.0,65.0,127.0,67.0,39.0,124.0,-10.3,-11.0
373.0,Will Riley,19.0,WAS,SF,9.0,0.0,64.0,0.444,0.5,0.25,0.472,0.5,0.484,0.333,0.222,95.0,91.0,70.0,87.0,63.0,83.0,117.0,53.0,-2.5,-4.0
374.0,Jared McCain,21.0,PHI,SG,6.0,0.0,62.0,0.208,0.182,0.231,0.271,,0.271,0.0,0.542,45.0,33.0,64.0,50.0,,47.0,0.0,129.0,-13.1,-14.9
375.0,Coby White,25.0,CHI,SG,2.0,0.0,58.0,0.452,0.429,0.471,0.581,0.941,0.676,0.548,0.548,97.0,78.0,131.0,107.0,119.0,116.0,193.0,131.0,2.3,7.2
376.0,Ariel Hukporti,23.0,NYK,C,8.0,2.0,56.0,0.5,0.5,,0.5,,0.5,0.0,0.0,107.0,91.0,,92.0,,86.0,0.0,0.0,-0.7,-1.3
377.0,Cody Martin,30.0,IND,SF,4.0,0.0,55.0,0.2,0.4,0.0,0.2,0.5,0.277,0.6,0.5,43.0,73.0,0.0,37.0,63.0,48.0,211.0,119.0,-6.9,-7.7
378.0,Jalen Pickett,26.0,DEN,SG,7.0,1.0,53.0,0.467,0.5,0.429,0.567,1.0,0.583,0.067,0.467,100.0,91.0,120.0,104.0,127.0,100.0,23.0,112.0,0.7,0.0
379.0,Bobi Klintman,22.0,DET,SF,6.0,0.0,53.0,0.333,0.4,0.273,0.405,0.0,0.381,0.143,0.524,71.0,73.0,76.0,75.0,0.0,65.0,50.0,125.0,-5.8,-9.0
380.0,Yang Hansen,20.0,POR,C,7.0,0.0,50.0,0.35,0.5,0.0,0.35,0.857,0.433,0.35,0.3,75.0,91.0,0.0,64.0,109.0,74.0,123.0,72.0,-7.7,-6.9
381.0,Maxi Kleber,34.0,LAL,PF,4.0,0.0,50.0,0.5,0.0,0.667,0.75,0.5,0.717,0.5,0.75,107.0,0.0,186.0,138.0,63.0,123.0,176.0,179.0,1.7,1.3
382.0,Rayan Rupert,21.0,POR,SG,8.0,0.0,49.0,0.273,0.5,0.143,0.318,0.5,0.353,0.364,0.636,58.0,91.0,40.0,59.0,63.0,61.0,128.0,152.0,-4.9,-5.9
383.0,Matisse Thybulle,28.0,POR,SG,4.0,0.0,49.0,0.6,0.5,0.667,0.8,1.0,0.85,0.4,0.6,128.0,91.0,186.0,147.0,127.0,146.0,140.0,143.0,5.1,6.3
384.0,Jordan Miller,26.0,LAC,SF,3.0,0.0,49.0,0.5,0.429,0.556,0.656,0.875,0.717,0.5,0.563,107.0,78.0,155.0,121.0,111.0,123.0,176.0,134.0,3.6,5.3
385.0,Zeke Nnaji,25.0,DEN,PF,7.0,1.0,48.0,0.4,0.75,0.167,0.45,0.8,0.533,0.5,0.6,85.0,137.0,47.0,83.0,101.0,92.0,176.0,143.0,-1.9,-1.2
386.0,Noah Penda,21.0,ORL,SF,7.0,0.0,47.0,0.545,0.444,1.0,0.636,0.75,0.666,0.364,0.182,117.0,81.0,279.0,117.0,95.0,114.0,128.0,43.0,2.1,2.1
387.0,Luke Travers,24.0,CLE,SG,6.0,0.0,47.0,0.125,0.2,0.0,0.125,1.0,0.268,0.375,0.375,27.0,37.0,0.0,23.0,127.0,46.0,132.0,90.0,-13.4,-11.7
388.0,Rasheer Fleming,21.0,PHO,PF,8.0,0.0,46.0,0.263,0.375,0.182,0.316,1.0,0.385,0.211,0.579,56.0,69.0,51.0,58.0,127.0,66.0,74.0,138.0,-8.6,-8.2
389.0,GG Jackson II,21.0,MEM,PF,7.0,0.0,46.0,0.261,0.5,0.0,0.261,0.667,0.334,0.391,0.478,56.0,91.0,0.0,48.0,84.0,57.0,137.0,114.0,-13.0,-13.4
390.0,Bismack Biyombo,33.0,SAS,C,6.0,0.0,46.0,0.5,0.5,,0.5,,0.5,0.0,0.0,107.0,91.0,,92.0,,86.0,0.0,0.0,-0.2,-0.3
391.0,Lindy Waters III,28.0,SAS,SG,6.0,0.0,46.0,0.417,,0.417,0.625,,0.625,0.0,1.0,89.0,,116.0,115.0,,107.0,0.0,239.0,2.0,1.0
392.0,Paul George,35.0,PHI,PF,2.0,2.0,46.0,0.429,0.4,0.455,0.548,0.636,0.58,0.524,0.524,92.0,73.0,127.0,101.0,81.0,100.0,184.0,125.0,0.2,-0.1
393.0,Ryan Nembhard,22.0,DAL,PG,5.0,0.0,45.0,0.467,0.636,0.0,0.467,0.667,0.49,0.2,0.267,100.0,116.0,0.0,86.0,84.0,84.0,70.0,64.0,-2.3,-3.0
394.0,Bryce McGowens,23.0,NOP,SG,6.0,0.0,43.0,0.385,0.455,0.0,0.385,0.8,0.517,0.769,0.154,82.0,83.0,0.0,71.0,101.0,89.0,270.0,37.0,-4.1,-2.3
395.0,Wendell Moore Jr.,24.0,DET,SG,3.0,0.0,43.0,0.5,0.6,0.0,0.5,,0.5,0.0,0.167,107.0,110.0,0.0,92.0,,86.0,0.0,40.0,-0.5,-1.0
396.0,Jae'Sean Tate,30.0,HOU,SF,8.0,0.0,41.0,0.364,0.5,0.0,0.364,,0.364,0.0,0.273,78.0,91.0,0.0,67.0,,62.0,0.0,65.0,-3.9,-4.8
397.0,Brandon Miller,23.0,CHO,SF,2.0,2.0,40.0,0.4,0.571,0.182,0.44,0.7,0.493,0.4,0.44,85.0,104.0,51.0,81.0,89.0,85.0,140.0,105.0,-5.1,-5.2
398.0,AJ Johnson,21.0,WAS,SG,8.0,0.0,38.0,0.182,0.222,0.0,0.182,0.75,0.274,0.364,0.182,39.0,41.0,0.0,33.0,95.0,47.0,128.0,43.0,-7.9,-7.9
399.0,Joan Beringer,19.0,MIN,PF,9.0,0.0,37.0,0.727,0.727,,0.727,0.667,0.731,0.273,0.0,155.0,133.0,,134.0,84.0,125.0,96.0,0.0,4.1,3.7
400.0,Leonard Miller,22.0,MIN,SF,8.0,0.0,37.0,0.5,0.857,0.0,0.5,0.6,0.528,0.417,0.417,107.0,157.0,0.0,92.0,76.0,91.0,146.0,100.0,-1.0,-1.5
401.0,Johnny Furphy,21.0,IND,SG,3.0,0.0,37.0,0.5,0.333,0.667,0.667,,0.667,0.0,0.5,107.0,61.0,186.0,123.0,,115.0,0.0,119.0,1.5,1.0
402.0,David Jones García,24.0,SAS,SF,5.0,0.0,36.0,0.667,0.643,1.0,0.7,0.4,0.669,0.333,0.067,142.0,118.0,279.0,129.0,51.0,115.0,117.0,16.0,4.7,3.0
403.0,Khaman Maluach,19.0,PHO,C,7.0,0.0,35.0,0.429,0.75,0.0,0.429,0.875,0.618,1.143,0.429,92.0,137.0,0.0,79.0,111.0,106.0,401.0,102.0,-1.6,0.7
404.0,Jonathan Mogbo,24.0,TOR,PF,7.0,0.0,35.0,0.5,0.5,,0.5,,0.5,0.0,0.0,107.0,91.0,,92.0,,86.0,0.0,0.0,-0.5,-1.0
405.0,Caleb Houstan,23.0,ATL,SF,6.0,0.0,35.0,0.4,0.333,0.429,0.55,1.0,0.618,0.3,0.7,85.0,61.0,120.0,101.0,127.0,106.0,105.0,167.0,0.1,0.8
406.0,Nolan Traoré,19.0,BRK,PG,4.0,0.0,35.0,0.222,0.0,0.333,0.333,0.5,0.354,0.222,0.667,47.0,0.0,93.0,61.0,63.0,61.0,78.0,159.0,-3.8,-4.5
407.0,Drew Peterson,26.0,CHO,PF,2.0,0.0,35.0,0.222,0.667,0.0,0.222,0.5,0.253,0.222,0.667,47.0,122.0,0.0,41.0,63.0,43.0,78.0,159.0,-5.8,-6.5
408.0,Jase Richardson,20.0,ORL,SG,8.0,0.0,34.0,0.333,0.5,0.25,0.417,0.5,0.436,0.333,0.667,71.0,91.0,70.0,77.0,63.0,75.0,117.0,159.0,-1.5,-2.0
409.0,Malaki Branham,22.0,WAS,SG,5.0,0.0,34.0,0.545,0.833,0.2,0.591,0.75,0.654,0.727,0.455,117.0,152.0,56.0,109.0,95.0,112.0,255.0,109.0,1.1,2.1
410.0,Mac McClung,27.0,IND,SG,3.0,0.0,34.0,0.389,0.625,0.2,0.444,0.75,0.481,0.222,0.556,83.0,114.0,56.0,82.0,95.0,83.0,78.0,133.0,-3.5,-4.0
411.0,Yanic Konan Niederhauser,22.0,LAC,C,6.0,0.0,33.0,0.909,0.909,,0.909,0.625,0.861,0.727,0.0,194.0,166.0,,167.0,79.0,148.0,255.0,0.0,8.1,8.1
412.0,Dylan Cardwell,24.0,SAC,C,3.0,1.0,33.0,0.333,0.4,0.0,0.333,0.5,0.363,0.333,0.167,71.0,73.0,0.0,61.0,63.0,62.0,117.0,40.0,-2.5,-3.0
413.0,Keegan Murray,25.0,SAC,PF,1.0,0.0,33.0,0.385,0.571,0.167,0.423,,0.423,0.0,0.462,82.0,104.0,47.0,78.0,,73.0,0.0,110.0,-3.1,-4.1
414.0,Charles Bassey,25.0,MEM,C,2.0,0.0,31.0,0.375,0.375,,0.375,0.333,0.376,0.375,0.0,80.0,69.0,,69.0,42.0,64.0,132.0,0.0,-2.7,-3.9
415.0,Mason Plumlee,35.0,CHO,C,6.0,0.0,30.0,1.0,1.0,,1.0,0.5,0.798,2.0,0.0,214.0,183.0,,184.0,63.0,137.0,702.0,0.0,1.8,1.6
416.0,Jalen Green,23.0,PHO,SG,2.0,2.0,30.0,0.478,0.556,0.429,0.609,0.6,0.615,0.217,0.609,102.0,102.0,120.0,112.0,76.0,106.0,76.0,145.0,3.0,1.7
417.0,LeBron James,41.0,LAL,SF,1.0,1.0,30.0,0.571,0.5,0.667,0.714,0.25,0.628,0.571,0.429,122.0,91.0,186.0,132.0,32.0,108.0,201.0,102.0,2.4,0.8
418.0,Dario Šarić,31.0,SAC,C,3.0,0.0,28.0,0.2,0.0,0.5,0.3,1.0,0.425,0.4,0.4,43.0,0.0,140.0,55.0,127.0,73.0,140.0,96.0,-2.4,-1.8
419.0,PJ Hall,23.0,MEM,C,7.0,0.0,27.0,0.556,0.667,0.333,0.611,0.667,0.63,0.333,0.333,119.0,122.0,93.0,113.0,84.0,108.0,117.0,80.0,1.2,1.0
420.0,Tyson Etienne,26.0,BRK,PG,5.0,0.0,25.0,0.182,0.0,0.2,0.273,,0.273,0.0,0.909,39.0,0.0,56.0,50.0,,47.0,0.0,217.0,-5.9,-6.8
421.0,E.J. Liddell,25.0,BRK,PF,5.0,0.0,25.0,0.364,0.667,0.25,0.455,0.667,0.487,0.273,0.727,78.0,122.0,70.0,84.0,84.0,84.0,96.0,174.0,-1.9,-2.3
422.0,JD Davison,23.0,HOU,PG,5.0,0.0,24.0,0.5,0.5,0.5,0.688,0.0,0.619,0.25,0.75,107.0,91.0,140.0,127.0,0.0,106.0,88.0,179.0,2.3,0.7
423.0,Keshad Johnson,24.0,MIA,SF,5.0,0.0,24.0,0.214,0.286,0.143,0.25,,0.25,0.0,0.5,46.0,52.0,40.0,46.0,,43.0,0.0,119.0,-8.2,-9.3
424.0,Joe Ingles,38.0,MIN,SF,5.0,0.0,23.0,0.0,,0.0,0.0,,0.0,0.0,1.0,0.0,,0.0,0.0,,0.0,0.0,239.0,-2.2,-2.3
425.0,DeAndre Jordan,37.0,NOP,C,2.0,1.0,23.0,0.8,0.8,,0.8,0.5,0.765,0.4,0.0,171.0,146.0,,147.0,63.0,131.0,140.0,0.0,2.6,2.2
426.0,Andre Jackson Jr.,24.0,MIL,SG,6.0,0.0,22.0,0.0,0.0,0.0,0.0,,0.0,0.0,0.5,0.0,0.0,0.0,0.0,,0.0,0.0,119.0,-2.2,-2.3
427.0,Tolu Smith,25.0,DET,PF,2.0,0.0,22.0,0.75,0.75,,0.75,0.714,0.767,0.875,0.0,160.0,137.0,,138.0,90.0,132.0,307.0,0.0,3.3,4.1
428.0,Johnny Juzang,24.0,MIN,SG,7.0,0.0,21.0,0.333,0.5,0.286,0.444,0.5,0.455,0.222,0.778,71.0,91.0,80.0,82.0,63.0,78.0,78.0,186.0,-1.8,-2.5
429.0,Jeff Green,39.0,HOU,PF,5.0,0.0,21.0,0.667,,0.667,1.0,,1.0,0.0,1.0,142.0,,186.0,184.0,,172.0,0.0,239.0,5.5,5.0
430.0,Mark Sears,23.0,MIL,PG,5.0,0.0,21.0,0.556,0.5,0.6,0.722,0.75,0.759,0.889,0.556,119.0,91.0,168.0,133.0,95.0,130.0,312.0,133.0,3.2,4.4
431.0,Jahmyl Telfort,24.0,LAC,PF,4.0,0.0,21.0,0.0,,0.0,0.0,0.25,0.105,1.333,1.0,0.0,,0.0,0.0,32.0,18.0,468.0,239.0,-3.3,-4.5
432.0,Eric Gordon,37.0,PHI,SG,3.0,0.0,21.0,0.6,1.0,0.5,0.8,,0.8,0.0,0.8,128.0,183.0,140.0,147.0,,137.0,0.0,191.0,2.6,2.2
433.0,Jamir Watkins,24.0,WAS,SG,3.0,0.0,21.0,0.75,1.0,0.0,0.75,,0.75,0.0,0.25,160.0,183.0,0.0,138.0,,129.0,0.0,60.0,1.7,1.3
434.0,Antonio Reeves,25.0,CHO,SG,2.0,0.0,21.0,0.5,0.0,0.6,0.75,,0.75,0.0,0.833,107.0,0.0,168.0,138.0,,129.0,0.0,199.0,2.5,2.0
435.0,James Wiseman,24.0,IND,C,1.0,1.0,20.0,0.667,0.667,,0.667,,0.667,0.0,0.0,142.0,122.0,,123.0,,115.0,0.0,0.0,0.7,0.5
436.0,Mohamed Diawara,20.0,NYK,SF,8.0,0.0,18.0,0.75,0.667,1.0,0.875,0.0,0.717,0.5,0.25,160.0,122.0,279.0,161.0,0.0,123.0,176.0,60.0,2.7,1.3
437.0,Isaac Jones,25.0,2TM,PF,4.0,1.0,18.0,0.5,1.0,0.0,0.5,0.5,0.512,0.5,0.5,107.0,183.0,0.0,92.0,63.0,88.0,176.0,119.0,-0.4,-0.7
437.0,Isaac Jones,25.0,SAC,PF,3.0,1.0,17.0,0.5,1.0,0.0,0.5,0.5,0.521,1.0,0.5,107.0,183.0,0.0,92.0,63.0,89.0,351.0,119.0,-0.2,-0.4
437.0,Isaac Jones,25.0,DET,PF,1.0,0.0,1.0,0.5,1.0,0.0,0.5,,0.5,0.0,0.5,107.0,183.0,0.0,92.0,,86.0,0.0,119.0,-0.2,-0.3
438.0,Hunter Tyson,25.0,DEN,PF,5.0,0.0,17.0,0.0,0.0,0.0,0.0,,0.0,0.0,0.571,0.0,0.0,0.0,0.0,,0.0,0.0,137.0,-7.6,-8.2
439.0,N'Faly Dante,24.0,ATL,C,4.0,0.0,15.0,0.25,0.25,,0.25,1.0,0.338,0.25,0.0,53.0,46.0,,46.0,127.0,58.0,88.0,0.0,-2.3,-2.2
440.0,Ron Harper Jr.,25.0,BOS,SF,3.0,0.0,15.0,0.429,1.0,0.333,0.571,,0.571,0.0,0.857,92.0,183.0,93.0,105.0,,98.0,0.0,205.0,0.4,-0.2
441.0,Pacome Dadiet,20.0,NYK,SG,5.0,0.0,14.0,0.25,0.333,0.0,0.25,1.0,0.41,0.5,0.25,53.0,61.0,0.0,46.0,127.0,70.0,176.0,60.0,-2.3,-1.7
442.0,Daeqwon Plowden,27.0,SAC,SG,1.0,0.0,14.0,0.2,0.5,0.0,0.2,,0.2,0.0,0.6,43.0,91.0,0.0,37.0,,34.0,0.0,143.0,-3.4,-3.8
443.0,Anthony Gill,33.0,WAS,PF,5.0,0.0,13.0,0.75,0.667,1.0,0.875,1.0,0.922,0.5,0.25,160.0,122.0,279.0,161.0,127.0,158.0,176.0,60.0,2.7,3.3
444.0,Harrison Ingram,23.0,SAS,SF,3.0,0.0,11.0,0.667,0.5,1.0,0.833,,0.833,0.0,0.333,142.0,91.0,279.0,154.0,,143.0,0.0,80.0,1.7,1.5
445.0,Miles Kelly,23.0,DAL,PG,2.0,0.0,11.0,0.5,1.0,0.0,0.5,,0.5,0.0,0.5,107.0,183.0,0.0,92.0,,86.0,0.0,119.0,-0.2,-0.3
446.0,Jahmir Young,25.0,MIA,PG,2.0,0.0,10.0,0.333,0.5,0.0,0.333,,0.333,0.0,0.333,71.0,91.0,0.0,61.0,,57.0,0.0,80.0,-1.3,-1.5
447.0,Thanasis Antetokounmpo,33.0,MIL,SF,4.0,0.0,9.0,0.5,0.5,,0.5,,0.5,0.0,0.0,107.0,91.0,,92.0,,86.0,0.0,0.0,-0.2,-0.3
448.0,Jacob Toppin,25.0,ATL,SF,3.0,0.0,9.0,0.75,0.75,,0.75,,0.75,0.0,0.0,160.0,137.0,,138.0,,129.0,0.0,0.0,1.7,1.3
449.0,Javonte Cooke,26.0,POR,SG,1.0,0.0,9.0,0.333,0.4,0.0,0.333,,0.333,0.0,0.167,71.0,73.0,0.0,61.0,,57.0,0.0,40.0,-2.5,-3.0
450.0,Kevin Porter Jr.,25.0,MIL,PG,1.0,1.0,9.0,0.6,0.5,0.667,0.8,1.0,0.85,0.4,0.6,128.0,91.0,186.0,147.0,127.0,146.0,140.0,143.0,2.6,3.2
451.0,Riley Minix,25.0,SAS,SF,3.0,0.0,8.0,0.667,1.0,0.333,0.75,,0.75,0.0,0.5,142.0,183.0,93.0,138.0,,129.0,0.0,119.0,2.5,2.0
452.0,Danny Wolf,21.0,BRK,PF,3.0,0.0,8.0,0.0,0.0,,0.0,1.0,0.532,2.0,0.0,0.0,0.0,,0.0,127.0,91.0,702.0,0.0,-1.1,-0.2
453.0,Adou Thiero,21.0,LAL,SF,2.0,0.0,8.0,1.0,1.0,,1.0,1.0,1.042,1.0,0.0,214.0,183.0,,184.0,127.0,179.0,351.0,0.0,1.8,2.6
454.0,Trey Jemison,26.0,NYK,C,1.0,0.0,8.0,,,,,,,,,,,,,,,,,0.0,0.0
455.0,Doug McDermott,34.0,SAC,SF,1.0,0.0,8.0,0.667,,0.667,1.0,,1.0,0.0,1.0,142.0,,186.0,184.0,,172.0,0.0,239.0,2.7,2.5
456.0,Hunter Sallis,22.0,PHI,SG,3.0,0.0,7.0,1.0,1.0,,1.0,,1.0,0.0,0.0,214.0,183.0,,184.0,,172.0,0.0,0.0,0.9,0.8
457.0,Chris Mañon,24.0,LAL,SG,2.0,0.0,7.0,0.0,,0.0,0.0,,0.0,0.0,1.0,0.0,,0.0,0.0,,0.0,0.0,239.0,-1.1,-1.2
458.0,Amari Williams,24.0,BOS,PF,2.0,0.0,7.0,0.5,0.5,,0.5,,0.5,0.0,0.0,107.0,91.0,,92.0,,86.0,0.0,0.0,-0.2,-0.3
459.0,Colby Jones,23.0,DET,SG,1.0,0.0,7.0,0.333,1.0,0.0,0.333,,0.333,0.0,0.667,71.0,183.0,0.0,61.0,,57.0,0.0,159.0,-1.3,-1.5
460.0,Johni Broome,23.0,PHI,PF,2.0,0.0,6.0,0.4,0.5,0.0,0.4,,0.4,0.0,0.2,85.0,91.0,0.0,74.0,,69.0,0.0,48.0,-1.4,-1.8
461.0,Christian Koloko,25.0,LAL,C,2.0,0.0,6.0,,,,,,,,,,,,,,,,,0.0,0.0
462.0,Garrett Temple,39.0,TOR,SG,2.0,0.0,6.0,0.0,,0.0,0.0,,0.0,0.0,1.0,0.0,,0.0,0.0,,0.0,0.0,239.0,-1.1,-1.2
463.0,Jahmai Mashack,23.0,MEM,SG,1.0,0.0,6.0,0.5,,0.5,0.75,,0.75,0.0,1.0,107.0,,140.0,138.0,,129.0,0.0,239.0,1.7,1.3
464.0,Jamal Cain,26.0,ORL,SF,3.0,0.0,5.0,1.0,1.0,1.0,1.25,,1.25,0.0,0.5,214.0,183.0,279.0,230.0,,215.0,0.0,119.0,2.8,2.7
465.0,Hunter Dickinson,25.0,NOP,C,1.0,0.0,5.0,0.5,0.5,,0.5,,0.5,0.0,0.0,107.0,91.0,,92.0,,86.0,0.0,0.0,-0.2,-0.3
466.0,Sharife Cooper,24.0,WAS,PG,2.0,0.0,4.0,,,,,,,,,,,,,,,,,0.0,0.0
467.0,DaRon Holmes,23.0,DEN,PF,2.0,0.0,4.0,1.0,,1.0,1.5,,1.5,0.0,1.0,214.0,,279.0,276.0,,258.0,0.0,239.0,1.9,1.8
468.0,Koby Brea,23.0,PHO,SG,1.0,0.0,4.0,0.5,1.0,0.0,0.5,1.0,0.694,1.0,0.5,107.0,183.0,0.0,92.0,127.0,119.0,351.0,119.0,-0.2,0.6
469.0,Pete Nance,25.0,MIL,PF,1.0,0.0,4.0,0.8,1.0,0.667,1.0,,1.0,0.0,0.6,171.0,183.0,186.0,184.0,,172.0,0.0,143.0,4.6,4.2
470.0,Jamaree Bouyea,26.0,PHO,PG,1.0,0.0,3.0,0.5,0.0,1.0,0.75,,0.75,0.0,0.5,107.0,0.0,279.0,138.0,,129.0,0.0,119.0,0.8,0.7
471.0,Myron Gardner,24.0,MIA,SF,1.0,0.0,3.0,1.0,,1.0,1.5,,1.5,0.0,1.0,214.0,,279.0,276.0,,258.0,0.0,239.0,1.9,1.8
472.0,Kyle Lowry,39.0,PHI,PG,1.0,0.0,3.0,1.0,,1.0,1.5,,1.5,0.0,1.0,214.0,,279.0,276.0,,258.0,0.0,239.0,1.9,1.8
473.0,Orlando Robinson,25.0,ORL,C,1.0,0.0,2.0,,,,,,,,,,,,,,,,,0.0,0.0
,League Average,,,,,,,0.468,0.547,0.358,0.543,0.789,0.582,0.285,0.419,,,,,,,,,,
