Rk,Player,Age,Team,Pos,G,GS,MP,FG,FGA,FG%,3P,3PA,3P%,2P,2PA,2P%,eFG%,FT,FTA,FT%,ORB,DRB,TRB,AST,STL,BLK,TOV,PF,PTS
1.0,Luka Dončić,26.0,LAL,PG,11.0,11.0,36.8,10.6,22.5,0.472,3.5,10.9,0.317,7.2,11.6,0.617,0.548,9.9,12.5,0.79,0.8,7.7,8.5,9.0,1.9,0.5,4.1,2.6,34.6
2.0,Tyrese Maxey,25.0,PHI,PG,15.0,15.0,40.7,11.1,23.4,0.473,4.1,9.7,0.421,7.0,13.7,0.51,0.56,7.2,8.2,0.878,0.3,4.4,4.7,7.9,1.6,0.9,2.8,2.5,33.4
3.0,Shai Gilgeous-Alexander,27.0,OKC,PG,16.0,16.0,33.4,10.8,20.4,0.529,2.2,5.7,0.385,8.6,14.8,0.585,0.583,8.2,9.1,0.897,0.5,4.6,5.1,6.5,1.5,0.9,1.8,1.8,32.0
4.0,Giannis Antetokounmpo,31.0,MIL,PF,13.0,13.0,31.8,12.0,19.1,0.629,0.7,1.4,0.5,11.3,17.7,0.639,0.647,6.5,10.2,0.636,3.7,7.2,10.8,6.8,0.9,1.2,3.5,2.6,31.2
5.0,Lauri Markkanen,28.0,UTA,PF,14.0,14.0,35.9,10.4,21.5,0.485,3.7,9.6,0.385,6.7,11.9,0.566,0.571,6.1,6.9,0.885,2.3,3.8,6.1,2.1,1.0,0.5,1.4,2.1,30.6
6.0,Donovan Mitchell,29.0,CLE,SG,14.0,14.0,34.1,10.2,20.1,0.507,3.9,10.2,0.385,6.3,9.9,0.633,0.605,5.9,7.1,0.828,0.7,3.8,4.5,5.3,1.5,0.4,3.3,2.3,30.2
7.0,Nikola Jokić,30.0,DEN,C,14.0,14.0,34.5,10.9,16.9,0.641,1.9,4.6,0.4,9.0,12.3,0.733,0.696,5.6,6.5,0.857,3.1,10.1,13.2,11.1,1.6,0.8,3.6,2.9,29.1
8.0,Austin Reaves,27.0,LAL,SG,12.0,12.0,36.1,8.5,17.3,0.49,2.6,7.9,0.326,5.9,9.4,0.628,0.565,8.5,9.8,0.872,0.7,4.4,5.1,7.6,1.3,0.1,3.4,2.5,28.1
9.0,Jalen Brunson,29.0,NYK,PG,12.0,12.0,34.0,9.8,21.0,0.468,2.8,7.6,0.363,7.1,13.4,0.528,0.534,5.6,6.6,0.848,0.4,3.1,3.5,6.4,0.8,0.1,2.6,2.8,28.0
10.0,Stephen Curry,37.0,GSW,PG,13.0,13.0,30.8,8.9,19.2,0.464,4.5,11.5,0.389,4.5,7.8,0.574,0.58,5.6,6.2,0.913,0.2,3.4,3.6,4.1,1.5,0.4,2.8,2.2,27.9
11.0,Devin Booker,29.0,PHO,SG,15.0,15.0,35.3,9.5,19.3,0.493,1.9,5.6,0.345,7.6,13.7,0.553,0.543,6.8,7.5,0.903,1.1,3.1,4.2,6.9,0.9,0.3,3.8,2.8,27.8
12.0,Bennedict Mathurin,23.0,IND,SF,4.0,4.0,33.0,7.8,15.0,0.517,2.5,6.0,0.417,5.3,9.0,0.583,0.6,9.8,12.3,0.796,1.5,5.8,7.3,2.3,0.5,0.0,2.5,3.3,27.8
13.0,Jaylen Brown,29.0,BOS,SF,15.0,15.0,32.1,10.4,20.7,0.503,2.0,5.7,0.349,8.4,14.9,0.563,0.552,4.7,6.1,0.772,0.9,4.6,5.5,4.1,0.8,0.3,3.5,3.1,27.5
14.0,Cade Cunningham,24.0,DET,PG,12.0,12.0,36.8,9.7,22.2,0.436,1.8,6.7,0.275,7.8,15.5,0.505,0.477,6.1,7.5,0.811,1.0,4.4,5.4,9.9,1.4,0.8,3.6,3.8,27.3
15.0,James Harden,36.0,LAC,PG,14.0,14.0,35.8,7.6,17.4,0.44,3.7,9.7,0.382,3.9,7.6,0.514,0.547,7.5,8.2,0.913,0.6,5.6,6.2,8.6,1.0,0.5,3.9,1.9,26.5
16.0,Victor Wembanyama,22.0,SAS,C,12.0,12.0,34.7,9.3,18.4,0.502,1.7,4.8,0.345,7.6,13.6,0.558,0.548,6.0,7.0,0.857,2.0,10.9,12.9,4.0,1.1,3.6,3.6,3.7,26.2
17.0,Coby White,25.0,CHI,SG,2.0,0.0,29.0,7.0,15.5,0.452,4.0,8.5,0.471,3.0,7.0,0.429,0.581,8.0,8.5,0.941,0.0,2.5,2.5,7.5,1.5,0.0,3.0,2.5,26.0
18.0,Deni Avdija,25.0,POR,SF,15.0,15.0,34.0,8.4,17.3,0.485,2.5,6.7,0.376,5.9,10.6,0.553,0.558,6.6,7.9,0.832,1.3,5.5,6.7,5.2,0.6,0.8,3.4,3.5,25.9
19.0,Kevin Durant,37.0,HOU,SF,13.0,13.0,36.2,8.5,17.2,0.496,1.8,4.7,0.377,6.8,12.5,0.54,0.547,6.6,7.5,0.887,0.3,4.2,4.5,3.4,0.9,0.6,3.1,2.7,25.5
20.0,Norman Powell,32.0,MIA,SG,12.0,12.0,31.1,8.2,16.5,0.495,3.3,6.9,0.47,4.9,9.6,0.513,0.593,5.8,6.3,0.933,0.3,3.8,4.0,2.5,1.2,0.2,2.1,2.4,25.4
21.0,Anthony Edwards,24.0,MIN,SG,11.0,11.0,30.8,8.4,18.5,0.451,2.9,8.0,0.364,5.5,10.5,0.517,0.529,5.5,6.4,0.871,1.0,3.3,4.3,3.5,1.3,0.6,2.3,1.7,25.2
22.0,Julius Randle,31.0,MIN,PF,15.0,15.0,33.1,8.6,16.4,0.524,1.8,4.9,0.37,6.8,11.5,0.59,0.579,6.0,7.2,0.833,1.5,6.0,7.5,6.1,1.2,0.2,2.4,2.5,25.0
23.0,Pascal Siakam,31.0,IND,PF,14.0,14.0,35.0,8.7,19.0,0.459,1.9,5.5,0.351,6.8,13.5,0.503,0.509,5.4,7.9,0.682,1.6,5.2,6.9,4.9,1.1,0.4,2.4,3.2,24.7
24.0,Kawhi Leonard,34.0,LAC,SF,6.0,6.0,33.5,8.8,17.5,0.505,2.3,5.8,0.4,6.5,11.7,0.557,0.571,4.3,4.5,0.963,0.8,4.8,5.7,3.5,2.5,0.7,1.8,1.2,24.3
25.0,Michael Porter Jr.,27.0,BRK,SF,13.0,13.0,32.6,8.5,18.0,0.474,3.2,8.8,0.36,5.4,9.2,0.583,0.562,3.9,4.5,0.864,1.2,6.5,7.7,3.2,0.8,0.2,2.2,2.2,24.2
26.0,Alperen Şengün,23.0,HOU,C,13.0,13.0,36.9,8.2,16.8,0.489,1.3,2.9,0.447,6.9,13.9,0.497,0.527,5.6,7.5,0.745,3.1,7.3,10.4,7.4,1.2,1.0,3.5,3.2,23.4
27.0,De'Aaron Fox,28.0,SAS,PG,7.0,7.0,33.6,8.9,17.1,0.517,2.4,6.3,0.386,6.4,10.9,0.592,0.588,3.0,3.9,0.778,1.3,2.1,3.4,6.6,1.4,0.3,3.4,2.9,23.1
28.0,Keyonte George,22.0,UTA,PG,14.0,14.0,34.4,7.1,16.7,0.427,2.0,6.9,0.292,5.1,9.9,0.522,0.487,6.7,7.2,0.931,0.6,3.3,3.9,7.1,1.1,0.3,3.4,2.3,23.0
29.0,Shaedon Sharpe,22.0,POR,SG,14.0,14.0,28.6,8.2,18.7,0.439,1.8,6.9,0.258,6.4,11.8,0.545,0.487,4.4,5.4,0.803,1.4,3.6,5.0,2.1,1.4,0.2,2.8,2.1,22.6
30.0,Franz Wagner,24.0,ORL,SF,16.0,16.0,35.5,7.4,16.3,0.454,1.6,4.7,0.333,5.8,11.6,0.503,0.502,6.3,7.6,0.835,1.8,4.6,6.4,3.8,1.1,0.4,1.9,2.6,22.6
31.0,Jamal Murray,28.0,DEN,PG,13.0,13.0,34.5,8.1,17.5,0.461,2.5,7.0,0.352,5.6,10.5,0.533,0.531,3.9,4.2,0.927,0.5,4.6,5.2,6.2,1.2,0.2,2.4,1.6,22.5
32.0,Miles Bridges,27.0,CHO,PF,15.0,15.0,35.3,7.5,17.7,0.423,3.3,9.0,0.363,4.2,8.7,0.485,0.515,4.1,4.5,0.897,1.2,5.7,6.9,3.8,0.7,0.5,1.5,2.1,22.3
33.0,Jalen Johnson,24.0,ATL,SF,14.0,14.0,33.7,8.5,14.6,0.58,1.3,3.2,0.4,7.2,11.4,0.631,0.624,4.0,4.9,0.812,1.1,8.6,9.6,6.6,1.8,0.3,3.1,2.2,22.3
34.0,Zach LaVine,30.0,SAC,SG,14.0,14.0,33.5,7.7,15.1,0.512,3.0,7.3,0.412,4.7,7.8,0.606,0.611,3.4,3.9,0.889,0.2,3.2,3.4,2.2,0.6,0.1,2.3,2.4,21.9
35.0,Paolo Banchero,23.0,ORL,PF,12.0,12.0,32.8,6.8,14.8,0.461,0.9,3.7,0.25,5.9,11.2,0.53,0.492,7.1,9.3,0.766,0.9,7.8,8.7,4.1,0.8,0.9,2.7,2.4,21.7
36.0,LaMelo Ball,24.0,CHO,PG,9.0,9.0,31.3,7.2,18.8,0.385,2.8,9.3,0.298,4.4,9.4,0.471,0.459,4.3,5.0,0.867,1.4,5.4,6.9,9.6,1.4,0.1,3.7,3.1,21.6
37.0,Karl-Anthony Towns,30.0,NYK,C,14.0,14.0,33.2,6.9,16.0,0.429,1.9,5.9,0.317,5.0,10.1,0.493,0.487,5.9,6.8,0.874,3.2,9.6,12.8,3.4,1.0,0.9,2.6,3.9,21.5
38.0,Cam Thomas,24.0,BRK,SG,8.0,8.0,28.3,6.6,16.5,0.402,2.0,5.6,0.356,4.6,10.9,0.425,0.462,6.1,7.0,0.875,0.4,1.0,1.4,2.6,0.5,0.1,2.0,1.9,21.4
39.0,Zion Williamson,25.0,NOP,PF,6.0,6.0,31.0,7.3,15.2,0.484,0.0,0.0,,7.3,15.2,0.484,0.484,6.7,10.2,0.656,3.2,3.5,6.7,4.7,1.8,0.3,3.3,2.7,21.3
40.0,Dillon Brooks,30.0,PHO,SF,9.0,9.0,29.4,7.4,16.2,0.459,2.4,7.6,0.324,5.0,8.7,0.577,0.534,3.6,3.9,0.914,0.8,2.3,3.1,2.1,2.1,0.2,2.1,3.4,20.9
41.0,Brandon Ingram,28.0,TOR,SF,15.0,15.0,33.3,7.7,15.5,0.496,1.3,4.2,0.302,6.4,11.3,0.568,0.537,4.3,4.9,0.878,0.7,4.9,5.6,3.9,0.9,0.7,2.7,2.5,20.9
42.0,Anthony Davis,32.0,DAL,PF,5.0,5.0,29.8,7.8,15.0,0.52,0.6,2.2,0.273,7.2,12.8,0.563,0.54,4.6,6.2,0.742,3.4,6.8,10.2,2.2,1.6,1.2,2.2,2.6,20.8
43.0,Josh Giddey,23.0,CHI,PG,12.0,12.0,34.2,7.4,15.9,0.466,1.6,4.3,0.373,5.8,11.7,0.5,0.516,4.3,5.8,0.754,1.5,8.3,9.8,9.7,1.0,0.5,3.7,2.1,20.8
44.0,Jalen Duren,22.0,DET,C,13.0,13.0,28.9,7.5,11.1,0.674,0.0,0.0,,7.5,11.1,0.674,0.674,5.7,7.3,0.779,4.5,7.4,11.9,1.8,1.1,1.1,2.3,3.4,20.6
45.0,Aaron Gordon,30.0,DEN,PF,12.0,12.0,30.4,6.8,12.8,0.536,2.3,5.2,0.452,4.5,7.6,0.593,0.627,4.3,4.8,0.879,1.6,4.7,6.3,1.4,0.8,0.3,1.4,2.0,20.3
46.0,Jimmy Butler,36.0,GSW,SF,15.0,15.0,31.3,6.1,11.5,0.535,1.0,2.2,0.455,5.1,9.3,0.554,0.578,6.8,7.9,0.864,2.1,3.3,5.5,4.7,1.7,0.3,1.7,1.2,20.1
47.0,Chet Holmgren,23.0,OKC,PF,12.0,12.0,29.9,7.3,12.3,0.599,1.7,4.3,0.385,5.7,7.9,0.716,0.667,3.7,4.3,0.863,1.6,6.6,8.2,1.6,0.7,1.4,2.5,3.5,20.0
48.0,Bam Adebayo,28.0,MIA,C,9.0,9.0,30.2,7.0,15.2,0.46,2.1,5.7,0.373,4.9,9.6,0.512,0.529,3.8,4.3,0.872,1.0,7.0,8.0,2.9,1.0,0.4,1.9,1.6,19.9
49.0,Trey Murphy III,25.0,NOP,SF,15.0,15.0,35.6,6.8,14.5,0.468,3.0,7.9,0.381,3.8,6.7,0.57,0.571,3.3,3.5,0.943,1.6,4.9,6.5,3.1,1.7,0.2,2.2,2.1,19.9
50.0,Nickeil Alexander-Walker,27.0,ATL,SG,14.0,11.0,31.1,6.6,14.1,0.47,2.3,6.4,0.356,4.4,7.7,0.565,0.551,4.1,4.9,0.853,0.6,2.3,2.9,3.6,0.9,1.0,2.4,1.9,19.7
51.0,Joel Embiid,31.0,PHI,C,6.0,6.0,23.3,6.7,14.5,0.46,1.5,4.7,0.321,5.2,9.8,0.525,0.511,4.8,5.8,0.829,1.5,4.0,5.5,3.3,0.8,1.5,2.7,2.2,19.7
52.0,Jerami Grant,31.0,POR,PF,14.0,2.0,28.5,5.7,12.1,0.473,2.3,5.4,0.421,3.4,6.6,0.516,0.568,5.6,6.7,0.84,1.1,2.4,3.4,2.4,0.9,0.4,1.7,3.4,19.4
53.0,RJ Barrett,25.0,TOR,SF,15.0,15.0,31.7,7.1,14.3,0.5,1.8,5.3,0.342,5.3,9.0,0.593,0.563,3.2,4.4,0.727,0.7,4.1,4.8,3.9,0.8,0.3,1.5,2.8,19.3
54.0,Scottie Barnes,24.0,TOR,PF,15.0,15.0,32.7,7.6,15.2,0.5,1.4,3.6,0.389,6.2,11.6,0.534,0.546,2.6,3.2,0.813,2.1,5.7,7.8,5.3,1.4,1.7,2.1,3.3,19.2
55.0,Evan Mobley,24.0,CLE,PF,15.0,15.0,34.3,6.7,14.1,0.472,1.6,4.6,0.348,5.1,9.5,0.531,0.528,3.9,6.4,0.604,2.5,6.1,8.6,4.0,1.1,1.5,2.7,2.4,18.8
56.0,Grayson Allen,30.0,PHO,SG,13.0,13.0,32.1,6.2,13.3,0.468,3.9,8.8,0.447,2.3,4.5,0.508,0.616,2.1,2.6,0.794,0.5,2.6,3.1,4.3,1.6,0.3,1.8,2.3,18.5
57.0,Kon Knueppel,20.0,CHO,SF,15.0,14.0,33.5,6.5,13.7,0.473,3.3,8.3,0.403,3.1,5.4,0.58,0.595,2.1,2.3,0.886,1.1,5.0,6.1,3.0,0.8,0.2,2.5,2.4,18.3
58.0,Ryan Rollins,23.0,MIL,PG,16.0,15.0,31.6,7.1,13.8,0.511,2.4,5.5,0.443,4.6,8.3,0.556,0.6,1.8,2.2,0.8,0.8,3.1,3.9,5.9,1.6,0.2,2.5,3.0,18.3
59.0,Alex Sarr,20.0,WAS,C,13.0,13.0,29.0,7.5,14.5,0.519,1.1,3.1,0.35,6.5,11.5,0.564,0.556,2.2,2.9,0.737,2.4,5.8,8.2,3.6,0.7,2.2,2.4,2.2,18.3
60.0,De'Andre Hunter,28.0,CLE,SF,13.0,13.0,28.9,6.1,13.5,0.449,2.1,6.7,0.31,4.0,6.8,0.584,0.526,3.8,4.4,0.86,0.7,4.0,4.7,2.8,0.6,0.2,1.8,2.6,18.0
61.0,DeMar DeRozan,36.0,SAC,PF,16.0,16.0,32.9,6.6,13.3,0.493,0.8,2.2,0.371,5.8,11.1,0.517,0.523,4.0,4.6,0.865,0.6,2.5,3.1,3.5,1.3,0.1,0.9,2.2,17.9
62.0,Jaren Jackson Jr.,26.0,MEM,C,15.0,15.0,29.0,6.3,13.5,0.47,1.7,4.5,0.368,4.7,8.9,0.522,0.532,3.5,4.4,0.803,1.0,4.3,5.3,1.5,0.5,1.3,2.1,4.1,17.9
63.0,Ja Morant,26.0,MEM,PG,12.0,12.0,28.8,5.8,16.3,0.359,0.8,5.0,0.167,5.0,11.3,0.444,0.385,5.4,5.8,0.942,0.5,3.0,3.5,7.6,1.0,0.1,3.8,2.3,17.9
64.0,Trae Young,27.0,ATL,PG,5.0,5.0,27.8,5.2,14.0,0.371,1.0,5.2,0.192,4.2,8.8,0.477,0.407,6.4,7.8,0.821,0.0,2.0,2.0,7.8,0.8,0.2,2.0,1.8,17.8
65.0,Jaden McDaniels,25.0,MIN,PF,14.0,14.0,31.1,6.7,12.1,0.553,1.8,3.4,0.521,4.9,8.7,0.566,0.626,2.3,2.7,0.842,1.0,3.6,4.6,2.4,1.0,1.3,1.9,3.4,17.5
66.0,Kyshawn George,22.0,WAS,SF,13.0,13.0,31.5,6.3,12.5,0.503,2.7,5.9,0.455,3.6,6.6,0.547,0.61,2.1,3.0,0.692,0.7,5.5,6.2,4.8,0.9,0.9,3.3,4.7,17.4
67.0,Andrew Nembhard,26.0,IND,PG,8.0,8.0,29.3,5.4,13.5,0.398,1.8,5.5,0.318,3.6,8.0,0.453,0.463,4.9,5.3,0.929,0.4,1.4,1.8,6.3,0.3,0.3,2.9,2.4,17.4
68.0,Stephon Castle,21.0,SAS,PG,13.0,13.0,32.0,5.9,11.9,0.497,0.9,3.8,0.24,5.0,8.1,0.619,0.535,4.5,6.5,0.694,1.5,4.3,5.8,7.5,1.7,0.4,4.0,3.6,17.3
69.0,Jordan Poole,26.0,NOP,PG,7.0,4.0,30.3,5.0,14.1,0.354,2.9,8.4,0.339,2.1,5.7,0.375,0.455,4.4,4.6,0.969,0.4,1.3,1.7,3.4,0.3,0.3,2.1,2.6,17.3
70.0,Kristaps Porziņģis,30.0,ATL,C,10.0,10.0,26.2,5.6,12.4,0.452,1.6,4.8,0.333,4.0,7.6,0.526,0.516,4.4,5.1,0.863,1.7,3.9,5.6,3.4,0.5,1.6,1.1,3.0,17.2
71.0,Domantas Sabonis,29.0,SAC,C,11.0,11.0,33.2,6.7,13.2,0.51,0.4,1.8,0.2,6.4,11.4,0.56,0.524,3.4,4.6,0.725,3.4,8.9,12.3,3.7,1.2,0.2,2.5,4.0,17.2
72.0,Quentin Grimes,25.0,PHI,SG,15.0,0.0,31.8,5.3,11.5,0.465,2.6,6.5,0.402,2.7,5.0,0.547,0.578,3.6,4.3,0.831,0.3,3.4,3.7,4.1,0.9,0.5,2.7,2.3,16.9
73.0,Desmond Bane,27.0,ORL,SG,16.0,16.0,32.8,6.1,14.1,0.429,1.6,4.9,0.329,4.4,9.2,0.483,0.487,3.1,3.3,0.925,1.1,3.5,4.6,4.5,0.8,0.3,2.4,3.2,16.8
74.0,Jaime Jaquez Jr.,24.0,MIA,SF,15.0,0.0,30.6,6.6,12.8,0.516,0.4,1.9,0.207,6.2,10.9,0.571,0.531,3.2,4.1,0.787,1.4,5.3,6.7,5.3,0.7,0.3,1.9,2.1,16.8
75.0,Kelly Oubre Jr.,30.0,PHI,SF,12.0,12.0,34.8,6.2,12.4,0.497,1.9,5.6,0.343,4.3,6.8,0.622,0.574,2.5,3.2,0.789,1.2,3.9,5.1,1.3,1.1,0.8,1.5,2.7,16.8
76.0,Amen Thompson,23.0,HOU,SF,13.0,13.0,35.8,6.6,14.2,0.467,0.5,2.3,0.2,6.2,11.8,0.519,0.484,3.2,4.2,0.759,2.3,4.0,6.3,5.2,1.5,0.5,2.2,2.4,16.8
77.0,Jrue Holiday,35.0,POR,PG,12.0,12.0,33.4,6.2,13.8,0.446,2.6,7.1,0.365,3.6,6.8,0.531,0.539,1.8,2.1,0.84,1.3,3.9,5.3,8.3,1.6,0.3,2.9,2.0,16.7
78.0,Payton Pritchard,28.0,BOS,PG,15.0,15.0,32.1,5.9,13.5,0.441,2.7,8.1,0.331,3.3,5.4,0.605,0.54,2.2,2.7,0.825,1.0,3.3,4.3,5.0,0.7,0.0,1.4,1.9,16.7
79.0,Andrew Wiggins,30.0,MIA,SF,15.0,15.0,33.1,6.7,13.9,0.481,1.8,4.9,0.365,4.9,8.9,0.545,0.546,1.6,2.5,0.649,1.5,3.5,4.9,2.8,1.1,0.9,2.0,2.7,16.7
80.0,Nikola Vučević,35.0,CHI,C,14.0,14.0,31.6,6.6,13.3,0.495,2.1,5.0,0.429,4.4,8.3,0.534,0.575,1.4,1.8,0.76,1.9,7.9,9.9,3.6,0.7,0.5,1.8,2.5,16.6
81.0,Deandre Ayton,27.0,LAL,C,14.0,14.0,30.4,7.8,11.1,0.699,0.0,0.0,,7.8,11.1,0.699,0.699,0.9,1.6,0.565,2.9,5.9,8.8,0.9,0.7,0.9,2.6,3.1,16.5
82.0,Mikal Bridges,29.0,NYK,SF,14.0,14.0,35.1,6.1,12.2,0.503,2.4,5.8,0.407,3.8,6.4,0.589,0.599,1.5,1.9,0.778,1.2,3.2,4.4,4.9,2.1,1.2,1.1,1.9,16.1
83.0,CJ McCollum,34.0,WAS,SG,14.0,14.0,29.6,5.5,13.9,0.395,2.6,6.9,0.375,2.9,7.1,0.414,0.487,2.6,3.1,0.818,0.7,2.6,3.4,3.4,0.7,0.2,1.4,2.2,16.1
84.0,Ajay Mitchell,23.0,OKC,SG,16.0,5.0,28.2,5.8,13.1,0.443,1.1,3.8,0.3,4.7,9.4,0.5,0.486,3.4,3.7,0.915,0.7,3.1,3.8,3.8,1.8,0.3,1.8,2.3,16.1
85.0,Onyeka Okongwu,25.0,ATL,C,16.0,6.0,29.3,5.8,10.9,0.526,1.9,4.6,0.419,3.8,6.3,0.604,0.614,2.6,3.3,0.774,1.7,5.7,7.4,2.7,0.9,1.1,1.8,3.6,16.0
86.0,Immanuel Quickley,26.0,TOR,PG,15.0,15.0,31.8,5.7,12.1,0.467,2.5,6.5,0.381,3.2,5.7,0.565,0.569,2.1,2.7,0.756,0.5,4.2,4.7,6.1,1.4,0.0,1.7,2.2,15.9
87.0,Derrick White,31.0,BOS,SG,15.0,15.0,32.9,5.5,15.4,0.359,2.7,8.7,0.305,2.9,6.7,0.43,0.446,2.2,2.7,0.825,0.9,3.1,4.0,5.3,1.7,1.3,1.4,1.8,15.9
88.0,Ivica Zubac,28.0,LAC,C,15.0,15.0,31.5,6.9,11.5,0.605,0.0,0.0,,6.9,11.5,0.605,0.605,2.0,2.7,0.75,3.5,7.9,11.3,2.0,0.5,0.9,2.0,2.5,15.9
89.0,OG Anunoby,28.0,NYK,PF,12.0,12.0,31.1,5.8,12.3,0.476,2.6,6.6,0.392,3.3,5.7,0.574,0.582,1.6,2.1,0.76,1.6,4.0,5.6,2.2,1.9,0.7,1.8,2.3,15.8
90.0,Ayo Dosunmu,26.0,CHI,SG,12.0,0.0,25.3,5.6,9.9,0.563,1.8,3.9,0.468,3.8,6.0,0.625,0.655,2.6,2.9,0.886,0.3,2.3,2.6,3.2,0.6,0.2,1.3,1.9,15.6
91.0,VJ Edgecombe,20.0,PHI,SG,15.0,15.0,37.3,5.9,14.4,0.407,2.0,5.5,0.366,3.9,8.9,0.433,0.477,1.9,2.5,0.737,2.1,3.9,6.0,4.2,1.3,0.5,1.9,3.1,15.6
92.0,Cooper Flagg,19.0,DAL,PG,15.0,15.0,33.7,6.0,13.2,0.455,1.1,3.9,0.293,4.9,9.3,0.521,0.497,2.4,3.1,0.783,1.1,5.3,6.3,3.1,1.3,0.7,2.2,2.3,15.5
93.0,Jalen Green,23.0,PHO,SG,2.0,2.0,15.0,5.5,11.5,0.478,3.0,7.0,0.429,2.5,4.5,0.556,0.609,1.5,2.5,0.6,1.0,1.0,2.0,2.0,1.0,0.0,1.0,1.0,15.5
94.0,Aaron Nesmith,26.0,IND,SF,11.0,11.0,30.5,4.9,13.4,0.367,2.8,7.5,0.373,2.1,5.8,0.359,0.473,2.8,3.5,0.795,1.5,2.9,4.5,1.5,0.8,0.3,0.7,2.5,15.5
95.0,Jeremiah Fears,19.0,NOP,PG,15.0,13.0,26.3,5.9,13.2,0.449,1.1,3.5,0.327,4.8,9.7,0.493,0.492,2.3,2.8,0.833,0.7,2.2,2.9,2.7,1.6,0.1,2.4,2.1,15.3
96.0,Collin Sexton,27.0,CHO,SG,14.0,9.0,26.2,4.9,10.7,0.46,1.5,3.8,0.396,3.4,6.9,0.495,0.53,3.9,4.5,0.857,0.3,1.9,2.2,4.8,0.7,0.0,2.8,2.3,15.2
97.0,Rui Hachimura,27.0,LAL,PF,14.0,14.0,33.9,5.9,10.4,0.566,1.9,3.9,0.481,4.0,6.5,0.615,0.655,1.6,2.1,0.733,0.8,3.0,3.8,1.2,0.6,0.2,1.1,1.9,15.1
98.0,Paul George,35.0,PHI,PF,2.0,2.0,23.0,4.5,10.5,0.429,2.5,5.5,0.455,2.0,5.0,0.4,0.548,3.5,5.5,0.636,0.0,6.0,6.0,3.0,1.0,1.0,2.0,0.0,15.0
99.0,Jarrett Allen,27.0,CLE,C,14.0,14.0,26.0,5.6,9.8,0.577,0.0,0.3,0.0,5.6,9.5,0.594,0.577,3.5,4.6,0.766,2.4,5.2,7.6,1.9,1.1,0.9,1.6,1.5,14.8
100.0,Aaron Wiggins,27.0,OKC,SG,9.0,5.0,27.6,5.7,12.3,0.459,2.8,6.7,0.417,2.9,5.7,0.51,0.572,0.7,1.0,0.667,1.0,2.7,3.7,2.2,0.4,0.8,1.0,2.2,14.8
101.0,Matas Buzelis,21.0,CHI,PF,14.0,14.0,28.3,5.4,11.1,0.481,1.8,4.4,0.403,3.6,6.7,0.532,0.561,2.2,2.6,0.861,1.1,4.4,5.6,1.4,0.7,1.2,1.9,3.3,14.7
102.0,Nic Claxton,26.0,BRK,C,14.0,14.0,29.4,5.4,9.4,0.576,0.0,0.4,0.0,5.4,9.0,0.603,0.576,3.7,5.3,0.703,3.0,4.3,7.3,3.9,0.8,1.4,1.4,2.7,14.6
103.0,Cedric Coward,22.0,MEM,SG,16.0,3.0,26.5,4.9,10.1,0.481,2.0,4.9,0.41,2.9,5.3,0.548,0.58,2.9,3.2,0.902,1.6,4.6,6.3,2.9,0.8,0.4,1.3,2.0,14.6
104.0,Brandon Miller,23.0,CHO,SF,2.0,2.0,20.0,5.0,12.5,0.4,1.0,5.5,0.182,4.0,7.0,0.571,0.44,3.5,5.0,0.7,0.0,0.0,0.0,4.0,0.5,0.5,1.5,2.5,14.5
105.0,Walker Kessler,24.0,UTA,C,5.0,5.0,30.8,5.2,7.4,0.703,1.2,1.6,0.75,4.0,5.8,0.69,0.784,2.8,4.0,0.7,4.6,6.2,10.8,3.0,1.4,1.8,3.2,4.4,14.4
106.0,Jabari Smith Jr.,22.0,HOU,PF,12.0,12.0,32.8,5.3,11.8,0.454,2.1,5.4,0.385,3.3,6.3,0.513,0.543,1.7,2.1,0.8,1.3,5.3,6.6,1.7,0.8,0.8,0.9,2.8,14.4
107.0,P.J. Washington,27.0,DAL,PF,15.0,15.0,30.9,5.1,12.1,0.423,1.3,4.3,0.297,3.9,7.9,0.492,0.475,2.9,4.3,0.662,1.1,6.5,7.7,2.4,1.1,1.0,2.6,2.3,14.4
108.0,Dylan Harper,19.0,SAS,SG,6.0,0.0,23.3,5.3,10.7,0.5,0.8,2.3,0.357,4.5,8.3,0.54,0.539,2.5,3.0,0.833,0.8,3.2,4.0,3.8,0.7,0.0,1.8,3.0,14.0
109.0,Isaiah Joe,26.0,OKC,SG,11.0,0.0,25.4,4.2,9.9,0.422,3.2,8.1,0.393,1.0,1.8,0.55,0.583,2.5,2.7,0.9,0.6,2.5,3.2,1.5,0.6,0.2,1.0,1.8,14.0
110.0,Obi Toppin,27.0,IND,PF,3.0,0.0,27.3,5.0,12.0,0.417,1.0,5.7,0.176,4.0,6.3,0.632,0.458,3.0,3.0,1.0,1.0,5.7,6.7,1.7,1.0,0.0,2.0,2.3,14.0
111.0,Donte DiVincenzo,29.0,MIN,SG,15.0,15.0,30.7,4.3,10.0,0.433,3.0,7.6,0.395,1.3,2.4,0.556,0.583,2.3,2.7,0.85,0.9,3.1,4.0,3.6,1.0,0.5,1.5,2.3,13.9
112.0,Sam Merrill,29.0,CLE,SG,12.0,8.0,25.9,4.5,9.7,0.466,3.7,8.3,0.444,0.8,1.4,0.588,0.655,1.3,1.3,0.938,0.8,1.3,2.1,2.3,0.5,0.3,0.8,2.9,13.9
113.0,Jonathan Kuminga,23.0,GSW,PF,13.0,12.0,27.7,5.0,10.5,0.478,0.9,2.8,0.324,4.1,7.6,0.535,0.522,2.8,3.7,0.771,1.6,5.0,6.6,2.8,0.4,0.3,2.7,1.9,13.8
114.0,Devin Vassell,25.0,SAS,SG,15.0,15.0,33.2,4.9,12.1,0.407,2.5,6.9,0.359,2.5,5.3,0.468,0.508,1.3,1.7,0.8,0.4,3.2,3.6,2.6,1.1,0.3,1.1,2.1,13.7
115.0,Russell Westbrook,37.0,SAC,SF,16.0,10.0,28.1,4.9,11.3,0.433,2.1,5.3,0.393,2.8,6.0,0.469,0.525,1.9,2.9,0.638,1.6,5.3,6.9,6.3,1.1,0.1,3.2,2.3,13.7
116.0,Santi Aldama,25.0,MEM,PF,16.0,1.0,25.8,5.3,11.1,0.475,1.6,4.8,0.325,3.7,6.3,0.59,0.545,1.4,2.4,0.605,1.5,5.2,6.7,2.5,1.0,0.7,1.3,1.4,13.5
117.0,Tobias Harris,33.0,DET,PF,6.0,6.0,32.2,4.7,11.8,0.394,1.3,4.7,0.286,3.3,7.2,0.465,0.451,2.8,3.0,0.944,0.8,5.2,6.0,2.8,0.8,0.2,1.3,3.0,13.5
118.0,Kevin Huerter,27.0,CHI,SF,14.0,5.0,26.1,5.1,10.4,0.49,1.5,4.9,0.304,3.6,5.4,0.658,0.562,1.9,2.2,0.839,0.6,3.3,3.9,2.7,0.9,0.9,1.5,2.4,13.5
119.0,Kyle Kuzma,30.0,MIL,PF,15.0,6.0,26.7,5.1,10.3,0.49,0.9,3.3,0.265,4.2,7.1,0.594,0.532,2.5,3.3,0.776,0.7,3.7,4.3,1.9,0.9,0.6,1.3,2.7,13.5
120.0,Jalen Suggs,24.0,ORL,PG,12.0,12.0,23.3,4.5,8.7,0.519,1.9,5.1,0.377,2.6,3.6,0.721,0.63,2.5,2.8,0.909,0.7,3.3,3.9,4.9,1.7,0.5,3.0,3.3,13.4
121.0,Tre Jones,26.0,CHI,PG,11.0,11.0,29.9,4.4,8.8,0.495,0.5,1.5,0.353,3.8,7.3,0.525,0.526,4.0,4.7,0.846,0.8,3.2,4.0,5.5,2.1,0.2,1.6,2.0,13.3
122.0,Naz Reid,26.0,MIN,C,15.0,0.0,24.3,5.1,11.0,0.467,2.1,5.7,0.376,3.0,5.3,0.563,0.564,0.9,1.4,0.667,1.3,4.7,6.0,2.0,1.0,0.9,1.5,2.7,13.3
123.0,Anfernee Simons,26.0,BOS,SG,15.0,0.0,24.5,4.6,11.1,0.413,2.7,6.6,0.404,1.9,4.5,0.426,0.533,1.4,1.7,0.84,0.3,1.9,2.2,2.5,0.4,0.2,1.3,2.1,13.3
124.0,Ausar Thompson,23.0,DET,SF,11.0,10.0,28.5,5.5,10.9,0.508,0.4,1.2,0.308,5.2,9.7,0.533,0.525,1.7,3.5,0.487,1.8,4.4,6.2,3.1,1.7,0.9,1.3,2.9,13.2
125.0,Harrison Barnes,33.0,SAS,PF,15.0,15.0,30.1,4.4,8.2,0.537,2.5,5.5,0.463,1.9,2.7,0.683,0.691,1.7,1.9,0.929,0.5,2.5,3.1,2.1,1.0,0.3,1.3,1.7,13.1
126.0,Darius Garland,26.0,CLE,PG,3.0,3.0,24.3,4.0,12.0,0.333,2.3,6.3,0.368,1.7,5.7,0.294,0.431,2.7,2.7,1.0,1.0,2.0,3.0,5.0,1.0,0.0,1.7,2.0,13.0
127.0,Duncan Robinson,31.0,DET,SF,15.0,15.0,32.1,4.2,9.4,0.447,3.1,7.3,0.418,1.1,2.1,0.548,0.61,1.2,1.6,0.75,0.5,2.3,2.8,2.0,0.9,0.3,0.7,2.7,12.7
128.0,D'Angelo Russell,29.0,DAL,PG,16.0,3.0,22.2,4.4,11.1,0.399,1.3,5.1,0.256,3.1,6.0,0.521,0.458,2.4,3.5,0.696,0.4,2.5,2.9,5.0,0.6,0.1,2.4,1.4,12.6
129.0,Keldon Johnson,26.0,SAS,SF,15.0,0.0,24.2,5.0,8.7,0.573,0.7,2.5,0.289,4.3,6.2,0.688,0.615,1.7,2.1,0.813,2.2,4.1,6.3,1.7,0.9,0.1,0.9,1.9,12.5
130.0,Malik Monk,27.0,SAC,SG,13.0,0.0,23.7,4.5,9.8,0.457,1.9,4.3,0.446,2.5,5.5,0.465,0.555,1.6,1.8,0.875,0.3,1.4,1.7,2.1,0.9,0.5,1.0,1.8,12.5
131.0,Reed Sheppard,21.0,HOU,PG,13.0,0.0,22.9,4.7,9.6,0.488,2.7,5.7,0.473,2.0,3.9,0.51,0.628,0.5,0.7,0.667,0.3,2.3,2.6,3.0,1.5,0.4,1.2,2.2,12.5
132.0,Wendell Carter Jr.,26.0,ORL,C,16.0,16.0,30.4,4.1,8.0,0.516,1.3,2.9,0.435,2.9,5.1,0.561,0.594,2.9,3.6,0.807,2.9,4.7,7.6,2.1,0.7,0.8,1.9,4.0,12.4
133.0,Isaiah Hartenstein,27.0,OKC,C,16.0,16.0,28.4,5.4,7.8,0.688,0.0,0.3,0.0,5.4,7.6,0.711,0.688,1.6,2.4,0.684,3.6,7.4,11.0,3.3,1.4,0.7,2.1,3.0,12.4
134.0,Moses Moody,23.0,GSW,SG,15.0,7.0,25.3,3.9,9.2,0.42,2.7,6.4,0.427,1.1,2.8,0.405,0.569,1.9,2.3,0.829,0.5,2.5,3.1,1.7,1.0,0.8,1.4,1.9,12.4
135.0,Myles Turner,29.0,MIL,C,16.0,16.0,29.9,4.3,9.8,0.436,2.4,5.8,0.424,1.8,4.0,0.453,0.561,1.5,2.2,0.686,1.2,5.3,6.5,1.8,1.2,1.6,1.3,2.6,12.4
136.0,Max Christie,22.0,DAL,SG,16.0,13.0,30.3,4.2,8.8,0.475,2.6,5.6,0.461,1.6,3.3,0.5,0.621,1.3,1.8,0.75,0.1,3.5,3.6,2.5,0.6,0.5,1.2,1.9,12.3
137.0,Zach Edey,23.0,MEM,C,3.0,3.0,25.0,4.7,8.0,0.583,0.3,0.7,0.5,4.3,7.3,0.591,0.604,2.7,3.3,0.8,3.0,4.3,7.3,0.7,1.3,1.3,1.3,2.7,12.3
138.0,Dennis Schröder,32.0,SAC,PG,16.0,12.0,30.2,4.6,11.9,0.387,1.5,4.8,0.312,3.1,7.1,0.439,0.45,1.5,2.1,0.727,0.4,3.2,3.6,5.8,0.9,0.3,2.1,1.9,12.3
139.0,Tristan Da Silva,24.0,ORL,SF,16.0,4.0,24.0,4.4,9.3,0.477,2.1,5.1,0.415,2.3,4.2,0.552,0.591,1.2,1.5,0.792,1.1,3.0,4.1,1.1,0.9,0.2,0.9,0.9,12.2
140.0,Zaccharie Risacher,20.0,ATL,SF,13.0,13.0,24.4,4.8,10.6,0.449,1.5,4.8,0.317,3.2,5.8,0.56,0.522,1.0,1.5,0.684,0.6,2.0,2.6,1.5,1.1,0.5,0.8,1.8,12.1
141.0,Toumani Camara,25.0,POR,PF,15.0,15.0,34.6,4.5,11.3,0.396,2.1,6.9,0.301,2.4,4.4,0.545,0.488,1.0,1.4,0.714,1.9,3.1,5.0,2.9,1.1,0.5,2.2,3.1,12.0
142.0,Brandin Podziemski,22.0,GSW,SG,17.0,8.0,28.6,4.3,9.9,0.432,1.8,4.8,0.378,2.5,5.1,0.483,0.524,1.6,2.1,0.771,0.5,4.3,4.8,2.9,1.1,0.3,1.3,2.2,12.0
143.0,Jakob Poeltl,30.0,TOR,C,11.0,11.0,26.1,5.0,6.8,0.733,0.0,0.0,,5.0,6.8,0.733,0.733,2.0,3.5,0.564,2.8,4.7,7.5,1.9,0.6,0.5,1.2,3.5,12.0
144.0,Naji Marshall,28.0,DAL,SF,16.0,1.0,26.8,3.8,8.0,0.477,0.9,2.9,0.304,2.9,5.1,0.573,0.531,3.4,4.3,0.797,0.8,4.1,4.8,2.2,1.2,0.0,1.2,1.9,11.9
145.0,Anthony Black,22.0,ORL,PG,16.0,3.0,27.0,4.3,9.1,0.476,1.0,3.4,0.291,3.3,5.6,0.589,0.531,2.1,3.1,0.694,0.5,2.6,3.1,2.5,1.4,0.6,2.1,2.6,11.8
146.0,Quenton Jackson,27.0,IND,PG,5.0,3.0,20.2,4.0,7.4,0.541,1.2,2.4,0.5,2.8,5.0,0.56,0.622,2.6,3.6,0.722,1.0,2.4,3.4,3.6,1.0,0.2,1.2,2.0,11.8
147.0,Daniss Jenkins,24.0,DET,PG,10.0,4.0,21.9,4.7,9.5,0.495,1.3,2.9,0.448,3.4,6.6,0.515,0.563,1.1,1.6,0.688,0.8,1.3,2.1,4.4,1.5,0.0,1.6,1.6,11.8
148.0,John Collins,28.0,LAC,PF,15.0,6.0,25.3,4.6,9.1,0.504,0.8,2.5,0.324,3.8,6.7,0.57,0.547,1.7,2.2,0.788,1.3,3.5,4.7,0.6,0.9,0.5,1.9,2.3,11.7
149.0,Derik Queen,21.0,NOP,C,15.0,3.0,23.1,4.4,8.9,0.496,0.1,0.8,0.167,4.3,8.1,0.529,0.504,2.7,3.7,0.745,2.0,4.4,6.4,2.7,1.1,0.9,2.4,3.1,11.7
150.0,Mark Williams,24.0,PHO,C,13.0,10.0,25.1,4.7,7.5,0.629,0.0,0.0,,4.7,7.5,0.629,0.629,2.3,3.0,0.769,2.9,5.3,8.2,0.9,1.3,0.9,0.9,2.8,11.7
151.0,Saddiq Bey,26.0,NOP,SF,14.0,7.0,26.9,4.1,9.7,0.419,2.0,5.2,0.384,2.1,4.5,0.46,0.522,1.5,2.2,0.677,1.6,2.9,4.6,2.0,0.8,0.0,0.7,1.0,11.6
152.0,Tari Eason,24.0,HOU,PF,11.0,1.0,23.2,4.3,8.6,0.495,2.5,4.8,0.509,1.8,3.8,0.476,0.637,0.5,0.6,0.714,1.5,3.7,5.2,1.6,0.8,0.5,1.7,1.6,11.5
153.0,Christian Braun,24.0,DEN,SG,11.0,11.0,29.5,4.4,8.8,0.495,0.5,2.5,0.214,3.8,6.3,0.609,0.526,2.1,2.6,0.793,1.6,2.7,4.4,3.0,0.8,0.3,1.3,2.2,11.4
154.0,Simone Fontecchio,30.0,MIA,SF,15.0,0.0,19.0,3.7,7.8,0.47,2.6,5.5,0.476,1.1,2.3,0.457,0.637,1.5,1.7,0.846,0.5,2.2,2.7,1.2,0.6,0.2,1.1,2.2,11.4
155.0,Tre Johnson,19.0,WAS,SG,14.0,4.0,24.6,4.3,9.9,0.435,1.9,5.1,0.38,2.4,4.8,0.493,0.533,0.9,1.0,0.857,0.5,2.6,3.1,1.3,0.4,0.4,1.6,2.0,11.4
156.0,Royce O'Neale,32.0,PHO,SF,15.0,11.0,29.6,3.9,9.1,0.434,3.2,7.5,0.425,0.7,1.5,0.478,0.61,0.3,0.4,0.667,1.0,4.5,5.5,2.9,1.3,0.1,1.5,2.5,11.3
157.0,Tim Hardaway Jr.,33.0,DEN,SG,14.0,1.0,22.8,3.7,8.2,0.452,2.4,5.4,0.453,1.3,2.9,0.45,0.6,1.2,1.3,0.944,0.3,1.6,1.9,1.4,0.6,0.1,0.2,1.2,11.1
158.0,Isaiah Stewart,24.0,DET,C,12.0,5.0,23.0,4.1,8.3,0.495,1.2,3.0,0.389,2.9,5.3,0.556,0.566,1.8,2.3,0.75,2.2,4.3,6.5,1.5,0.2,2.0,1.2,3.1,11.1
159.0,Jaylon Tyson,23.0,CLE,SG,11.0,7.0,25.8,4.0,8.2,0.489,2.2,4.7,0.462,1.8,3.5,0.526,0.622,0.9,1.2,0.769,1.4,2.6,4.0,1.8,1.3,0.8,1.0,3.8,11.1
160.0,LeBron James,41.0,LAL,SF,1.0,1.0,30.0,4.0,7.0,0.571,2.0,3.0,0.667,2.0,4.0,0.5,0.714,1.0,4.0,0.25,1.0,2.0,3.0,12.0,1.0,0.0,1.0,0.0,11.0
161.0,Keegan Murray,25.0,SAC,PF,1.0,0.0,33.0,5.0,13.0,0.385,1.0,6.0,0.167,4.0,7.0,0.571,0.423,0.0,0.0,,0.0,3.0,3.0,1.0,0.0,0.0,1.0,1.0,11.0
162.0,Kel'el Ware,21.0,MIA,C,15.0,11.0,24.1,4.3,8.3,0.524,0.9,2.6,0.359,3.4,5.7,0.6,0.581,1.3,1.8,0.741,2.9,7.1,10.0,0.7,0.9,1.4,0.9,1.9,10.9
163.0,A.J. Green,26.0,MIL,SG,16.0,16.0,28.6,3.4,6.9,0.486,3.1,6.4,0.48,0.3,0.6,0.556,0.707,0.9,1.2,0.789,0.1,2.6,2.7,1.8,0.4,0.1,0.8,3.1,10.8
164.0,Brandon Williams,26.0,DAL,PG,14.0,6.0,20.9,3.7,9.0,0.413,0.4,2.6,0.162,3.3,6.4,0.517,0.437,2.9,3.6,0.804,0.6,2.0,2.6,3.3,1.6,0.1,1.9,1.9,10.8
165.0,Isaiah Collier,21.0,UTA,PG,6.0,1.0,25.3,3.5,6.0,0.583,0.3,0.8,0.4,3.2,5.2,0.613,0.611,3.3,4.5,0.741,0.0,3.3,3.3,7.2,0.3,0.3,2.7,3.2,10.7
166.0,Rudy Gobert,33.0,MIN,C,15.0,15.0,31.7,4.5,5.9,0.764,0.0,0.0,,4.5,5.9,0.764,0.764,1.5,3.1,0.489,3.3,6.7,9.9,1.6,0.5,1.7,1.9,2.9,10.6
167.0,Jock Landale,30.0,MEM,C,16.0,13.0,23.4,4.1,7.6,0.545,1.1,2.4,0.436,3.1,5.1,0.598,0.616,1.3,1.9,0.667,2.3,3.3,5.6,1.6,0.6,0.4,1.1,2.8,10.6
168.0,Jake LaRavia,24.0,LAL,PF,15.0,6.0,28.5,3.9,7.9,0.487,1.1,3.3,0.34,2.7,4.6,0.594,0.559,1.7,2.6,0.667,1.3,3.2,4.5,2.3,1.5,0.3,1.2,2.5,10.6
169.0,Collin Gillespie,26.0,PHO,PG,15.0,0.0,24.3,3.5,8.9,0.398,2.4,6.1,0.391,1.1,2.7,0.415,0.534,1.1,1.3,0.8,1.0,3.1,4.1,5.1,1.0,0.4,1.5,1.4,10.5
170.0,Derrick Jones Jr.,28.0,LAC,SF,13.0,13.0,24.9,3.8,7.1,0.533,1.2,3.5,0.348,2.5,3.5,0.717,0.62,1.7,2.2,0.786,0.8,1.5,2.4,1.1,0.8,1.2,0.8,2.0,10.5
171.0,Julian Champagnie,24.0,SAS,SF,15.0,10.0,27.5,3.3,7.5,0.434,2.3,5.8,0.391,1.0,1.7,0.577,0.584,1.6,2.1,0.774,0.7,3.6,4.3,1.4,1.0,0.3,1.3,1.3,10.4
172.0,Jordan Clarkson,33.0,NYK,SG,14.0,0.0,18.1,3.7,7.9,0.473,1.4,3.9,0.352,2.4,4.0,0.589,0.559,1.6,1.9,0.852,1.0,1.0,2.0,1.6,0.4,0.1,0.9,2.0,10.4
173.0,Vit Krejci,25.0,ATL,PG,12.0,1.0,23.1,3.7,7.0,0.524,2.5,5.3,0.469,1.2,1.7,0.7,0.702,0.6,0.8,0.7,0.3,2.0,2.3,1.8,0.5,0.3,0.7,2.7,10.4
174.0,Daniel Gafford,27.0,DAL,C,10.0,9.0,23.1,3.9,5.9,0.661,0.0,0.0,,3.9,5.9,0.661,0.661,2.5,3.1,0.806,2.2,3.9,6.1,1.2,0.8,1.6,1.1,3.0,10.3
175.0,Bobby Portis,30.0,MIL,PF,16.0,1.0,21.3,4.2,8.6,0.486,1.3,3.0,0.438,2.9,5.6,0.511,0.562,0.6,0.9,0.714,1.2,4.5,5.7,1.1,0.4,0.1,1.1,1.7,10.3
176.0,Gary Trent Jr.,27.0,MIL,SG,16.0,12.0,28.3,3.6,8.9,0.399,2.3,6.1,0.378,1.3,2.8,0.444,0.528,0.8,1.1,0.722,0.1,1.4,1.5,2.0,1.1,0.1,0.8,2.0,10.3
177.0,Bilal Coulibaly,21.0,WAS,SG,6.0,6.0,25.3,3.5,8.3,0.42,1.2,3.3,0.35,2.3,5.0,0.467,0.49,2.0,2.7,0.75,0.7,3.7,4.3,3.5,1.0,1.3,1.8,2.3,10.2
178.0,Khris Middleton,34.0,WAS,SF,11.0,11.0,25.0,4.0,8.2,0.489,0.9,2.6,0.345,3.1,5.5,0.557,0.544,1.3,1.7,0.737,1.4,2.7,4.1,2.4,0.8,0.3,1.5,3.2,10.2
179.0,Davion Mitchell,27.0,MIA,PG,15.0,15.0,30.3,4.1,8.1,0.5,1.2,3.0,0.4,2.9,5.1,0.558,0.574,0.9,1.5,0.591,0.4,2.3,2.7,7.3,1.3,0.1,1.7,3.1,10.2
180.0,Ziaire Williams,24.0,BRK,SF,12.0,0.0,23.3,3.2,8.1,0.392,1.8,5.9,0.31,1.3,2.2,0.615,0.505,2.0,2.3,0.857,0.7,2.0,2.7,0.7,0.9,0.4,0.8,2.5,10.2
181.0,Moussa Diabaté,24.0,CHO,C,15.0,1.0,22.9,3.7,5.8,0.644,0.0,0.0,,3.7,5.8,0.644,0.644,2.7,3.8,0.702,4.1,4.1,8.2,1.2,0.6,1.4,0.8,2.5,10.1
182.0,Pelle Larsson,24.0,MIA,SG,15.0,12.0,22.2,3.5,6.9,0.51,1.2,3.2,0.375,2.3,3.7,0.625,0.596,1.9,2.3,0.8,0.4,2.3,2.7,2.9,0.5,0.1,1.3,1.9,10.1
183.0,Tre Mann,24.0,CHO,PG,14.0,1.0,22.0,3.9,10.6,0.365,1.6,5.1,0.306,2.3,5.4,0.421,0.439,0.9,0.9,0.923,0.7,2.4,3.1,3.1,0.8,0.1,1.9,2.3,10.1
184.0,Miles McBride,25.0,NYK,SG,12.0,3.0,24.1,3.7,9.3,0.396,2.3,6.0,0.375,1.4,3.3,0.436,0.518,0.5,0.8,0.6,0.8,1.8,2.5,2.4,0.8,0.3,0.8,1.6,10.1
185.0,Pete Nance,25.0,MIL,PF,1.0,0.0,4.0,4.0,5.0,0.8,2.0,3.0,0.667,2.0,2.0,1.0,1.0,0.0,0.0,,0.0,1.0,1.0,0.0,0.0,0.0,0.0,0.0,10.0
186.0,Kevin Porter Jr.,25.0,MIL,PG,1.0,1.0,9.0,3.0,5.0,0.6,2.0,3.0,0.667,1.0,2.0,0.5,0.8,2.0,2.0,1.0,0.0,0.0,0.0,2.0,1.0,0.0,0.0,0.0,10.0
187.0,Ryan Kalkbrenner,24.0,CHO,C,14.0,14.0,26.5,4.3,5.3,0.811,0.0,0.1,0.0,4.3,5.2,0.822,0.811,1.4,1.7,0.792,3.4,3.9,7.2,0.4,0.9,2.1,1.6,2.0,9.9
188.0,Landry Shamet,28.0,NYK,SG,14.0,5.0,22.2,3.0,6.6,0.452,2.0,4.7,0.424,1.0,1.9,0.519,0.602,1.9,2.4,0.794,0.5,1.6,2.1,1.1,0.4,0.2,0.5,1.3,9.9
189.0,Jalen Smith,25.0,CHI,C,14.0,0.0,15.7,3.6,7.6,0.481,1.6,4.2,0.39,2.0,3.4,0.596,0.59,0.9,1.4,0.684,1.9,4.0,5.9,1.3,0.4,0.4,0.9,2.1,9.9
190.0,Jarace Walker,22.0,IND,PF,15.0,9.0,28.9,3.2,10.5,0.306,1.5,5.1,0.289,1.7,5.4,0.321,0.376,2.1,2.6,0.795,0.7,4.4,5.1,2.8,0.6,0.5,2.3,2.1,9.9
191.0,Marcus Smart,31.0,LAL,SG,12.0,9.0,28.2,3.1,7.7,0.402,1.1,4.7,0.232,2.0,3.0,0.667,0.473,2.5,2.7,0.938,0.6,1.8,2.4,3.2,2.0,0.2,2.2,3.0,9.8
192.0,Noah Clowney,21.0,BRK,PF,14.0,8.0,24.9,2.7,7.6,0.358,1.8,5.6,0.321,0.9,2.0,0.464,0.476,2.5,3.4,0.729,0.7,3.0,3.7,1.6,0.6,0.4,1.5,2.1,9.7
193.0,Josh Hart,30.0,NYK,SF,13.0,0.0,25.8,3.7,7.8,0.475,1.2,3.2,0.366,2.5,4.6,0.55,0.55,1.2,1.5,0.75,1.7,5.1,6.8,4.7,0.9,0.2,2.0,2.2,9.7
194.0,Herbert Jones,27.0,NOP,SF,15.0,15.0,30.1,3.5,8.7,0.397,1.6,4.4,0.364,1.9,4.3,0.431,0.489,1.1,1.5,0.739,0.9,2.5,3.4,2.3,1.4,0.2,1.7,3.6,9.7
195.0,Svi Mykhailiuk,28.0,UTA,SF,14.0,14.0,27.0,3.6,7.5,0.486,2.1,5.4,0.387,1.6,2.1,0.733,0.624,0.4,0.4,0.833,0.7,1.9,2.6,2.0,0.5,0.2,0.7,1.4,9.7
196.0,Klay Thompson,35.0,DAL,SF,15.0,8.0,21.7,3.5,10.0,0.347,2.3,7.5,0.313,1.1,2.5,0.447,0.463,0.4,0.4,1.0,0.2,2.3,2.5,1.8,0.3,0.3,1.1,0.9,9.7
197.0,Jaylen Wells,22.0,MEM,SG,16.0,16.0,24.9,3.6,9.5,0.375,1.5,5.2,0.289,2.1,4.3,0.478,0.454,1.1,1.6,0.68,1.1,2.2,3.3,1.6,0.7,0.0,0.8,2.1,9.7
198.0,Donovan Clingan,21.0,POR,C,15.0,15.0,25.5,3.7,7.8,0.479,0.6,2.9,0.209,3.1,4.9,0.635,0.517,1.3,1.5,0.909,5.0,5.0,10.0,1.4,0.7,1.7,0.7,2.7,9.4
199.0,Caris LeVert,31.0,DET,SG,10.0,0.0,19.8,3.5,6.9,0.507,1.2,3.0,0.4,2.3,3.9,0.59,0.594,1.2,2.0,0.6,0.2,1.5,1.7,3.5,0.6,0.4,1.7,1.2,9.4
200.0,Terance Mann,29.0,BRK,SG,14.0,14.0,27.1,3.5,7.5,0.467,1.1,3.0,0.357,2.4,4.5,0.54,0.538,1.4,1.6,0.826,1.5,1.6,3.1,3.4,0.8,0.2,0.9,3.2,9.4
201.0,Jordan Miller,26.0,LAC,SF,3.0,0.0,16.3,2.7,5.3,0.5,1.7,3.0,0.556,1.0,2.3,0.429,0.656,2.3,2.7,0.875,1.0,1.7,2.7,1.0,0.3,0.0,1.0,0.7,9.3
202.0,Bogdan Bogdanović,33.0,LAC,SG,9.0,2.0,25.7,3.1,8.3,0.373,1.8,5.2,0.34,1.3,3.1,0.429,0.48,1.2,1.4,0.846,0.3,3.1,3.4,3.3,0.8,0.1,1.4,2.6,9.2
203.0,Sandro Mamukelashvili,26.0,TOR,C,14.0,0.0,17.6,3.3,5.8,0.568,1.0,2.4,0.424,2.3,3.4,0.667,0.654,1.6,2.1,0.793,1.0,2.5,3.5,1.9,0.5,0.4,0.9,1.8,9.2
204.0,Cam Whitmore,21.0,WAS,SF,14.0,0.0,17.1,3.6,7.6,0.467,0.9,2.6,0.333,2.7,5.1,0.535,0.523,1.2,1.6,0.773,0.6,1.9,2.6,0.7,0.8,0.2,0.9,1.3,9.2
205.0,Neemias Queta,26.0,BOS,C,15.0,15.0,24.5,4.0,6.5,0.612,0.0,0.2,0.0,4.0,6.3,0.632,0.612,1.1,1.8,0.593,3.1,5.0,8.1,1.7,0.7,1.5,0.9,3.3,9.1
206.0,Cam Spencer,25.0,MEM,SG,16.0,1.0,19.3,2.8,6.7,0.411,1.9,4.7,0.413,0.8,2.0,0.406,0.556,1.6,1.8,0.862,0.2,1.8,2.0,3.2,0.7,0.1,0.8,1.3,9.0
207.0,Dyson Daniels,22.0,ATL,SG,16.0,16.0,33.0,3.9,8.1,0.485,0.2,0.9,0.2,3.8,7.2,0.522,0.496,0.8,1.4,0.591,1.8,4.2,5.9,5.8,2.4,0.4,2.3,2.5,8.9
208.0,Nikola Jović,22.0,MIA,PF,14.0,1.0,21.4,2.9,7.3,0.402,1.1,3.6,0.294,1.9,3.6,0.51,0.475,1.9,2.5,0.743,0.7,3.6,4.4,3.1,0.6,0.4,1.8,2.6,8.8
209.0,Ace Bailey,19.0,UTA,SF,14.0,5.0,20.3,3.4,7.9,0.423,1.0,3.3,0.304,2.4,4.6,0.508,0.486,1.0,1.2,0.824,1.9,1.5,3.4,1.5,0.6,0.1,1.4,2.5,8.7
210.0,Ryan Dunn,23.0,PHO,SF,15.0,10.0,24.1,3.5,7.3,0.482,1.0,3.0,0.333,2.5,4.3,0.585,0.55,0.6,0.9,0.692,1.9,3.0,4.9,1.9,1.3,0.7,1.0,2.5,8.7
211.0,Cason Wallace,22.0,OKC,SG,15.0,15.0,28.8,3.2,7.7,0.417,1.6,4.3,0.375,1.6,3.4,0.471,0.522,0.7,0.7,0.909,0.7,2.3,3.0,2.7,2.3,0.3,1.1,2.5,8.7
212.0,Ron Holland,20.0,DET,SF,15.0,5.0,23.9,3.2,8.1,0.393,0.9,3.2,0.292,2.3,4.9,0.459,0.451,1.3,1.5,0.864,0.9,3.0,3.9,1.8,1.7,0.3,1.8,2.9,8.6
213.0,Cameron Johnson,29.0,DEN,SF,13.0,13.0,26.1,3.2,7.5,0.418,1.1,3.7,0.292,2.1,3.8,0.54,0.49,1.2,1.5,0.8,0.7,2.1,2.8,2.2,0.5,0.1,0.6,2.1,8.6
214.0,Brice Sensabaugh,22.0,UTA,SF,13.0,0.0,14.7,2.9,6.7,0.437,1.7,4.9,0.344,1.2,1.8,0.696,0.563,1.1,1.2,0.933,0.5,2.1,2.6,1.2,0.6,0.1,0.8,1.8,8.6
215.0,Jonas Valančiūnas,33.0,DEN,C,14.0,0.0,12.2,3.1,5.6,0.564,0.1,0.4,0.333,3.0,5.1,0.583,0.577,2.1,2.8,0.769,1.5,3.4,4.9,1.1,0.1,0.6,1.0,2.0,8.6
216.0,Cole Anthony,25.0,MIL,PG,15.0,0.0,19.7,3.6,8.7,0.412,0.8,2.6,0.308,2.8,6.1,0.457,0.458,0.5,1.0,0.533,0.5,2.8,3.3,5.3,0.7,0.3,2.2,2.7,8.5
217.0,Collin Murray-Boyles,20.0,TOR,PF,11.0,3.0,20.0,3.1,6.2,0.5,0.8,1.6,0.5,2.3,4.5,0.5,0.566,1.5,1.9,0.762,1.7,1.7,3.5,1.2,0.7,0.5,1.1,2.5,8.5
218.0,Will Richard,23.0,GSW,SG,15.0,6.0,18.1,3.0,5.4,0.556,1.3,3.1,0.404,1.7,2.3,0.765,0.673,1.3,1.7,0.76,1.1,1.2,2.3,1.3,1.0,0.1,0.8,2.1,8.5
219.0,Tolu Smith,25.0,DET,PF,2.0,0.0,11.0,3.0,4.0,0.75,0.0,0.0,,3.0,4.0,0.75,0.75,2.5,3.5,0.714,2.0,3.5,5.5,1.0,0.5,0.5,0.5,1.0,8.5
220.0,Luguentz Dort,26.0,OKC,SF,10.0,10.0,30.6,2.8,7.7,0.364,1.6,5.2,0.308,1.2,2.5,0.48,0.468,1.2,1.3,0.923,1.5,2.9,4.4,1.4,0.9,0.3,0.8,2.9,8.4
221.0,Luke Kornet,30.0,SAS,C,8.0,3.0,23.3,3.4,4.5,0.75,0.0,0.0,,3.4,4.5,0.75,0.75,1.5,2.3,0.667,2.8,3.0,5.8,2.0,0.1,0.9,0.6,1.6,8.3
222.0,Bradley Beal,32.0,LAC,SG,6.0,6.0,20.2,3.0,8.0,0.375,1.2,3.2,0.368,1.8,4.8,0.379,0.448,1.0,1.3,0.75,0.3,0.5,0.8,1.7,0.5,0.0,1.5,2.3,8.2
223.0,Andre Drummond,32.0,PHI,C,14.0,6.0,23.4,3.3,5.7,0.575,0.5,1.3,0.389,2.8,4.4,0.629,0.619,1.1,1.9,0.615,3.1,6.5,9.6,0.7,0.9,0.9,0.8,2.4,8.2
224.0,Isaiah Jackson,24.0,IND,C,15.0,11.0,19.0,3.2,5.5,0.578,0.0,0.0,,3.2,5.5,0.578,0.578,1.8,2.3,0.794,2.7,3.5,6.2,1.1,0.7,0.6,1.2,3.3,8.2
225.0,Trendon Watford,25.0,PHI,PF,12.0,4.0,20.8,3.2,6.2,0.514,0.5,1.3,0.375,2.7,4.8,0.552,0.554,1.3,1.8,0.762,1.1,3.6,4.7,3.5,0.4,0.2,1.5,2.8,8.2
226.0,Peyton Watson,23.0,DEN,SF,14.0,4.0,23.9,3.1,6.2,0.494,0.7,2.0,0.357,2.4,4.2,0.559,0.552,1.4,1.9,0.731,1.2,3.0,4.2,1.4,1.1,1.1,1.2,2.0,8.2
227.0,Vince Williams Jr.,25.0,MEM,SG,11.0,3.0,20.6,2.7,7.1,0.385,1.4,4.3,0.319,1.4,2.8,0.484,0.481,1.4,1.6,0.833,0.9,3.8,4.7,4.4,0.8,0.2,2.0,2.0,8.2
228.0,Javonte Green,32.0,DET,SG,15.0,3.0,23.3,2.6,6.4,0.406,1.0,3.3,0.306,1.6,3.1,0.511,0.484,1.9,2.5,0.763,0.9,2.9,3.8,1.2,1.1,0.5,0.8,1.6,8.1
229.0,Luke Kennard,29.0,ATL,SG,14.0,0.0,22.0,2.9,5.8,0.494,1.5,3.4,0.447,1.4,2.4,0.559,0.623,0.9,0.9,0.923,0.6,1.5,2.1,2.1,1.1,0.1,1.1,1.4,8.1
230.0,Isaac Okoro,25.0,CHI,SG,14.0,14.0,25.4,2.9,6.4,0.456,1.2,3.2,0.378,1.7,3.2,0.533,0.55,1.1,1.3,0.833,1.1,1.6,2.7,1.7,0.4,0.7,1.1,3.1,8.1
231.0,T.J. McConnell,33.0,IND,PG,5.0,0.0,14.6,3.6,8.2,0.439,0.6,1.6,0.375,3.0,6.6,0.455,0.476,0.2,0.2,1.0,0.2,1.8,2.0,3.4,0.6,0.0,0.4,1.2,8.0
232.0,Draymond Green,35.0,GSW,PF,15.0,15.0,28.3,2.9,7.3,0.391,1.5,4.3,0.359,1.3,3.1,0.435,0.495,0.7,1.1,0.588,0.9,4.9,5.8,5.7,0.7,0.8,3.2,3.7,7.9
233.0,Kyle Filipowski,22.0,UTA,C,13.0,5.0,19.8,2.7,6.5,0.412,0.8,2.7,0.314,1.8,3.8,0.48,0.476,1.5,2.2,0.69,1.5,4.1,5.6,2.3,0.4,0.5,1.2,2.8,7.8
234.0,Patrick Williams,24.0,CHI,PF,14.0,0.0,21.2,2.6,6.3,0.42,1.5,3.6,0.412,1.1,2.6,0.432,0.54,1.0,1.5,0.667,0.7,2.3,3.0,1.5,1.1,0.4,1.1,1.6,7.8
235.0,Marvin Bagley III,26.0,WAS,PF,14.0,1.0,15.8,3.1,4.9,0.638,0.2,0.4,0.5,2.9,4.5,0.651,0.659,1.1,1.6,0.696,1.9,2.5,4.4,1.4,0.6,0.6,1.0,2.1,7.6
236.0,Josh Minott,23.0,BOS,PF,14.0,9.0,20.1,2.7,5.7,0.475,1.1,3.0,0.381,1.6,2.7,0.579,0.575,1.1,1.4,0.789,1.9,3.3,5.2,1.4,1.0,0.4,0.6,2.1,7.6
237.0,Gradey Dick,22.0,TOR,SG,15.0,0.0,16.6,2.4,5.5,0.434,1.1,3.3,0.347,1.3,2.3,0.559,0.536,1.5,1.9,0.821,0.4,1.7,2.1,0.6,0.6,0.1,0.3,0.8,7.5
238.0,Egor Demin,19.0,BRK,PG,13.0,6.0,20.7,2.5,6.5,0.376,1.8,4.8,0.381,0.6,1.7,0.364,0.518,0.6,0.7,0.889,0.5,2.5,3.0,3.4,0.8,0.2,1.7,1.7,7.4
239.0,Corey Kispert,26.0,WAS,SF,14.0,0.0,18.4,2.6,5.4,0.474,1.3,3.5,0.367,1.3,1.9,0.667,0.592,1.0,1.4,0.737,0.4,1.9,2.2,1.6,0.2,0.1,0.7,1.2,7.4
240.0,Tyrese Martin,26.0,BRK,SG,14.0,2.0,20.9,2.8,7.4,0.379,1.3,4.3,0.3,1.5,3.1,0.488,0.466,0.5,0.8,0.636,1.0,2.0,3.0,2.4,0.6,0.2,1.0,0.9,7.4
241.0,Jusuf Nurkić,31.0,UTA,C,14.0,9.0,24.4,2.8,7.1,0.394,0.3,1.8,0.16,2.5,5.3,0.473,0.414,1.6,2.5,0.629,2.2,7.4,9.6,3.8,1.8,0.4,2.9,2.9,7.4
242.0,Josh Okogie,27.0,HOU,SG,13.0,10.0,21.5,2.4,5.0,0.477,1.2,2.8,0.444,1.2,2.2,0.517,0.6,1.4,1.7,0.818,0.9,1.2,2.2,1.2,1.5,0.2,0.5,1.9,7.4
243.0,Kentavious Caldwell-Pope,32.0,MEM,SG,16.0,13.0,22.8,2.4,7.1,0.345,0.9,3.4,0.259,1.6,3.7,0.424,0.407,1.6,1.8,0.893,0.4,2.3,2.6,3.3,0.8,0.3,1.0,1.2,7.3
244.0,Buddy Hield,33.0,GSW,SG,17.0,0.0,17.5,2.6,6.5,0.409,1.3,4.2,0.306,1.4,2.2,0.605,0.509,0.7,0.8,0.923,0.3,1.5,1.8,1.6,0.9,0.0,1.2,1.4,7.3
245.0,Jose Alvarado,27.0,NOP,PG,14.0,0.0,19.8,2.5,6.2,0.402,1.4,3.9,0.364,1.1,2.3,0.469,0.517,0.8,0.9,0.846,0.5,2.0,2.5,2.4,1.0,0.0,1.0,1.5,7.2
246.0,Day'Ron Sharpe,24.0,BRK,C,13.0,0.0,15.8,2.7,4.2,0.636,0.2,0.9,0.25,2.5,3.3,0.744,0.664,1.5,2.3,0.667,2.4,3.0,5.4,1.9,1.0,0.5,1.9,2.5,7.2
247.0,Luka Garza,27.0,BOS,C,14.0,0.0,14.6,2.6,4.4,0.581,0.6,1.5,0.381,2.0,2.9,0.683,0.645,1.4,1.9,0.769,2.4,1.8,4.2,0.8,0.4,0.4,0.4,3.1,7.1
248.0,Sion James,23.0,CHO,SG,15.0,10.0,26.5,2.3,5.3,0.438,1.3,3.1,0.435,1.0,2.3,0.441,0.563,1.1,1.4,0.81,0.3,2.7,3.1,1.5,0.8,0.3,1.0,1.7,7.1
249.0,Dalton Knecht,24.0,LAL,SF,14.0,1.0,17.8,2.8,6.0,0.464,1.1,3.3,0.326,1.7,2.7,0.632,0.554,0.4,0.6,0.667,0.6,1.6,2.2,0.6,0.5,0.4,0.6,1.4,7.1
250.0,Jevon Carter,30.0,CHI,PG,5.0,0.0,13.4,2.2,5.0,0.44,2.2,4.0,0.55,0.0,1.0,0.0,0.66,0.4,0.4,1.0,0.4,1.2,1.6,1.6,0.6,0.0,0.4,1.2,7.0
251.0,Kris Dunn,31.0,LAC,PG,15.0,9.0,25.6,2.7,5.7,0.471,0.8,2.3,0.353,1.9,3.4,0.549,0.541,0.9,1.2,0.722,0.8,1.7,2.5,2.5,1.5,0.3,1.4,2.6,7.0
252.0,Nick Smith Jr.,21.0,LAL,SG,6.0,0.0,15.0,2.7,6.2,0.432,1.3,3.0,0.444,1.3,3.2,0.421,0.541,0.3,0.5,0.667,0.0,1.0,1.0,2.2,0.5,0.2,1.7,0.7,7.0
253.0,Jordan Goodwin,27.0,PHO,PG,12.0,0.0,17.1,2.6,6.1,0.425,1.3,3.2,0.395,1.3,2.9,0.457,0.527,0.5,0.7,0.75,1.6,2.2,3.8,1.9,1.3,0.2,1.1,1.7,6.9
254.0,Kobe Sanders,23.0,LAC,SG,7.0,2.0,18.0,2.3,6.0,0.381,1.3,3.6,0.36,1.0,2.4,0.412,0.488,1.0,1.1,0.875,0.7,1.0,1.7,1.1,0.6,0.3,1.6,2.6,6.9
255.0,Ben Sheppard,24.0,IND,SG,15.0,6.0,25.7,2.5,7.7,0.33,0.9,4.2,0.222,1.6,3.5,0.462,0.391,0.9,1.1,0.824,1.0,3.5,4.5,1.8,0.6,0.2,0.6,2.4,6.9
256.0,Jeremy Sochan,22.0,SAS,PF,9.0,0.0,17.1,2.6,4.8,0.535,0.8,2.0,0.389,1.8,2.8,0.64,0.616,1.0,1.2,0.818,0.4,2.9,3.3,2.0,0.4,0.3,1.1,2.7,6.9
257.0,Paul Reed,26.0,DET,C,13.0,2.0,12.5,3.0,4.3,0.696,0.3,0.6,0.5,2.7,3.7,0.729,0.732,0.5,0.9,0.583,1.9,2.5,4.4,1.2,1.1,0.8,1.1,1.8,6.8
258.0,Nae'Qwan Tomlin,25.0,CLE,PF,7.0,1.0,13.7,2.6,5.3,0.486,0.0,1.9,0.0,2.6,3.4,0.75,0.486,1.6,2.0,0.786,2.0,1.1,3.1,0.6,0.9,0.7,0.3,2.3,6.7
259.0,Bruce Brown,29.0,DEN,SG,14.0,0.0,22.8,2.4,5.5,0.442,0.6,1.6,0.391,1.8,3.9,0.463,0.5,1.1,1.4,0.789,1.1,3.1,4.2,1.4,0.9,0.1,0.9,2.4,6.6
260.0,Keon Ellis,26.0,SAC,SG,16.0,2.0,18.1,2.3,5.3,0.44,1.6,3.7,0.424,0.8,1.6,0.48,0.589,0.4,0.6,0.7,0.3,1.3,1.6,0.6,1.3,0.3,0.4,2.1,6.6
261.0,Sam Hauser,28.0,BOS,PF,15.0,2.0,21.5,2.2,6.9,0.32,2.0,6.0,0.333,0.2,0.9,0.231,0.466,0.2,0.3,0.75,0.7,2.7,3.5,1.4,0.6,0.3,0.7,0.9,6.6
262.0,Kyle Anderson,32.0,UTA,SF,4.0,0.0,17.3,2.5,5.5,0.455,0.0,0.0,,2.5,5.5,0.455,0.455,1.5,2.3,0.667,1.0,1.5,2.5,3.5,0.8,0.0,0.8,2.0,6.5
263.0,Dominick Barlow,22.0,PHI,PF,6.0,4.0,24.5,2.5,4.7,0.536,0.5,1.5,0.333,2.0,3.2,0.632,0.589,1.0,1.3,0.75,2.7,2.3,5.0,2.3,0.5,1.0,1.7,2.0,6.5
264.0,Drew Eubanks,28.0,SAC,C,16.0,5.0,15.8,2.8,4.3,0.647,0.1,0.1,0.5,2.7,4.1,0.652,0.654,0.9,1.9,0.484,0.6,2.3,2.9,0.3,0.6,0.9,1.1,1.5,6.5
265.0,Precious Achiuwa,26.0,SAC,C,9.0,6.0,18.7,2.7,5.1,0.522,0.1,1.2,0.091,2.6,3.9,0.657,0.533,1.0,1.9,0.529,1.7,3.1,4.8,1.1,0.7,0.3,0.6,1.1,6.4
266.0,Lonzo Ball,28.0,CLE,PG,13.0,2.0,23.2,2.1,6.2,0.333,1.6,5.2,0.313,0.5,1.1,0.429,0.463,0.6,0.9,0.667,1.1,2.8,3.9,5.1,1.1,0.2,2.1,1.9,6.4
267.0,Mike Conley,38.0,MIN,PG,15.0,5.0,20.6,1.8,4.3,0.415,1.3,2.9,0.455,0.5,1.4,0.333,0.569,1.5,1.6,0.917,0.4,1.5,1.9,3.7,0.8,0.2,0.9,1.8,6.4
268.0,Aaron Holiday,29.0,HOU,PG,8.0,0.0,9.8,1.9,3.1,0.6,1.0,2.0,0.5,0.9,1.1,0.778,0.76,1.6,1.8,0.929,0.0,0.5,0.5,0.9,0.3,0.1,0.6,0.9,6.4
269.0,Jay Huff,27.0,IND,C,15.0,2.0,15.3,2.3,5.7,0.4,1.1,3.9,0.293,1.1,1.8,0.63,0.5,0.7,1.1,0.688,0.9,2.1,3.0,0.9,0.1,1.9,0.6,2.1,6.4
270.0,Brook Lopez,37.0,LAC,C,15.0,0.0,14.6,2.3,5.5,0.415,1.3,3.7,0.357,0.9,1.7,0.538,0.537,0.5,0.7,0.727,0.3,1.8,2.1,0.5,0.3,0.9,0.9,1.7,6.4
271.0,Justin Edwards,22.0,PHI,SF,13.0,3.0,16.0,2.2,5.3,0.42,1.3,3.6,0.362,0.9,1.7,0.545,0.543,0.5,0.5,1.0,0.8,1.2,2.0,1.4,0.4,0.2,0.6,2.0,6.3
272.0,Jaden Hardy,23.0,DAL,SG,13.0,0.0,11.3,1.9,4.8,0.397,1.2,3.0,0.41,0.7,1.8,0.375,0.524,1.2,1.5,0.8,0.2,1.1,1.3,0.4,0.3,0.2,1.0,1.3,6.3
273.0,Mac McClung,27.0,IND,SG,3.0,0.0,11.3,2.3,6.0,0.389,0.7,3.3,0.2,1.7,2.7,0.625,0.444,1.0,1.3,0.75,0.0,1.3,1.3,0.3,1.7,0.3,0.7,2.0,6.3
274.0,Goga Bitadze,26.0,ORL,C,16.0,0.0,16.6,2.3,3.1,0.735,0.1,0.4,0.333,2.1,2.7,0.791,0.755,1.6,2.1,0.758,1.6,3.4,4.9,1.4,0.6,1.2,0.6,2.1,6.2
275.0,Walter Clayton,22.0,UTA,PG,11.0,0.0,16.2,2.0,4.9,0.407,0.9,2.6,0.345,1.1,2.3,0.48,0.5,1.3,1.3,1.0,0.5,1.8,2.4,3.2,0.5,0.3,1.4,1.8,6.2
276.0,Steven Adams,32.0,HOU,C,12.0,3.0,22.3,2.3,4.6,0.491,0.0,0.0,,2.3,4.6,0.491,0.491,1.6,2.1,0.76,5.2,4.3,9.5,1.6,0.7,0.8,1.2,2.2,6.1
277.0,Bub Carrington,20.0,WAS,PG,14.0,5.0,26.1,2.1,6.3,0.33,1.3,2.9,0.439,0.8,3.4,0.234,0.432,0.7,1.0,0.714,0.2,3.6,3.8,4.1,0.6,0.1,2.4,2.6,6.1
278.0,Mouhamed Gueye,23.0,ATL,PF,16.0,2.0,16.0,2.6,5.2,0.494,0.7,2.4,0.282,1.9,2.8,0.682,0.56,0.3,0.6,0.5,1.4,2.6,4.0,1.3,0.4,0.6,0.8,1.9,6.1
279.0,Craig Porter Jr.,25.0,CLE,PG,16.0,0.0,17.8,2.4,4.5,0.542,0.8,1.8,0.448,1.6,2.7,0.605,0.632,0.4,0.8,0.5,1.3,1.8,3.1,2.6,1.0,0.6,0.9,1.1,6.1
280.0,Quinten Post,25.0,GSW,PF,17.0,7.0,14.9,2.3,5.0,0.459,1.2,3.5,0.356,1.1,1.5,0.692,0.582,0.3,0.4,0.714,0.9,3.1,3.9,0.9,0.4,0.5,0.8,1.1,6.1
281.0,Taurean Prince,31.0,MIL,SF,8.0,0.0,21.1,2.1,4.8,0.447,1.5,3.5,0.429,0.6,1.3,0.5,0.605,0.4,0.4,1.0,0.0,1.6,1.6,1.0,0.8,0.3,0.6,2.5,6.1
282.0,Dru Smith,28.0,MIA,SG,15.0,0.0,17.1,2.2,4.8,0.458,0.8,2.2,0.364,1.4,2.6,0.538,0.542,0.9,1.2,0.778,0.9,1.2,2.1,3.3,1.5,0.1,0.9,1.7,6.1
283.0,Jahmai Mashack,23.0,MEM,SG,1.0,0.0,6.0,2.0,4.0,0.5,2.0,4.0,0.5,0.0,0.0,,0.75,0.0,0.0,,0.0,2.0,2.0,0.0,0.0,0.0,0.0,0.0,6.0
284.0,Doug McDermott,34.0,SAC,SF,1.0,0.0,8.0,2.0,3.0,0.667,2.0,3.0,0.667,0.0,0.0,,1.0,0.0,0.0,,0.0,0.0,0.0,0.0,0.0,0.0,1.0,1.0,6.0
285.0,Yves Missi,21.0,NOP,C,10.0,5.0,18.7,2.4,4.1,0.585,0.0,0.0,,2.4,4.1,0.585,0.585,1.2,2.2,0.545,3.1,2.0,5.1,1.4,0.3,0.9,1.1,1.8,6.0
286.0,Blake Wesley,22.0,POR,SG,6.0,0.0,16.3,2.3,5.7,0.412,0.3,1.7,0.2,2.0,4.0,0.5,0.441,1.0,1.7,0.6,0.3,2.0,2.3,3.2,1.7,0.2,1.2,2.3,6.0
287.0,RayJ Dennis,24.0,IND,PG,11.0,0.0,14.6,2.0,6.4,0.314,1.1,3.4,0.324,0.9,3.0,0.303,0.4,0.7,0.8,0.889,0.7,1.0,1.7,2.3,0.3,0.4,1.3,1.5,5.8
288.0,Drake Powell,20.0,BRK,SG,8.0,0.0,18.6,2.4,4.9,0.487,0.6,1.6,0.385,1.8,3.3,0.538,0.551,0.4,0.4,1.0,0.4,1.8,2.1,1.9,0.9,0.1,1.4,2.1,5.8
289.0,Jamal Shead,23.0,TOR,PG,15.0,0.0,18.2,1.9,4.7,0.414,1.1,2.6,0.41,0.9,2.1,0.419,0.529,0.9,1.1,0.813,0.3,1.4,1.7,5.1,0.8,0.1,1.3,2.0,5.8
290.0,Al Horford,39.0,GSW,C,11.0,0.0,22.1,2.0,5.9,0.338,1.4,4.3,0.319,0.6,1.6,0.389,0.454,0.4,0.4,1.0,0.9,3.2,4.1,1.7,0.9,1.0,1.4,1.6,5.7
291.0,Jalen Wilson,25.0,BRK,PF,12.0,0.0,15.4,1.8,4.7,0.375,1.3,3.3,0.41,0.4,1.4,0.294,0.518,0.8,1.1,0.769,0.2,0.8,1.0,0.6,0.2,0.0,0.7,1.3,5.7
292.0,Caleb Love,24.0,POR,SG,7.0,0.0,13.6,2.1,7.3,0.294,0.9,4.3,0.2,1.3,3.0,0.429,0.353,0.4,0.6,0.75,0.4,2.4,2.9,1.9,0.4,0.0,0.6,0.6,5.6
293.0,Maxime Raynaud,22.0,SAC,C,8.0,0.0,14.1,2.3,4.5,0.5,0.1,0.5,0.25,2.1,4.0,0.531,0.514,1.0,1.1,0.889,0.9,2.8,3.6,0.6,0.3,0.4,0.8,1.3,5.6
294.0,Alex Caruso,31.0,OKC,SG,11.0,0.0,18.5,1.9,5.4,0.356,1.2,3.6,0.325,0.7,1.7,0.421,0.466,0.5,0.5,0.833,0.3,2.0,2.3,2.6,1.8,0.4,0.8,0.7,5.5
295.0,Pat Spencer,29.0,GSW,PG,10.0,0.0,13.2,1.9,5.3,0.358,0.6,1.7,0.353,1.3,3.6,0.361,0.415,1.1,1.2,0.917,0.9,1.2,2.1,2.9,0.8,0.1,0.7,1.2,5.5
296.0,Tony Bradley,28.0,IND,C,15.0,3.0,13.9,2.3,3.8,0.596,0.0,0.1,0.0,2.3,3.7,0.607,0.596,0.9,1.3,0.684,1.9,1.3,3.2,0.7,0.1,0.2,0.5,2.5,5.4
297.0,Kris Murray,25.0,POR,SF,14.0,1.0,23.8,2.3,5.1,0.451,0.5,1.8,0.28,1.8,3.3,0.543,0.5,0.4,0.6,0.625,1.5,1.9,3.4,1.1,1.0,0.2,0.6,1.6,5.4
298.0,Dean Wade,29.0,CLE,PF,15.0,2.0,22.5,1.8,4.9,0.37,1.1,3.6,0.315,0.7,1.3,0.526,0.486,0.7,1.1,0.625,0.9,3.1,3.9,1.5,0.7,0.7,0.3,1.7,5.4
299.0,Jaxson Hayes,25.0,LAL,C,12.0,1.0,16.7,2.3,3.2,0.711,0.1,0.1,1.0,2.2,3.1,0.703,0.724,0.8,1.2,0.643,1.3,2.8,4.1,1.1,0.4,0.4,0.5,1.5,5.3
300.0,Cam Christie,20.0,LAC,SG,10.0,0.0,11.6,1.5,3.6,0.417,0.8,1.8,0.444,0.7,1.8,0.389,0.528,1.4,1.9,0.737,0.3,1.3,1.6,0.8,0.3,0.2,0.2,0.5,5.2
301.0,Jaylen Clark,24.0,MIN,SG,13.0,0.0,17.2,1.8,4.1,0.453,0.7,1.9,0.36,1.2,2.2,0.536,0.538,0.8,1.4,0.556,1.4,1.2,2.6,0.7,1.0,0.2,0.4,2.2,5.2
302.0,Asa Newell,20.0,ATL,PF,9.0,0.0,9.1,1.8,3.6,0.5,0.9,1.8,0.5,0.9,1.8,0.5,0.625,0.8,1.0,0.778,1.0,0.9,1.9,0.1,0.4,0.3,0.4,1.2,5.2
303.0,Jeremiah Robinson-Earl,25.0,IND,PF,10.0,3.0,20.3,2.0,5.5,0.364,0.4,1.8,0.222,1.6,3.7,0.432,0.4,0.8,0.9,0.889,2.6,3.6,6.2,0.8,0.6,0.0,0.6,1.1,5.2
304.0,Matisse Thybulle,28.0,POR,SG,4.0,0.0,12.3,1.5,2.5,0.6,1.0,1.5,0.667,0.5,1.0,0.5,0.8,1.0,1.0,1.0,0.0,1.0,1.0,0.8,2.5,0.0,0.3,1.8,5.0
305.0,Oso Ighodaro,23.0,PHO,PF,15.0,4.0,15.7,2.1,3.8,0.561,0.0,0.0,,2.1,3.8,0.561,0.561,0.6,1.1,0.563,0.6,2.7,3.3,1.2,0.4,0.7,1.3,2.5,4.9
306.0,Karlo Matković,24.0,NOP,PF,12.0,0.0,11.4,2.2,3.1,0.703,0.3,0.8,0.444,1.8,2.3,0.786,0.757,0.3,0.7,0.375,0.7,2.1,2.8,0.8,0.2,0.5,0.4,1.2,4.9
307.0,KJ Simpson,23.0,CHO,PG,7.0,0.0,13.3,1.9,5.6,0.333,0.7,2.1,0.333,1.1,3.4,0.333,0.397,0.4,0.6,0.75,0.4,1.6,2.0,2.6,0.6,0.0,1.4,1.1,4.9
308.0,Keaton Wallace,26.0,ATL,PG,15.0,2.0,15.7,1.8,4.2,0.429,1.1,2.6,0.436,0.7,1.6,0.417,0.563,0.2,0.5,0.375,0.1,1.6,1.7,2.9,0.8,0.1,0.9,1.4,4.9
309.0,Kelly Olynyk,34.0,SAS,C,6.0,0.0,11.5,1.7,3.0,0.556,0.5,1.2,0.429,1.2,1.8,0.636,0.639,1.0,1.3,0.75,1.0,2.0,3.0,2.7,0.5,0.0,0.8,1.7,4.8
310.0,Tyrese Proctor,21.0,CLE,PG,13.0,0.0,11.8,1.6,4.8,0.333,0.9,3.2,0.293,0.7,1.7,0.409,0.429,0.6,0.7,0.889,0.2,0.8,1.0,1.3,0.3,0.0,0.5,1.5,4.8
311.0,Jaylin Williams,23.0,OKC,PF,15.0,1.0,18.4,1.6,5.0,0.32,1.1,4.4,0.258,0.5,0.6,0.778,0.433,0.5,0.6,0.778,0.5,4.0,4.5,2.2,0.6,0.5,0.9,1.7,4.8
312.0,Rob Dillingham,21.0,MIN,PG,13.0,0.0,11.2,1.9,5.2,0.373,0.2,1.2,0.2,1.7,4.0,0.423,0.396,0.6,0.8,0.727,0.2,1.2,1.3,2.1,0.8,0.0,1.2,1.2,4.7
313.0,Olivier-Maxence Prosper,23.0,MEM,PF,10.0,0.0,9.4,1.3,2.3,0.565,0.1,0.6,0.167,1.2,1.7,0.706,0.587,2.0,2.2,0.909,0.7,1.2,1.9,0.6,0.2,0.1,0.4,0.4,4.7
314.0,Nique Clifford,23.0,SAC,SG,12.0,2.0,18.3,1.6,4.5,0.352,0.7,2.1,0.32,0.9,2.4,0.379,0.426,0.8,1.2,0.643,0.6,2.1,2.7,2.1,0.5,0.3,0.8,2.2,4.6
315.0,Pat Connaughton,33.0,CHO,SG,11.0,0.0,10.1,1.6,3.2,0.514,0.8,2.0,0.409,0.8,1.2,0.692,0.643,0.5,0.8,0.667,0.3,1.6,1.9,0.6,0.5,0.1,0.3,0.5,4.6
316.0,Jordan Hawkins,23.0,NOP,SG,14.0,0.0,15.1,1.8,5.5,0.325,0.7,3.0,0.238,1.1,2.5,0.429,0.39,0.4,0.5,0.714,0.4,1.4,1.9,1.1,0.1,0.0,0.4,0.6,4.6
317.0,Trayce Jackson-Davis,25.0,GSW,C,10.0,1.0,12.5,1.7,3.1,0.548,0.0,0.0,,1.7,3.1,0.548,0.548,1.2,1.8,0.667,1.7,1.6,3.3,1.1,0.3,0.5,0.8,1.8,4.6
318.0,David Jones García,24.0,SAS,SF,5.0,0.0,7.2,2.0,3.0,0.667,0.2,0.2,1.0,1.8,2.8,0.643,0.7,0.4,1.0,0.4,0.6,1.2,1.8,2.4,0.6,0.2,0.2,0.6,4.6
319.0,Jarred Vanderbilt,26.0,LAL,PF,14.0,2.0,18.4,1.6,3.6,0.44,0.3,1.0,0.286,1.3,2.6,0.5,0.48,1.1,1.4,0.842,1.4,4.2,5.6,1.5,1.0,0.4,1.6,1.9,4.6
320.0,DeAndre Jordan,37.0,NOP,C,2.0,1.0,11.5,2.0,2.5,0.8,0.0,0.0,,2.0,2.5,0.8,0.8,0.5,1.0,0.5,2.0,3.0,5.0,0.0,0.0,0.0,0.5,0.5,4.5
321.0,Antonio Reeves,25.0,CHO,SG,2.0,0.0,10.5,1.5,3.0,0.5,1.5,2.5,0.6,0.0,0.5,0.0,0.75,0.0,0.0,,0.5,0.5,1.0,0.0,0.0,0.0,0.0,0.5,4.5
322.0,Jordan Walsh,21.0,BOS,PF,11.0,3.0,16.7,1.8,3.7,0.488,0.6,1.5,0.412,1.2,2.2,0.542,0.573,0.3,0.4,0.75,1.2,2.9,4.1,0.9,0.9,0.5,0.2,2.4,4.5
323.0,Taylor Hendricks,22.0,UTA,PF,9.0,3.0,16.4,1.7,4.4,0.375,0.4,1.9,0.235,1.2,2.6,0.478,0.425,0.7,0.9,0.75,1.8,2.4,4.2,0.4,0.4,0.3,0.6,0.4,4.4
324.0,Nick Richards,28.0,PHO,C,15.0,1.0,10.4,1.6,2.9,0.558,0.0,0.0,,1.6,2.9,0.558,0.558,1.2,1.7,0.72,1.3,2.1,3.4,0.3,0.1,0.5,0.9,1.5,4.4
325.0,Dereck Lively II,21.0,DAL,C,6.0,4.0,16.2,1.7,2.8,0.588,0.0,0.0,,1.7,2.8,0.588,0.588,1.0,1.3,0.75,1.8,3.7,5.5,1.8,0.5,1.7,1.5,2.7,4.3
326.0,Kevin Love,37.0,UTA,PF,8.0,0.0,14.0,1.1,3.4,0.333,0.8,2.9,0.261,0.4,0.5,0.75,0.444,1.3,1.5,0.833,0.8,3.5,4.3,2.3,0.0,0.4,0.9,1.3,4.3
327.0,Javon Small,23.0,MEM,PG,8.0,0.0,12.4,1.3,3.5,0.357,0.8,2.4,0.316,0.5,1.1,0.444,0.464,1.0,1.3,0.8,0.1,0.9,1.0,2.8,0.0,0.1,1.0,0.9,4.3
328.0,Gabe Vincent,29.0,LAL,PG,4.0,3.0,22.0,1.3,4.0,0.313,1.0,3.3,0.308,0.3,0.8,0.333,0.438,0.8,0.8,1.0,0.3,0.5,0.8,2.0,0.8,0.0,0.5,2.5,4.3
329.0,Yanic Konan Niederhauser,22.0,LAC,C,6.0,0.0,5.5,1.7,1.8,0.909,0.0,0.0,,1.7,1.8,0.909,0.909,0.8,1.3,0.625,0.7,0.5,1.2,0.5,0.0,0.3,0.3,0.5,4.2
330.0,Nicolas Batum,37.0,LAC,PF,15.0,2.0,17.3,1.3,3.9,0.345,1.2,3.5,0.34,0.1,0.3,0.4,0.5,0.3,0.3,1.0,0.4,2.5,2.9,0.7,0.9,0.5,0.6,1.9,4.1
331.0,Moussa Cisse,23.0,DAL,C,12.0,1.0,11.6,1.7,2.5,0.667,0.0,0.0,,1.7,2.5,0.667,0.667,0.8,2.1,0.36,1.8,2.0,3.8,0.1,0.3,1.3,0.9,2.0,4.1
332.0,Liam McNeeley,20.0,CHO,SF,9.0,0.0,12.4,1.0,3.2,0.31,0.7,2.0,0.333,0.3,1.2,0.273,0.414,1.4,1.7,0.867,0.4,1.4,1.9,1.2,0.2,0.1,0.6,1.6,4.1
333.0,Robert Williams,28.0,POR,C,9.0,0.0,12.0,2.0,3.1,0.643,0.1,0.3,0.333,1.9,2.8,0.68,0.661,0.0,0.1,0.0,1.8,1.9,3.7,0.7,0.7,0.6,0.3,0.9,4.1
334.0,Koby Brea,23.0,PHO,SG,1.0,0.0,4.0,1.0,2.0,0.5,0.0,1.0,0.0,1.0,1.0,1.0,0.5,2.0,2.0,1.0,0.0,0.0,0.0,1.0,0.0,0.0,0.0,0.0,4.0
335.0,Javonte Cooke,26.0,POR,SG,1.0,0.0,9.0,2.0,6.0,0.333,0.0,1.0,0.0,2.0,5.0,0.4,0.333,0.0,0.0,,1.0,0.0,1.0,1.0,1.0,0.0,2.0,1.0,4.0
336.0,James Wiseman,24.0,IND,C,1.0,1.0,20.0,2.0,3.0,0.667,0.0,0.0,,2.0,3.0,0.667,0.667,0.0,0.0,,4.0,0.0,4.0,0.0,0.0,1.0,3.0,2.0,4.0
337.0,Jamison Battle,24.0,TOR,SF,11.0,0.0,7.0,1.5,2.2,0.667,1.0,1.5,0.647,0.5,0.6,0.714,0.896,0.0,0.0,,0.1,0.9,1.0,0.2,0.2,0.1,0.4,0.5,3.9
338.0,Bones Hyland,25.0,MIN,PG,13.0,0.0,9.1,1.5,3.2,0.488,0.6,1.9,0.32,0.9,1.2,0.75,0.585,0.2,0.3,0.75,0.2,1.0,1.2,1.4,0.5,0.0,0.6,1.1,3.9
339.0,Chaz Lanier,24.0,DET,SG,11.0,0.0,11.6,1.3,3.6,0.35,1.1,3.3,0.333,0.2,0.4,0.5,0.5,0.3,0.3,1.0,0.5,0.7,1.3,0.9,0.3,0.0,0.1,0.3,3.9
340.0,Terrence Shannon Jr.,25.0,MIN,SG,7.0,0.0,16.4,1.3,4.0,0.321,0.6,1.6,0.364,0.7,2.4,0.294,0.393,0.7,1.0,0.714,0.4,2.0,2.4,1.1,0.6,0.0,0.9,1.6,3.9
341.0,Malaki Branham,22.0,WAS,SG,5.0,0.0,6.8,1.2,2.2,0.545,0.2,1.0,0.2,1.0,1.2,0.833,0.591,1.2,1.6,0.75,0.6,1.0,1.6,0.6,0.0,0.0,0.2,0.4,3.8
342.0,Mitchell Robinson,27.0,NYK,C,8.0,8.0,17.1,1.8,2.9,0.609,0.0,0.0,,1.8,2.9,0.609,0.609,0.3,1.1,0.222,5.4,3.5,8.9,1.0,0.5,1.0,0.8,2.6,3.8
343.0,Mark Sears,23.0,MIL,PG,5.0,0.0,4.2,1.0,1.8,0.556,0.6,1.0,0.6,0.4,0.8,0.5,0.722,1.2,1.6,0.75,0.2,0.0,0.2,0.2,0.0,0.0,0.8,0.6,3.8
344.0,Clint Capela,31.0,HOU,C,12.0,0.0,10.2,1.5,2.3,0.643,0.0,0.0,,1.5,2.3,0.643,0.643,0.7,0.8,0.8,2.3,2.2,4.5,0.3,0.3,0.6,0.4,1.0,3.7
345.0,Larry Nance Jr.,33.0,CLE,PF,12.0,1.0,15.1,1.5,4.4,0.34,0.6,2.2,0.269,0.9,2.3,0.407,0.406,0.1,0.3,0.333,0.8,2.3,3.2,1.3,0.5,0.2,0.8,2.8,3.7
346.0,Duop Reath,29.0,POR,C,11.0,0.0,7.6,1.3,2.2,0.583,1.2,2.0,0.591,0.1,0.2,0.5,0.854,0.0,0.0,,0.1,0.5,0.5,0.4,0.0,0.1,0.1,0.7,3.7
347.0,Julian Strawther,23.0,DEN,SG,9.0,0.0,7.9,1.2,3.3,0.367,0.2,1.8,0.125,1.0,1.6,0.643,0.4,1.0,1.4,0.692,0.0,1.6,1.6,0.4,0.0,0.1,0.3,0.7,3.7
348.0,Ja'Kobe Walter,21.0,TOR,SG,12.0,0.0,11.5,1.2,3.0,0.389,0.8,2.2,0.346,0.4,0.8,0.5,0.514,0.5,0.6,0.857,0.5,0.8,1.3,0.6,0.8,0.1,0.8,1.8,3.6
349.0,Charles Bassey,25.0,MEM,C,2.0,0.0,15.5,1.5,4.0,0.375,0.0,0.0,,1.5,4.0,0.375,0.375,0.5,1.5,0.333,3.5,4.0,7.5,1.0,0.5,0.5,0.5,2.5,3.5
350.0,Jordan McLaughlin,29.0,SAS,PG,8.0,0.0,9.3,1.3,3.0,0.417,0.6,1.9,0.333,0.6,1.1,0.556,0.521,0.4,0.4,1.0,0.4,0.4,0.8,1.3,0.9,0.0,0.3,0.9,3.5
351.0,Micah Peavy,24.0,NOP,SG,11.0,0.0,12.3,1.5,3.6,0.4,0.3,1.4,0.2,1.2,2.3,0.52,0.438,0.4,0.5,0.8,1.1,1.3,2.4,1.0,0.1,0.1,0.2,1.5,3.5
352.0,Jett Howard,22.0,ORL,SF,11.0,0.0,9.0,1.2,2.9,0.406,0.9,2.2,0.417,0.3,0.7,0.375,0.563,0.0,0.0,,0.1,0.5,0.6,0.6,0.2,0.3,0.1,0.5,3.3
353.0,Ben Saraf,19.0,BRK,SG,7.0,5.0,13.9,1.0,3.9,0.259,0.4,1.9,0.231,0.6,2.0,0.286,0.315,0.9,1.1,0.75,0.4,1.4,1.9,2.4,0.3,0.0,1.3,1.9,3.3
354.0,Tristan Vukcevic,22.0,WAS,C,11.0,0.0,7.2,1.1,2.7,0.4,0.4,1.3,0.286,0.7,1.5,0.5,0.467,0.7,1.1,0.667,0.3,1.0,1.3,0.5,0.1,0.4,0.7,1.1,3.3
355.0,Jabari Walker,23.0,PHI,PF,15.0,5.0,12.8,1.3,3.1,0.435,0.2,0.9,0.214,1.1,2.1,0.531,0.467,0.4,0.5,0.857,1.4,1.8,3.2,0.5,0.1,0.3,0.4,1.6,3.3
356.0,Sidy Cissoko,21.0,POR,SF,10.0,1.0,13.9,1.1,2.8,0.393,0.3,1.2,0.25,0.8,1.6,0.5,0.446,0.7,1.1,0.636,0.8,1.4,2.2,1.1,0.6,0.0,0.6,2.0,3.2
357.0,Ryan Nembhard,22.0,DAL,PG,5.0,0.0,9.0,1.4,3.0,0.467,0.0,0.8,0.0,1.4,2.2,0.636,0.467,0.4,0.6,0.667,0.2,0.0,0.2,1.8,0.0,0.0,1.2,0.6,3.2
358.0,Branden Carlson,26.0,OKC,C,11.0,0.0,8.3,1.3,3.0,0.424,0.4,1.5,0.25,0.9,1.5,0.588,0.485,0.2,0.4,0.5,0.5,1.5,2.0,0.5,0.2,0.5,0.3,1.1,3.1
359.0,Tidjane Salaün,20.0,CHO,PF,7.0,0.0,11.9,1.0,2.7,0.368,0.6,1.7,0.333,0.4,1.0,0.429,0.474,0.6,0.9,0.667,0.7,2.9,3.6,0.7,0.3,0.1,0.4,1.1,3.1
360.0,Jamaree Bouyea,26.0,PHO,PG,1.0,0.0,3.0,1.0,2.0,0.5,1.0,1.0,1.0,0.0,1.0,0.0,0.75,0.0,0.0,,0.0,0.0,0.0,1.0,0.0,1.0,0.0,0.0,3.0
361.0,Kobe Brown,26.0,LAC,PF,8.0,0.0,9.4,1.0,2.4,0.421,0.5,1.5,0.333,0.5,0.9,0.571,0.526,0.5,0.5,1.0,0.8,1.5,2.3,1.0,0.0,0.0,0.5,0.4,3.0
362.0,Myron Gardner,24.0,MIA,SF,1.0,0.0,3.0,1.0,1.0,1.0,1.0,1.0,1.0,0.0,0.0,,1.5,0.0,0.0,,0.0,1.0,1.0,1.0,0.0,0.0,0.0,2.0,3.0
363.0,Hugo González,19.0,BOS,SF,11.0,1.0,12.4,1.3,2.8,0.452,0.5,0.9,0.5,0.8,1.9,0.429,0.532,0.0,0.1,0.0,0.7,1.3,2.0,0.6,0.8,0.2,0.5,1.8,3.0
364.0,Isaiah Livers,27.0,PHO,PF,9.0,0.0,11.6,0.9,2.1,0.421,0.7,1.9,0.353,0.2,0.2,1.0,0.579,0.6,0.7,0.833,0.4,1.3,1.8,0.4,0.2,0.3,0.1,1.0,3.0
365.0,Kyle Lowry,39.0,PHI,PG,1.0,0.0,3.0,1.0,1.0,1.0,1.0,1.0,1.0,0.0,0.0,,1.5,0.0,0.0,,0.0,0.0,0.0,1.0,1.0,0.0,0.0,0.0,3.0
366.0,Bryce McGowens,23.0,NOP,SG,6.0,0.0,7.2,0.8,2.2,0.385,0.0,0.3,0.0,0.8,1.8,0.455,0.385,1.3,1.7,0.8,0.0,0.7,0.7,0.5,0.3,0.0,0.2,0.7,3.0
367.0,Riley Minix,25.0,SAS,SF,3.0,0.0,2.7,1.3,2.0,0.667,0.3,1.0,0.333,1.0,1.0,1.0,0.75,0.0,0.0,,0.3,0.3,0.7,0.3,0.3,0.0,0.0,0.3,3.0
368.0,Monte Morris,30.0,IND,PG,6.0,0.0,10.8,1.2,3.3,0.35,0.3,1.3,0.25,0.8,2.0,0.417,0.4,0.3,0.7,0.5,0.2,1.0,1.2,1.5,0.2,0.2,0.3,0.5,3.0
369.0,Adou Thiero,21.0,LAL,SF,2.0,0.0,4.0,1.0,1.0,1.0,0.0,0.0,,1.0,1.0,1.0,1.0,1.0,1.0,1.0,0.5,0.0,0.5,0.0,0.0,0.0,0.0,1.0,3.0
370.0,Yang Hansen,20.0,POR,C,7.0,0.0,7.1,1.0,2.9,0.35,0.0,0.9,0.0,1.0,2.0,0.5,0.35,0.9,1.0,0.857,0.7,0.9,1.6,0.6,0.0,0.4,1.0,0.7,2.9
371.0,Jonathan Isaac,28.0,ORL,PF,15.0,0.0,9.9,1.0,2.3,0.429,0.3,1.3,0.25,0.7,1.0,0.667,0.5,0.5,0.8,0.667,0.8,2.3,3.1,0.1,0.4,0.5,0.3,0.7,2.9
372.0,Baylor Scheierman,25.0,BOS,SG,11.0,0.0,10.3,1.0,1.8,0.55,0.8,1.5,0.529,0.2,0.3,0.667,0.775,0.1,0.1,1.0,0.5,1.6,2.1,0.5,0.3,0.1,0.2,0.9,2.9
373.0,Bobi Klintman,22.0,DET,SF,6.0,0.0,8.8,1.2,3.5,0.333,0.5,1.8,0.273,0.7,1.7,0.4,0.405,0.0,0.5,0.0,0.8,1.8,2.7,0.7,0.3,0.0,0.8,1.5,2.8
374.0,Gary Payton II,33.0,GSW,SG,16.0,0.0,10.4,1.2,2.8,0.432,0.3,1.1,0.222,0.9,1.6,0.577,0.477,0.1,0.1,1.0,0.9,1.9,2.8,1.0,0.7,0.4,0.5,1.3,2.8
375.0,Cody Williams,21.0,UTA,SG,9.0,0.0,13.1,1.2,3.3,0.367,0.2,1.6,0.143,1.0,1.8,0.563,0.4,0.1,0.3,0.333,0.2,0.7,0.9,0.4,0.3,0.2,0.3,1.6,2.8
376.0,Ochai Agbaji,25.0,TOR,SG,9.0,1.0,13.9,1.0,2.8,0.36,0.1,1.3,0.083,0.9,1.4,0.615,0.38,0.6,0.9,0.625,0.2,1.9,2.1,0.7,0.6,0.1,0.3,1.8,2.7
377.0,Justin Champagnie,24.0,WAS,SF,12.0,3.0,8.4,0.7,2.1,0.32,0.2,0.8,0.2,0.5,1.3,0.4,0.36,1.2,1.4,0.824,1.4,1.4,2.8,0.3,0.3,0.0,0.2,1.0,2.7
378.0,Johnny Furphy,21.0,IND,SG,3.0,0.0,12.3,1.0,2.0,0.5,0.7,1.0,0.667,0.3,1.0,0.333,0.667,0.0,0.0,,0.3,1.7,2.0,0.0,0.7,0.0,1.0,1.3,2.7
379.0,Eric Gordon,37.0,PHI,SG,3.0,0.0,7.0,1.0,1.7,0.6,0.7,1.3,0.5,0.3,0.3,1.0,0.8,0.0,0.0,,0.0,0.0,0.0,0.3,0.3,0.0,0.7,0.7,2.7
380.0,Ron Harper Jr.,25.0,BOS,SF,3.0,0.0,5.0,1.0,2.3,0.429,0.7,2.0,0.333,0.3,0.3,1.0,0.571,0.0,0.0,,0.3,0.7,1.0,1.0,0.0,0.3,0.0,0.7,2.7
381.0,Gary Harris,31.0,MIL,SG,9.0,0.0,10.6,1.0,2.0,0.5,0.6,1.2,0.455,0.4,0.8,0.571,0.639,0.0,0.0,,0.1,0.6,0.7,0.7,0.7,0.2,0.2,0.8,2.6
382.0,GG Jackson II,21.0,MEM,PF,7.0,0.0,6.6,0.9,3.3,0.261,0.0,1.6,0.0,0.9,1.7,0.5,0.261,0.9,1.3,0.667,0.4,1.3,1.7,0.3,0.6,0.1,0.1,0.6,2.6
383.0,Jalen Pickett,26.0,DEN,SG,7.0,1.0,7.6,1.0,2.1,0.467,0.4,1.0,0.429,0.6,1.1,0.5,0.567,0.1,0.1,1.0,0.3,0.7,1.0,1.0,0.0,0.0,0.6,0.6,2.6
384.0,Dalen Terry,23.0,CHI,SG,9.0,0.0,8.4,1.0,2.1,0.474,0.2,0.8,0.286,0.8,1.3,0.583,0.526,0.3,0.8,0.429,0.2,0.8,1.0,1.4,0.4,0.3,0.3,0.8,2.6
385.0,Guerschon Yabusele,30.0,NYK,C,13.0,0.0,10.2,0.9,2.9,0.316,0.5,2.1,0.259,0.4,0.8,0.455,0.408,0.2,0.5,0.5,1.0,1.5,2.5,0.4,0.2,0.2,0.2,1.1,2.6
386.0,Kevon Looney,29.0,NOP,C,8.0,6.0,13.0,1.0,3.0,0.333,0.1,0.8,0.167,0.9,2.3,0.389,0.354,0.4,0.8,0.5,1.8,2.1,3.9,1.5,0.3,0.5,0.6,2.0,2.5
387.0,Chris Paul,40.0,LAC,PG,10.0,0.0,13.7,0.9,3.3,0.273,0.6,2.2,0.273,0.3,1.1,0.273,0.364,0.1,0.1,1.0,0.5,1.3,1.8,3.3,1.0,0.0,1.1,1.5,2.5
388.0,Drew Peterson,26.0,CHO,PF,2.0,0.0,17.5,1.0,4.5,0.222,0.0,3.0,0.0,1.0,1.5,0.667,0.222,0.5,1.0,0.5,0.5,1.5,2.0,0.5,0.5,0.5,0.0,0.5,2.5
389.0,Xavier Tillman Sr.,27.0,BOS,C,8.0,0.0,8.1,1.1,2.3,0.5,0.3,1.0,0.25,0.9,1.3,0.7,0.556,0.0,0.0,,0.9,1.3,2.1,0.6,0.4,0.1,0.1,0.9,2.5
390.0,Lindy Waters III,28.0,SAS,SG,6.0,0.0,7.7,0.8,2.0,0.417,0.8,2.0,0.417,0.0,0.0,,0.625,0.0,0.0,,0.0,1.2,1.2,0.5,0.0,0.0,0.0,0.7,2.5
391.0,Chris Boucher,33.0,BOS,PF,7.0,0.0,10.9,1.0,3.1,0.318,0.1,1.7,0.083,0.9,1.4,0.6,0.341,0.3,0.3,1.0,0.3,2.1,2.4,0.3,0.6,0.7,0.1,2.1,2.4
392.0,Ousmane Dieng,22.0,OKC,C,12.0,0.0,11.3,0.9,3.0,0.306,0.3,1.4,0.176,0.7,1.6,0.421,0.347,0.3,0.3,1.0,0.3,1.4,1.8,0.7,0.1,0.4,0.5,0.8,2.4
393.0,Jeff Green,39.0,HOU,PF,5.0,0.0,4.2,0.8,1.2,0.667,0.8,1.2,0.667,0.0,0.0,,1.0,0.0,0.0,,0.2,0.2,0.4,0.0,0.0,0.2,0.0,0.4,2.4
394.0,Elijah Harkless,25.0,UTA,SG,7.0,0.0,9.4,0.6,1.6,0.364,0.3,1.0,0.286,0.3,0.6,0.5,0.455,1.0,1.3,0.778,0.3,0.6,0.9,0.7,0.6,0.0,0.4,1.4,2.4
395.0,John Konchar,29.0,MEM,SG,14.0,0.0,12.3,0.9,1.9,0.481,0.4,1.2,0.353,0.5,0.7,0.7,0.593,0.1,0.2,0.667,0.4,2.2,2.6,1.2,0.9,0.4,0.4,0.8,2.4
396.0,E.J. Liddell,25.0,BRK,PF,5.0,0.0,5.0,0.8,2.2,0.364,0.4,1.6,0.25,0.4,0.6,0.667,0.455,0.4,0.6,0.667,0.2,1.2,1.4,0.0,0.0,0.0,0.0,0.8,2.4
397.0,Noah Penda,21.0,ORL,SF,7.0,0.0,6.7,0.9,1.6,0.545,0.3,0.3,1.0,0.6,1.3,0.444,0.636,0.4,0.6,0.75,0.9,1.0,1.9,0.9,0.1,0.3,0.4,0.9,2.4
398.0,Caleb Houstan,23.0,ATL,SF,6.0,0.0,5.8,0.7,1.7,0.4,0.5,1.2,0.429,0.2,0.5,0.333,0.55,0.5,0.5,1.0,0.5,0.0,0.5,0.3,0.2,0.2,0.5,0.8,2.3
399.0,Tyler Kolek,24.0,NYK,PG,10.0,0.0,6.7,1.0,2.4,0.417,0.3,1.3,0.231,0.7,1.1,0.636,0.479,0.0,0.0,,0.2,0.3,0.5,1.3,0.1,0.0,0.6,0.9,2.3
400.0,Dwight Powell,34.0,DAL,C,12.0,0.0,9.5,0.5,1.0,0.5,0.0,0.0,,0.5,1.0,0.5,0.5,1.3,1.5,0.833,1.0,1.2,2.2,0.7,0.3,0.2,0.4,2.1,2.3
401.0,Adem Bona,22.0,PHI,C,12.0,3.0,14.8,0.8,1.7,0.45,0.0,0.1,0.0,0.8,1.6,0.474,0.45,0.7,1.3,0.5,1.3,2.2,3.4,0.3,0.4,1.7,0.6,1.5,2.2
402.0,Carter Bryant,20.0,SAS,PF,10.0,0.0,6.4,0.8,2.7,0.296,0.3,1.4,0.214,0.5,1.3,0.385,0.352,0.3,0.3,1.0,0.3,0.9,1.2,0.0,0.2,0.1,0.4,0.5,2.2
403.0,JD Davison,23.0,HOU,PG,5.0,0.0,4.8,0.8,1.6,0.5,0.6,1.2,0.5,0.2,0.4,0.5,0.688,0.0,0.4,0.0,0.0,0.0,0.0,0.4,0.2,0.2,0.0,0.4,2.2
404.0,Jared McCain,21.0,PHI,SG,6.0,0.0,10.3,0.8,4.0,0.208,0.5,2.2,0.231,0.3,1.8,0.182,0.271,0.0,0.0,,0.0,1.0,1.0,0.7,0.2,0.0,0.5,1.2,2.2
405.0,Will Riley,19.0,WAS,SF,9.0,0.0,7.1,0.9,2.0,0.444,0.1,0.4,0.25,0.8,1.6,0.5,0.472,0.3,0.7,0.5,0.3,1.2,1.6,0.8,0.2,0.0,0.2,0.2,2.2
406.0,Gui Santos,23.0,GSW,PF,13.0,1.0,7.3,0.8,2.2,0.357,0.5,1.7,0.273,0.3,0.5,0.667,0.464,0.2,0.3,0.5,0.8,0.8,1.7,0.2,0.3,0.1,0.5,1.3,2.2
407.0,Devin Carter,23.0,SAC,PG,8.0,0.0,8.1,0.6,2.6,0.238,0.3,1.4,0.182,0.4,1.3,0.3,0.286,0.6,0.6,1.0,0.4,1.1,1.5,1.1,0.8,0.1,0.8,1.0,2.1
408.0,Bronny James,21.0,LAL,SG,10.0,1.0,11.1,0.8,2.7,0.296,0.3,1.1,0.273,0.5,1.6,0.313,0.352,0.2,0.2,1.0,0.4,0.5,0.9,1.8,0.8,0.1,0.8,1.2,2.1
409.0,Joan Beringer,19.0,MIN,PF,9.0,0.0,4.1,0.9,1.2,0.727,0.0,0.0,,0.9,1.2,0.727,0.727,0.2,0.3,0.667,0.2,1.1,1.3,0.0,0.1,0.2,0.2,1.0,2.0
410.0,Johni Broome,23.0,PHI,PF,2.0,0.0,3.0,1.0,2.5,0.4,0.0,0.5,0.0,1.0,2.0,0.5,0.4,0.0,0.0,,1.0,0.0,1.0,0.5,0.0,0.0,0.0,0.0,2.0
411.0,Thomas Bryant,28.0,CLE,C,10.0,0.0,6.5,1.0,2.4,0.417,0.0,1.1,0.0,1.0,1.3,0.769,0.417,0.0,0.3,0.0,0.5,1.2,1.7,0.1,0.3,0.3,0.1,0.7,2.0
412.0,Hunter Dickinson,25.0,NOP,C,1.0,0.0,5.0,1.0,2.0,0.5,0.0,0.0,,1.0,2.0,0.5,0.5,0.0,0.0,,0.0,0.0,0.0,0.0,0.0,1.0,2.0,2.0,2.0
413.0,Rasheer Fleming,21.0,PHO,PF,8.0,0.0,5.8,0.6,2.4,0.263,0.3,1.4,0.182,0.4,1.0,0.375,0.316,0.5,0.5,1.0,0.9,0.6,1.5,0.3,0.1,0.1,0.4,0.6,2.0
414.0,Colby Jones,23.0,DET,SG,1.0,0.0,7.0,1.0,3.0,0.333,0.0,2.0,0.0,1.0,1.0,1.0,0.333,0.0,0.0,,0.0,4.0,4.0,2.0,0.0,0.0,0.0,1.0,2.0
415.0,Wendell Moore Jr.,24.0,DET,SG,3.0,0.0,14.3,1.0,2.0,0.5,0.0,0.3,0.0,1.0,1.7,0.6,0.5,0.0,0.0,,0.3,1.0,1.3,1.0,0.7,0.3,0.3,0.3,2.0
416.0,Taelon Peter,23.0,IND,SG,10.0,0.0,9.0,0.6,2.4,0.25,0.5,2.2,0.227,0.1,0.2,0.5,0.354,0.3,0.3,1.0,0.4,1.0,1.4,1.3,0.2,0.2,0.8,0.5,2.0
417.0,Daeqwon Plowden,27.0,SAC,SG,1.0,0.0,14.0,1.0,5.0,0.2,0.0,3.0,0.0,1.0,2.0,0.5,0.2,0.0,0.0,,2.0,0.0,2.0,0.0,0.0,0.0,0.0,0.0,2.0
418.0,Jacob Toppin,25.0,ATL,SF,3.0,0.0,3.0,1.0,1.3,0.75,0.0,0.0,,1.0,1.3,0.75,0.75,0.0,0.0,,0.0,0.3,0.3,0.0,0.0,0.0,0.0,0.3,2.0
419.0,Jamir Watkins,24.0,WAS,SG,3.0,0.0,7.0,1.0,1.3,0.75,0.0,0.3,0.0,1.0,1.0,1.0,0.75,0.0,0.0,,0.3,1.7,2.0,0.0,0.0,0.3,0.3,1.3,2.0
420.0,PJ Hall,23.0,MEM,C,7.0,0.0,3.9,0.7,1.3,0.556,0.1,0.4,0.333,0.6,0.9,0.667,0.611,0.3,0.4,0.667,0.4,0.9,1.3,0.3,0.0,0.3,0.1,0.4,1.9
421.0,Khaman Maluach,19.0,PHO,C,7.0,0.0,5.0,0.4,1.0,0.429,0.0,0.4,0.0,0.4,0.6,0.75,0.429,1.0,1.1,0.875,0.1,0.7,0.9,0.1,0.0,0.6,0.7,1.1,1.9
422.0,Leonard Miller,22.0,MIN,SF,8.0,0.0,4.6,0.8,1.5,0.5,0.0,0.6,0.0,0.8,0.9,0.857,0.5,0.4,0.6,0.6,0.1,1.3,1.4,0.5,0.3,0.0,0.5,0.8,1.9
423.0,Zeke Nnaji,25.0,DEN,PF,7.0,1.0,6.9,0.6,1.4,0.4,0.1,0.9,0.167,0.4,0.6,0.75,0.45,0.6,0.7,0.8,0.1,0.7,0.9,0.3,0.3,0.1,0.3,1.3,1.9
424.0,Anthony Gill,33.0,WAS,PF,5.0,0.0,2.6,0.6,0.8,0.75,0.2,0.2,1.0,0.4,0.6,0.667,0.875,0.4,0.4,1.0,0.2,0.6,0.8,0.0,0.0,0.0,0.4,0.2,1.8
425.0,Tyus Jones,29.0,ORL,PG,16.0,1.0,12.4,0.8,2.4,0.308,0.3,1.3,0.19,0.5,1.1,0.444,0.359,0.0,0.0,,0.2,0.7,0.9,1.4,0.7,0.1,0.4,0.6,1.8
426.0,Maxi Kleber,34.0,LAL,PF,4.0,0.0,12.5,0.5,1.0,0.5,0.5,0.8,0.667,0.0,0.3,0.0,0.75,0.3,0.5,0.5,0.5,1.3,1.8,1.0,0.3,0.5,0.0,1.5,1.8
427.0,Cody Martin,30.0,IND,SF,4.0,0.0,13.8,0.5,2.5,0.2,0.0,1.3,0.0,0.5,1.3,0.4,0.2,0.8,1.5,0.5,0.3,3.3,3.5,0.5,1.0,0.5,1.0,1.3,1.8
428.0,Julian Phillips,22.0,CHI,SF,13.0,0.0,6.8,0.7,1.9,0.36,0.2,1.0,0.231,0.5,0.9,0.5,0.42,0.2,0.2,1.0,0.6,0.4,1.0,0.2,0.4,0.2,0.1,0.5,1.8
429.0,Nolan Traoré,19.0,BRK,PG,4.0,0.0,8.8,0.5,2.3,0.222,0.5,1.5,0.333,0.0,0.8,0.0,0.333,0.3,0.5,0.5,0.0,0.3,0.3,1.3,0.5,0.0,0.5,1.3,1.8
430.0,Jamal Cain,26.0,ORL,SF,3.0,0.0,1.7,0.7,0.7,1.0,0.3,0.3,1.0,0.3,0.3,1.0,1.25,0.0,0.0,,0.0,0.0,0.0,0.3,0.0,0.0,0.3,0.7,1.7
431.0,Dylan Cardwell,24.0,SAC,C,3.0,1.0,11.0,0.7,2.0,0.333,0.0,0.3,0.0,0.7,1.7,0.4,0.333,0.3,0.7,0.5,0.7,1.0,1.7,0.0,0.7,1.0,0.7,3.3,1.7
432.0,Harrison Ingram,23.0,SAS,SF,3.0,0.0,3.7,0.7,1.0,0.667,0.3,0.3,1.0,0.3,0.7,0.5,0.833,0.0,0.0,,1.0,0.0,1.0,0.0,0.0,0.0,0.0,0.7,1.7
433.0,Caleb Martin,30.0,DAL,SF,13.0,0.0,10.0,0.5,1.7,0.318,0.1,0.5,0.143,0.5,1.2,0.4,0.341,0.5,0.6,0.875,0.7,1.0,1.7,1.1,0.4,0.2,0.5,1.8,1.7
434.0,Dario Šarić,31.0,SAC,C,3.0,0.0,9.3,0.3,1.7,0.2,0.3,0.7,0.5,0.0,1.0,0.0,0.3,0.7,0.7,1.0,0.3,1.3,1.7,0.7,0.0,0.0,0.3,0.0,1.7
435.0,Luke Travers,24.0,CLE,SG,6.0,0.0,7.8,0.3,2.7,0.125,0.0,1.0,0.0,0.3,1.7,0.2,0.125,1.0,1.0,1.0,0.7,1.2,1.8,0.7,0.5,0.7,0.2,0.3,1.7
436.0,Amir Coffey,28.0,MIL,SG,13.0,0.0,9.8,0.6,1.5,0.421,0.2,0.6,0.25,0.5,0.8,0.545,0.474,0.2,0.2,1.0,0.3,0.8,1.1,0.5,0.0,0.1,0.1,0.5,1.6
437.0,Nigel Hayes-Davis,31.0,PHO,SF,12.0,0.0,8.1,0.8,2.0,0.375,0.1,0.8,0.111,0.7,1.3,0.533,0.396,0.0,0.0,,0.6,0.8,1.3,0.4,0.4,0.0,0.4,0.8,1.6
438.0,DaRon Holmes,23.0,DEN,PF,2.0,0.0,2.0,0.5,0.5,1.0,0.5,0.5,1.0,0.0,0.0,,1.5,0.0,0.0,,0.0,0.0,0.0,0.0,0.0,0.0,0.0,0.5,1.5
439.0,Spencer Jones,24.0,DEN,SF,10.0,0.0,8.8,0.5,0.9,0.556,0.2,0.5,0.4,0.3,0.4,0.75,0.667,0.3,0.4,0.75,0.2,0.0,0.2,0.6,0.7,0.1,0.6,1.4,1.5
440.0,Chris Youngblood,23.0,OKC,SG,14.0,0.0,4.8,0.4,1.1,0.313,0.4,1.1,0.333,0.0,0.1,0.0,0.469,0.4,0.4,1.0,0.1,0.4,0.5,0.1,0.1,0.0,0.0,0.8,1.5
441.0,Keshad Johnson,24.0,MIA,SF,5.0,0.0,4.8,0.6,2.8,0.214,0.2,1.4,0.143,0.4,1.4,0.286,0.25,0.0,0.0,,0.2,1.4,1.6,0.0,0.4,0.2,0.2,0.4,1.4
442.0,Jericho Sims,27.0,MIL,C,11.0,0.0,8.0,0.5,0.7,0.75,0.0,0.0,,0.5,0.7,0.75,0.75,0.3,0.4,0.75,0.7,1.2,1.9,0.4,0.1,0.3,0.4,0.7,1.4
443.0,Isaac Jones,25.0,2TM,PF,4.0,1.0,4.5,0.5,1.0,0.5,0.0,0.5,0.0,0.5,0.5,1.0,0.5,0.3,0.5,0.5,0.5,0.0,0.5,0.3,0.0,0.0,0.0,1.0,1.3
443.0,Isaac Jones,25.0,SAC,PF,3.0,1.0,5.7,0.3,0.7,0.5,0.0,0.3,0.0,0.3,0.3,1.0,0.5,0.3,0.7,0.5,0.7,0.0,0.7,0.3,0.0,0.0,0.0,1.3,1.0
443.0,Isaac Jones,25.0,DET,PF,1.0,0.0,1.0,1.0,2.0,0.5,0.0,1.0,0.0,1.0,1.0,1.0,0.5,0.0,0.0,,0.0,0.0,0.0,0.0,0.0,0.0,0.0,0.0,2.0
444.0,Johnny Juzang,24.0,MIN,SG,7.0,0.0,3.0,0.4,1.3,0.333,0.3,1.0,0.286,0.1,0.3,0.5,0.444,0.1,0.3,0.5,0.1,0.3,0.4,0.1,0.0,0.0,0.1,0.4,1.3
445.0,Tyson Etienne,26.0,BRK,PG,5.0,0.0,5.0,0.4,2.2,0.182,0.4,2.0,0.2,0.0,0.2,0.0,0.273,0.0,0.0,,0.0,0.0,0.0,0.0,0.0,0.0,0.0,0.6,1.2
446.0,Brooks Barnhizer,23.0,OKC,SG,14.0,0.0,7.4,0.5,1.0,0.5,0.0,0.1,0.0,0.5,0.9,0.538,0.5,0.1,0.3,0.5,0.4,1.6,2.0,0.3,0.1,0.1,0.1,0.7,1.1
447.0,Rayan Rupert,21.0,POR,SG,8.0,0.0,6.1,0.4,1.4,0.273,0.1,0.9,0.143,0.3,0.5,0.5,0.318,0.3,0.5,0.5,0.1,1.0,1.1,0.3,0.4,0.0,0.3,1.0,1.1
448.0,Ariel Hukporti,23.0,NYK,C,8.0,2.0,7.0,0.5,1.0,0.5,0.0,0.0,,0.5,1.0,0.5,0.5,0.0,0.0,,0.9,1.3,2.1,0.6,0.1,0.3,0.6,1.1,1.0
449.0,Miles Kelly,23.0,DAL,PG,2.0,0.0,5.5,0.5,1.0,0.5,0.0,0.5,0.0,0.5,0.5,1.0,0.5,0.0,0.0,,0.5,1.5,2.0,0.0,0.0,0.0,0.5,1.0,1.0
450.0,Mason Plumlee,35.0,CHO,C,6.0,0.0,5.0,0.3,0.3,1.0,0.0,0.0,,0.3,0.3,1.0,1.0,0.3,0.7,0.5,0.2,0.7,0.8,0.3,0.0,0.0,0.3,0.2,1.0
451.0,Jae'Sean Tate,30.0,HOU,SF,8.0,0.0,5.1,0.5,1.4,0.364,0.0,0.4,0.0,0.5,1.0,0.5,0.364,0.0,0.0,,0.1,0.6,0.8,0.1,0.1,0.0,0.1,0.9,1.0
452.0,Amari Williams,24.0,BOS,PF,2.0,0.0,3.5,0.5,1.0,0.5,0.0,0.0,,0.5,1.0,0.5,0.5,0.0,0.0,,0.5,0.5,1.0,0.5,0.5,0.0,0.0,0.5,1.0
453.0,Jahmir Young,25.0,MIA,PG,2.0,0.0,5.0,0.5,1.5,0.333,0.0,0.5,0.0,0.5,1.0,0.5,0.333,0.0,0.0,,0.0,0.5,0.5,1.0,0.0,0.0,0.5,1.0,1.0
454.0,Mohamed Diawara,20.0,NYK,SF,8.0,0.0,2.3,0.4,0.5,0.75,0.1,0.1,1.0,0.3,0.4,0.667,0.875,0.0,0.3,0.0,0.0,0.3,0.3,0.1,0.1,0.1,0.1,0.4,0.9
455.0,AJ Johnson,21.0,WAS,SG,8.0,0.0,4.8,0.3,1.4,0.182,0.0,0.3,0.0,0.3,1.1,0.222,0.182,0.4,0.5,0.75,0.3,0.4,0.6,0.5,0.0,0.0,0.1,0.4,0.9
456.0,Jonathan Mogbo,24.0,TOR,PF,7.0,0.0,5.0,0.4,0.9,0.5,0.0,0.0,,0.4,0.9,0.5,0.5,0.0,0.0,,0.4,0.9,1.3,0.6,0.1,0.3,0.1,0.6,0.9
457.0,Pacome Dadiet,20.0,NYK,SG,5.0,0.0,2.8,0.2,0.8,0.25,0.0,0.2,0.0,0.2,0.6,0.333,0.25,0.4,0.4,1.0,0.0,0.6,0.6,0.4,0.0,0.0,0.0,0.2,0.8
458.0,N'Faly Dante,24.0,ATL,C,4.0,0.0,3.8,0.3,1.0,0.25,0.0,0.0,,0.3,1.0,0.25,0.25,0.3,0.3,1.0,0.8,1.0,1.8,0.0,0.5,0.0,0.3,0.3,0.8
459.0,Jase Richardson,20.0,ORL,SG,8.0,0.0,4.3,0.3,0.8,0.333,0.1,0.5,0.25,0.1,0.3,0.5,0.417,0.1,0.3,0.5,0.0,0.3,0.3,0.9,0.0,0.0,0.4,0.1,0.8
460.0,Hunter Sallis,22.0,PHI,SG,3.0,0.0,2.3,0.3,0.3,1.0,0.0,0.0,,0.3,0.3,1.0,1.0,0.0,0.0,,0.0,0.3,0.3,0.3,0.0,0.0,0.7,0.3,0.7
461.0,Danny Wolf,21.0,BRK,PF,3.0,0.0,2.7,0.0,0.3,0.0,0.0,0.0,,0.0,0.3,0.0,0.0,0.7,0.7,1.0,0.0,0.7,0.7,0.7,0.0,0.0,0.0,0.0,0.7
462.0,Thanasis Antetokounmpo,33.0,MIL,SF,4.0,0.0,2.3,0.3,0.5,0.5,0.0,0.0,,0.3,0.5,0.5,0.5,0.0,0.0,,0.0,0.3,0.3,0.0,0.3,0.5,0.0,0.3,0.5
463.0,Bismack Biyombo,33.0,SAS,C,6.0,0.0,7.7,0.2,0.3,0.5,0.0,0.0,,0.2,0.3,0.5,0.5,0.0,0.0,,0.3,0.7,1.0,0.3,0.5,0.2,0.3,1.5,0.3
464.0,Jahmyl Telfort,24.0,LAC,PF,4.0,0.0,5.3,0.0,0.8,0.0,0.0,0.8,0.0,0.0,0.0,,0.0,0.3,1.0,0.25,0.0,0.5,0.5,0.3,0.0,0.0,0.3,0.8,0.3
465.0,Sharife Cooper,24.0,WAS,PG,2.0,0.0,2.0,0.0,0.0,,0.0,0.0,,0.0,0.0,,,0.0,0.0,,0.0,0.0,0.0,0.0,0.0,0.0,0.5,0.0,0.0
466.0,Joe Ingles,38.0,MIN,SF,5.0,0.0,4.6,0.0,0.4,0.0,0.0,0.4,0.0,0.0,0.0,,0.0,0.0,0.0,,0.0,0.0,0.0,1.2,0.2,0.0,0.0,0.4,0.0
467.0,Andre Jackson Jr.,24.0,MIL,SG,6.0,0.0,3.7,0.0,0.3,0.0,0.0,0.2,0.0,0.0,0.2,0.0,0.0,0.0,0.0,,0.2,0.2,0.3,1.0,0.3,0.2,0.3,0.5,0.0
468.0,Trey Jemison,26.0,NYK,C,1.0,0.0,8.0,0.0,0.0,,0.0,0.0,,0.0,0.0,,,0.0,0.0,,1.0,1.0,2.0,0.0,0.0,0.0,0.0,0.0,0.0
469.0,Christian Koloko,25.0,LAL,C,2.0,0.0,3.0,0.0,0.0,,0.0,0.0,,0.0,0.0,,,0.0,0.0,,0.0,0.5,0.5,0.0,0.0,0.0,0.0,0.5,0.0
470.0,Chris Mañon,24.0,LAL,SG,2.0,0.0,3.5,0.0,0.5,0.0,0.0,0.5,0.0,0.0,0.0,,0.0,0.0,0.0,,0.0,1.0,1.0,0.0,0.0,0.5,0.0,1.0,0.0
471.0,Orlando Robinson,25.0,ORL,C,1.0,0.0,2.0,0.0,0.0,,0.0,0.0,,0.0,0.0,,,0.0,0.0,,0.0,0.0,0.0,0.0,0.0,0.0,0.0,1.0,0.0
472.0,Garrett Temple,39.0,TOR,SG,2.0,0.0,3.0,0.0,0.5,0.0,0.0,0.5,0.0,0.0,0.0,,0.0,0.0,0.0,,0.0,0.0,0.0,0.0,0.0,0.5,0.0,0.0,0.0
473.0,Hunter Tyson,25.0,DEN,PF,5.0,0.0,3.4,0.0,1.4,0.0,0.0,0.8,0.0,0.0,0.6,0.0,0.0,0.0,0.0,,0.2,1.8,2.0,0.0,0.2,0.0,0.0,0.4,0.0
,League Average,,,,,,,,,0.468,,,0.358,,,0.547,0.543,,,0.789,,,,,,,,,
