Rk,Player,Age,Team,Pos,G,GS,MP,FG%,Dist.,2P,0-3,3-10,10-16,16-3P,3P,2P,0-3,3-10,10-16,16-3P,3P,2P,3P,%FGA,#,%3PA,3P%,Att.,Md.
1.0,Tyrese Maxey,25.0,PHI,PG,15.0,15.0,610.0,0.473,15.5,0.587,0.194,0.214,0.097,0.083,0.413,0.51,0.662,0.44,0.471,0.379,0.421,0.4,0.705,0.02,6.0,0.083,0.417,0.0,0.0
2.0,Trey Murphy III,25.0,NOP,SF,16.0,16.0,569.0,0.47,16.9,0.461,0.203,0.172,0.069,0.017,0.539,0.589,0.787,0.4,0.5,0.5,0.368,0.667,0.826,0.095,20.0,0.056,0.429,0.0,0.0
3.0,Franz Wagner,24.0,ORL,SF,16.0,16.0,568.0,0.454,11.3,0.712,0.281,0.323,0.073,0.035,0.288,0.503,0.726,0.357,0.316,0.444,0.333,0.516,0.84,0.027,7.0,0.133,0.4,0.0,0.0
4.0,Shai Gilgeous-Alexander,27.0,OKC,PG,17.0,17.0,565.0,0.534,13.8,0.724,0.182,0.179,0.27,0.094,0.276,0.583,0.742,0.508,0.576,0.438,0.404,0.167,0.211,0.012,4.0,0.043,0.5,0.0,0.0
5.0,Devin Booker,29.0,PHO,SG,16.0,16.0,565.0,0.477,15.0,0.708,0.12,0.201,0.231,0.156,0.292,0.537,0.784,0.468,0.521,0.458,0.333,0.333,0.667,0.01,3.0,0.089,0.25,0.0,0.0
6.0,VJ Edgecombe,20.0,PHI,SG,15.0,15.0,560.0,0.407,13.7,0.62,0.236,0.231,0.088,0.065,0.38,0.433,0.549,0.38,0.316,0.357,0.366,0.517,0.967,0.088,15.0,0.134,0.273,0.0,0.0
7.0,Toumani Camara,25.0,POR,PF,16.0,16.0,553.0,0.411,16.6,0.394,0.217,0.161,0.011,0.006,0.606,0.549,0.769,0.31,0.0,0.0,0.321,0.744,0.857,0.056,9.0,0.275,0.333,0.0,0.0
8.0,Deni Avdija,25.0,POR,SF,16.0,16.0,550.0,0.482,13.0,0.606,0.31,0.215,0.051,0.029,0.394,0.554,0.659,0.458,0.5,0.25,0.37,0.391,0.9,0.033,9.0,0.102,0.455,0.0,0.0
9.0,Evan Mobley,24.0,CLE,PF,16.0,16.0,550.0,0.476,12.0,0.689,0.311,0.236,0.098,0.044,0.311,0.529,0.757,0.377,0.364,0.1,0.357,0.634,0.8,0.133,27.0,0.043,0.333,1.0,0.0
10.0,Cooper Flagg,19.0,DAL,PG,16.0,16.0,537.0,0.47,12.5,0.714,0.217,0.3,0.083,0.115,0.286,0.548,0.809,0.462,0.5,0.32,0.274,0.341,0.765,0.078,13.0,0.21,0.077,0.0,0.0
11.0,Lauri Markkanen,28.0,UTA,PF,15.0,15.0,536.0,0.485,15.2,0.55,0.168,0.256,0.084,0.042,0.45,0.565,0.75,0.506,0.538,0.231,0.388,0.781,0.926,0.087,26.0,0.18,0.56,0.0,0.0
12.0,Julius Randle,31.0,MIN,PF,16.0,16.0,531.0,0.521,11.9,0.691,0.278,0.243,0.135,0.035,0.309,0.592,0.736,0.492,0.514,0.444,0.363,0.377,0.793,0.046,11.0,0.225,0.278,0.0,0.0
13.0,Brandon Ingram,28.0,TOR,SF,16.0,16.0,529.0,0.496,14.3,0.73,0.156,0.139,0.258,0.176,0.27,0.573,0.789,0.441,0.556,0.512,0.288,0.471,0.895,0.033,6.0,0.273,0.333,0.0,0.0
14.0,Miles Bridges,27.0,CHO,PF,15.0,15.0,529.0,0.423,15.8,0.491,0.147,0.272,0.049,0.023,0.509,0.485,0.667,0.417,0.385,0.333,0.363,0.492,0.918,0.045,9.0,0.281,0.395,0.0,0.0
15.0,Dyson Daniels,22.0,ATL,SG,16.0,16.0,528.0,0.485,6.9,0.885,0.362,0.469,0.054,0.0,0.115,0.522,0.681,0.393,0.571,,0.2,0.533,1.0,0.077,10.0,0.267,0.25,0.0,0.0
16.0,Pascal Siakam,31.0,IND,PF,15.0,15.0,527.0,0.466,13.7,0.705,0.157,0.246,0.21,0.093,0.295,0.51,0.545,0.623,0.407,0.385,0.361,0.426,0.733,0.007,1.0,0.084,0.429,0.0,0.0
17.0,DeMar DeRozan,36.0,SAC,PF,16.0,16.0,526.0,0.493,13.8,0.836,0.108,0.197,0.315,0.216,0.164,0.517,0.696,0.643,0.448,0.413,0.371,0.511,1.0,0.005,0.0,0.514,0.5,0.0,0.0
18.0,Derrick White,31.0,BOS,SG,16.0,16.0,526.0,0.348,18.8,0.434,0.07,0.176,0.107,0.082,0.566,0.415,0.588,0.349,0.385,0.45,0.297,0.545,0.659,0.008,2.0,0.159,0.364,0.0,0.0
19.0,Desmond Bane,27.0,ORL,SG,16.0,16.0,525.0,0.429,13.8,0.65,0.195,0.27,0.075,0.111,0.35,0.483,0.705,0.393,0.588,0.24,0.329,0.535,0.654,0.0,0.0,0.228,0.389,0.0,0.0
20.0,Nikola Jokić,30.0,DEN,C,15.0,15.0,522.0,0.634,11.6,0.716,0.249,0.35,0.07,0.047,0.284,0.723,0.813,0.656,0.667,0.833,0.411,0.586,0.867,0.035,8.0,0.041,0.667,0.0,0.0
21.0,Scottie Barnes,24.0,TOR,PF,16.0,16.0,521.0,0.51,11.2,0.761,0.296,0.243,0.165,0.058,0.239,0.541,0.736,0.356,0.45,0.571,0.414,0.56,0.875,0.086,21.0,0.276,0.313,0.0,0.0
22.0,Brandin Podziemski,22.0,GSW,SG,18.0,8.0,517.0,0.438,16.7,0.511,0.14,0.169,0.129,0.073,0.489,0.495,0.76,0.433,0.304,0.462,0.379,0.667,0.818,0.0,0.0,0.218,0.579,0.0,0.0
23.0,Payton Pritchard,28.0,BOS,PG,16.0,16.0,517.0,0.437,20.3,0.395,0.065,0.116,0.14,0.074,0.605,0.6,0.643,0.72,0.567,0.438,0.331,0.157,0.837,0.0,0.0,0.054,0.286,0.0,0.0
24.0,Max Christie,22.0,DAL,SG,17.0,14.0,516.0,0.484,17.3,0.359,0.157,0.17,0.033,0.0,0.641,0.509,0.792,0.308,0.2,,0.469,0.714,1.0,0.052,8.0,0.469,0.543,0.0,0.0
25.0,Alperen Şengün,23.0,HOU,C,14.0,14.0,516.0,0.485,10.4,0.833,0.266,0.33,0.172,0.064,0.167,0.495,0.661,0.468,0.35,0.333,0.436,0.354,0.882,0.064,14.0,0.103,0.75,0.0,0.0
26.0,Jaylen Brown,29.0,BOS,SF,16.0,16.0,513.0,0.503,14.3,0.726,0.168,0.216,0.137,0.204,0.274,0.563,0.818,0.437,0.422,0.582,0.344,0.381,0.581,0.021,3.0,0.089,0.375,0.0,0.0
27.0,Keyonte George,22.0,UTA,PG,15.0,15.0,513.0,0.434,15.7,0.598,0.057,0.316,0.123,0.102,0.402,0.527,0.786,0.545,0.467,0.4,0.296,0.455,0.724,0.025,6.0,0.133,0.308,0.0,0.0
28.0,Donovan Mitchell,29.0,CLE,SG,15.0,15.0,511.0,0.507,17.2,0.493,0.158,0.158,0.092,0.086,0.507,0.633,0.688,0.625,0.607,0.577,0.383,0.211,0.576,0.013,3.0,0.091,0.571,0.0,0.0
29.0,Amen Thompson,23.0,HOU,SF,14.0,14.0,510.0,0.475,8.4,0.842,0.426,0.272,0.084,0.059,0.158,0.524,0.733,0.291,0.294,0.417,0.219,0.517,1.0,0.188,37.0,0.5,0.125,0.0,0.0
30.0,Rudy Gobert,33.0,MIN,C,16.0,16.0,509.0,0.737,2.1,1.0,0.747,0.253,0.0,0.0,0.0,0.737,0.797,0.56,,,,0.658,,0.414,38.0,,,0.0,0.0
31.0,Immanuel Quickley,26.0,TOR,PG,16.0,16.0,507.0,0.474,17.4,0.464,0.135,0.198,0.099,0.031,0.536,0.573,0.808,0.421,0.579,0.5,0.388,0.373,0.8,0.005,1.0,0.097,0.1,0.0,0.0
32.0,RJ Barrett,25.0,TOR,SF,16.0,16.0,505.0,0.507,11.9,0.633,0.345,0.223,0.061,0.004,0.367,0.6,0.646,0.588,0.429,0.0,0.345,0.575,0.966,0.052,12.0,0.214,0.333,0.0,0.0
33.0,Ryan Rollins,23.0,MIL,PG,16.0,15.0,505.0,0.511,14.1,0.602,0.312,0.113,0.104,0.072,0.398,0.556,0.739,0.32,0.435,0.313,0.443,0.189,0.667,0.036,8.0,0.182,0.688,0.0,0.0
34.0,Kevin Durant,37.0,HOU,SF,14.0,14.0,505.0,0.487,15.3,0.723,0.084,0.16,0.324,0.155,0.277,0.535,0.8,0.553,0.481,0.486,0.364,0.446,0.667,0.055,13.0,0.045,0.0,0.0,0.0
35.0,Jimmy Butler,36.0,GSW,SF,16.0,16.0,503.0,0.519,9.3,0.824,0.326,0.332,0.118,0.048,0.176,0.532,0.754,0.435,0.364,0.111,0.455,0.451,0.733,0.07,12.0,0.424,0.5,0.0,0.0
36.0,Kon Knueppel,20.0,CHO,SF,15.0,14.0,502.0,0.473,18.1,0.395,0.171,0.132,0.063,0.029,0.605,0.58,0.714,0.481,0.462,0.5,0.403,0.681,0.92,0.02,4.0,0.274,0.471,0.0,0.0
37.0,P.J. Washington,27.0,DAL,PF,16.0,16.0,501.0,0.434,13.1,0.633,0.168,0.367,0.061,0.036,0.367,0.492,0.606,0.458,0.417,0.429,0.333,0.607,0.917,0.066,12.0,0.375,0.444,0.0,0.0
38.0,James Harden,36.0,LAC,PG,14.0,14.0,501.0,0.44,17.7,0.44,0.148,0.206,0.062,0.025,0.56,0.514,0.75,0.34,0.6,0.333,0.382,0.073,0.423,0.0,0.0,0.044,0.5,0.0,0.0
39.0,Devin Vassell,25.0,SAS,SG,15.0,15.0,498.0,0.407,19.0,0.434,0.082,0.082,0.165,0.104,0.566,0.468,0.6,0.333,0.5,0.421,0.359,0.73,0.973,0.033,5.0,0.252,0.346,0.0,0.0
40.0,Andrew Wiggins,30.0,MIA,SF,15.0,15.0,496.0,0.481,13.4,0.644,0.245,0.207,0.115,0.077,0.356,0.545,0.706,0.419,0.5,0.438,0.365,0.479,0.926,0.034,6.0,0.284,0.381,0.0,0.0
41.0,Donte DiVincenzo,29.0,MIN,SG,16.0,16.0,493.0,0.421,20.9,0.239,0.082,0.107,0.031,0.019,0.761,0.526,0.615,0.471,0.2,1.0,0.388,0.7,0.979,0.013,2.0,0.215,0.308,0.0,0.0
42.0,Mikal Bridges,29.0,NYK,SF,14.0,14.0,491.0,0.503,15.3,0.526,0.24,0.117,0.14,0.029,0.474,0.589,0.683,0.65,0.375,0.6,0.407,0.509,0.97,0.041,6.0,0.407,0.515,0.0,0.0
43.0,Jamal Murray,28.0,DEN,PG,14.0,14.0,488.0,0.471,16.0,0.598,0.139,0.197,0.111,0.152,0.402,0.548,0.647,0.479,0.593,0.514,0.357,0.3,0.486,0.004,1.0,0.071,0.143,1.0,1.0
44.0,Wendell Carter Jr.,26.0,ORL,C,16.0,16.0,486.0,0.516,12.9,0.641,0.305,0.164,0.094,0.078,0.359,0.561,0.744,0.381,0.5,0.3,0.435,0.739,1.0,0.156,16.0,0.391,0.389,0.0,0.0
45.0,Herbert Jones,27.0,NOP,SF,16.0,16.0,484.0,0.39,15.7,0.511,0.22,0.163,0.057,0.071,0.489,0.417,0.548,0.348,0.125,0.4,0.362,0.5,1.0,0.028,3.0,0.333,0.348,0.0,0.0
46.0,Jaime Jaquez Jr.,24.0,MIA,SF,16.0,0.0,483.0,0.512,7.8,0.857,0.374,0.394,0.064,0.025,0.143,0.563,0.697,0.45,0.462,0.6,0.207,0.48,1.0,0.049,9.0,0.207,0.167,0.0,0.0
47.0,Dennis Schröder,32.0,SAC,PG,16.0,12.0,483.0,0.387,15.6,0.597,0.099,0.267,0.126,0.105,0.403,0.439,0.632,0.353,0.375,0.55,0.312,0.16,0.667,0.0,0.0,0.143,0.364,0.0,0.0
48.0,Duncan Robinson,31.0,DET,SF,15.0,15.0,482.0,0.447,21.0,0.22,0.071,0.142,0.007,0.0,0.78,0.548,0.7,0.45,1.0,,0.418,0.706,0.978,0.0,0.0,0.182,0.45,0.0,0.0
49.0,Davion Mitchell,27.0,MIA,PG,16.0,16.0,479.0,0.519,13.0,0.641,0.183,0.351,0.069,0.038,0.359,0.595,0.667,0.609,0.333,0.6,0.383,0.4,0.889,0.0,0.0,0.085,0.0,0.0,0.0
50.0,Isaiah Hartenstein,27.0,OKC,C,17.0,17.0,478.0,0.7,4.8,0.969,0.5,0.354,0.115,0.0,0.031,0.722,0.877,0.587,0.467,,0.0,0.78,,0.346,43.0,0.5,0.0,0.0,0.0
51.0,Myles Turner,29.0,MIL,C,16.0,16.0,478.0,0.436,18.6,0.41,0.128,0.122,0.109,0.051,0.59,0.453,0.6,0.421,0.294,0.5,0.424,0.655,1.0,0.032,5.0,0.185,0.588,0.0,0.0
52.0,Quentin Grimes,25.0,PHI,SG,15.0,0.0,477.0,0.465,17.1,0.436,0.25,0.11,0.041,0.035,0.564,0.547,0.698,0.474,0.143,0.167,0.402,0.634,0.846,0.023,3.0,0.124,0.25,1.0,1.0
53.0,Jaden McDaniels,25.0,MIN,PF,15.0,15.0,476.0,0.544,11.3,0.709,0.236,0.313,0.143,0.016,0.291,0.574,0.767,0.526,0.346,0.667,0.472,0.649,0.92,0.066,10.0,0.491,0.462,0.0,0.0
54.0,Ajay Mitchell,23.0,OKC,SG,17.0,5.0,475.0,0.441,11.9,0.714,0.2,0.359,0.1,0.055,0.286,0.49,0.682,0.506,0.273,0.083,0.317,0.39,0.7,0.009,2.0,0.302,0.368,0.0,0.0
55.0,Royce O'Neale,32.0,PHO,SF,16.0,12.0,475.0,0.444,23.0,0.174,0.035,0.09,0.042,0.007,0.826,0.52,0.2,0.538,0.667,1.0,0.429,0.462,0.941,0.007,1.0,0.16,0.579,0.0,0.0
56.0,Rui Hachimura,27.0,LAL,PF,14.0,14.0,475.0,0.566,14.6,0.628,0.241,0.103,0.166,0.117,0.372,0.615,0.629,0.6,0.583,0.647,0.481,0.75,1.0,0.076,10.0,0.426,0.348,0.0,0.0
57.0,Ivica Zubac,28.0,LAC,C,15.0,15.0,473.0,0.605,4.3,1.0,0.442,0.471,0.087,0.0,0.0,0.605,0.711,0.494,0.667,,,0.625,,0.174,26.0,,,0.0,0.0
58.0,Jalen Johnson,24.0,ATL,SF,14.0,14.0,472.0,0.58,9.9,0.78,0.351,0.288,0.093,0.049,0.22,0.631,0.806,0.508,0.526,0.3,0.4,0.574,0.833,0.117,23.0,0.089,0.25,0.0,0.0
59.0,Onyeka Okongwu,25.0,ATL,C,16.0,6.0,469.0,0.526,12.9,0.577,0.274,0.274,0.029,0.0,0.423,0.604,0.771,0.438,0.6,,0.419,0.82,1.0,0.103,17.0,0.351,0.5,0.0,0.0
60.0,Zach LaVine,30.0,SAC,SG,14.0,14.0,469.0,0.512,16.5,0.517,0.19,0.166,0.057,0.104,0.483,0.606,0.75,0.514,0.583,0.5,0.412,0.636,0.786,0.071,14.0,0.216,0.5,0.0,0.0
61.0,Karl-Anthony Towns,30.0,NYK,C,14.0,14.0,465.0,0.429,12.1,0.634,0.393,0.192,0.013,0.036,0.366,0.493,0.602,0.349,0.333,0.125,0.317,0.557,0.962,0.085,16.0,0.049,0.5,0.0,0.0
62.0,Nikola Vučević,35.0,CHI,C,15.0,15.0,463.0,0.485,14.3,0.619,0.175,0.289,0.103,0.052,0.381,0.533,0.618,0.536,0.5,0.3,0.405,0.844,0.967,0.01,2.0,0.095,0.143,0.0,0.0
63.0,Michael Porter Jr.,27.0,BRK,SF,14.0,14.0,461.0,0.486,16.8,0.529,0.157,0.137,0.122,0.114,0.471,0.585,0.9,0.486,0.419,0.448,0.375,0.671,0.911,0.067,16.0,0.142,0.294,0.0,0.0
64.0,Draymond Green,35.0,GSW,PF,16.0,16.0,459.0,0.388,16.8,0.421,0.223,0.124,0.05,0.025,0.579,0.431,0.481,0.467,0.167,0.333,0.357,0.909,1.0,0.008,1.0,0.329,0.478,0.0,0.0
65.0,Cason Wallace,22.0,OKC,SG,16.0,16.0,459.0,0.43,15.9,0.438,0.182,0.223,0.025,0.008,0.562,0.491,0.773,0.296,0.333,0.0,0.382,0.346,1.0,0.058,6.0,0.294,0.5,0.0,0.0
66.0,A.J. Green,26.0,MIL,SG,16.0,16.0,458.0,0.486,24.2,0.081,0.018,0.027,0.027,0.009,0.919,0.556,0.5,0.667,0.667,0.0,0.48,0.6,0.918,0.0,0.0,0.255,0.692,0.0,0.0
67.0,Gary Trent Jr.,27.0,MIL,SG,16.0,12.0,453.0,0.399,20.7,0.315,0.077,0.07,0.084,0.084,0.685,0.444,0.545,0.4,0.417,0.417,0.378,0.6,0.892,0.0,0.0,0.255,0.56,0.0,0.0
68.0,Harrison Barnes,33.0,SAS,PF,15.0,15.0,452.0,0.537,17.9,0.333,0.154,0.154,0.024,0.0,0.667,0.683,0.842,0.632,0.0,,0.463,0.571,0.947,0.033,4.0,0.439,0.472,0.0,0.0
69.0,Naji Marshall,28.0,DAL,SF,17.0,1.0,451.0,0.474,13.1,0.632,0.226,0.256,0.105,0.045,0.368,0.571,0.8,0.441,0.571,0.167,0.306,0.542,0.933,0.03,4.0,0.531,0.269,0.0,0.0
70.0,Jarace Walker,22.0,IND,PF,16.0,9.0,450.0,0.307,15.9,0.521,0.135,0.239,0.129,0.018,0.479,0.329,0.364,0.256,0.476,0.0,0.282,0.5,0.864,0.006,0.0,0.128,0.4,0.0,0.0
71.0,Russell Westbrook,37.0,SAC,SF,16.0,10.0,449.0,0.433,15.2,0.533,0.167,0.244,0.078,0.044,0.467,0.469,0.667,0.432,0.357,0.125,0.393,0.311,0.788,0.006,1.0,0.333,0.464,0.0,0.0
72.0,Nic Claxton,26.0,BRK,C,15.0,15.0,447.0,0.572,4.9,0.959,0.49,0.393,0.062,0.014,0.041,0.597,0.704,0.544,0.0,1.0,0.0,0.566,,0.248,34.0,0.0,,0.0,0.0
73.0,Josh Giddey,23.0,CHI,PG,13.0,13.0,441.0,0.463,10.9,0.737,0.293,0.327,0.063,0.054,0.263,0.497,0.65,0.388,0.615,0.182,0.37,0.373,0.75,0.005,1.0,0.111,0.333,0.0,0.0
74.0,Cade Cunningham,24.0,DET,PG,12.0,12.0,441.0,0.436,12.8,0.699,0.173,0.346,0.132,0.049,0.301,0.505,0.609,0.467,0.486,0.462,0.275,0.255,0.318,0.03,6.0,0.025,0.0,0.0,0.0
75.0,CJ McCollum,34.0,WAS,SG,15.0,15.0,440.0,0.405,17.0,0.51,0.129,0.167,0.162,0.052,0.49,0.439,0.667,0.314,0.471,0.182,0.369,0.319,0.658,0.005,1.0,0.175,0.389,0.0,0.0
76.0,Kyshawn George,22.0,WAS,SF,14.0,14.0,438.0,0.494,16.5,0.524,0.165,0.171,0.135,0.053,0.476,0.539,0.786,0.448,0.435,0.333,0.444,0.25,0.861,0.024,4.0,0.173,0.643,0.0,0.0
77.0,Jaren Jackson Jr.,26.0,MEM,C,15.0,15.0,435.0,0.47,13.2,0.663,0.144,0.347,0.158,0.015,0.337,0.522,0.517,0.543,0.531,0.0,0.368,0.571,1.0,0.015,3.0,0.206,0.429,0.0,0.0
78.0,Nickeil Alexander-Walker,27.0,ATL,SG,14.0,11.0,435.0,0.47,14.8,0.545,0.268,0.141,0.066,0.071,0.455,0.565,0.66,0.536,0.462,0.357,0.356,0.492,0.875,0.01,2.0,0.211,0.368,0.0,0.0
79.0,Stephen Curry,37.0,GSW,PG,14.0,14.0,435.0,0.476,19.1,0.392,0.139,0.139,0.07,0.044,0.608,0.589,0.684,0.632,0.421,0.417,0.404,0.46,0.701,0.004,0.0,0.096,0.563,0.0,0.0
80.0,Austin Reaves,27.0,LAL,SG,12.0,12.0,433.0,0.49,16.5,0.543,0.12,0.231,0.154,0.038,0.457,0.628,0.8,0.667,0.531,0.25,0.326,0.338,0.71,0.005,1.0,0.074,0.286,0.0,0.0
81.0,Anthony Black,22.0,ORL,PG,16.0,3.0,432.0,0.479,13.2,0.625,0.299,0.229,0.056,0.042,0.375,0.589,0.814,0.455,0.375,0.0,0.296,0.528,0.875,0.125,15.0,0.259,0.286,1.0,1.0
82.0,Jabari Smith Jr.,22.0,HOU,PF,13.0,13.0,431.0,0.441,15.8,0.528,0.18,0.155,0.124,0.068,0.472,0.482,0.621,0.52,0.4,0.182,0.395,0.585,0.9,0.037,6.0,0.513,0.41,0.0,0.0
83.0,Jerami Grant,31.0,POR,PF,15.0,3.0,430.0,0.452,13.7,0.548,0.299,0.192,0.04,0.017,0.452,0.495,0.679,0.294,0.143,0.333,0.4,0.396,0.969,0.045,6.0,0.375,0.533,0.0,0.0
84.0,Jake LaRavia,24.0,LAL,PF,15.0,6.0,428.0,0.487,13.3,0.58,0.286,0.227,0.05,0.017,0.42,0.594,0.735,0.407,0.667,0.5,0.34,0.683,1.0,0.076,8.0,0.3,0.333,1.0,0.0
85.0,Jeremiah Fears,19.0,NOP,PG,16.0,14.0,426.0,0.462,11.6,0.733,0.295,0.248,0.138,0.052,0.267,0.5,0.645,0.462,0.379,0.182,0.357,0.364,0.65,0.024,5.0,0.107,0.333,0.0,0.0
86.0,Deandre Ayton,27.0,LAL,C,14.0,14.0,425.0,0.699,5.8,1.0,0.429,0.346,0.179,0.045,0.0,0.699,0.806,0.667,0.5,0.714,,0.807,,0.199,28.0,,,0.0,0.0
87.0,Cedric Coward,22.0,MEM,SG,16.0,3.0,424.0,0.481,14.8,0.519,0.228,0.179,0.099,0.012,0.481,0.548,0.703,0.414,0.438,0.5,0.41,0.63,0.906,0.062,9.0,0.269,0.286,0.0,0.0
88.0,Kelly Oubre Jr.,30.0,PHI,SF,12.0,12.0,418.0,0.497,14.8,0.55,0.208,0.235,0.067,0.04,0.45,0.622,0.806,0.514,0.4,0.667,0.343,0.549,0.957,0.067,9.0,0.239,0.5,0.0,0.0
89.0,Grayson Allen,30.0,PHO,SG,13.0,13.0,417.0,0.468,19.4,0.341,0.098,0.214,0.023,0.006,0.659,0.508,0.706,0.405,0.5,1.0,0.447,0.567,0.804,0.006,1.0,0.14,0.375,0.0,0.0
90.0,Stephon Castle,21.0,SAS,PG,13.0,13.0,416.0,0.497,11.9,0.677,0.323,0.219,0.123,0.013,0.323,0.619,0.76,0.441,0.579,0.5,0.24,0.323,1.0,0.071,11.0,0.14,0.429,0.0,0.0
91.0,Victor Wembanyama,22.0,SAS,C,12.0,12.0,416.0,0.502,12.4,0.738,0.303,0.176,0.136,0.122,0.262,0.558,0.821,0.359,0.4,0.37,0.345,0.582,0.85,0.163,34.0,0.103,0.5,0.0,0.0
92.0,Matas Buzelis,21.0,CHI,PF,15.0,15.0,415.0,0.47,11.9,0.604,0.378,0.183,0.03,0.012,0.396,0.525,0.581,0.467,0.0,1.0,0.385,0.519,0.96,0.085,13.0,0.354,0.261,0.0,0.0
93.0,Giannis Antetokounmpo,31.0,MIL,PF,13.0,13.0,414.0,0.629,5.8,0.927,0.657,0.125,0.048,0.097,0.073,0.639,0.767,0.452,0.417,0.125,0.5,0.449,0.778,0.258,62.0,0.0,,0.0,0.0
94.0,Santi Aldama,25.0,MEM,PF,16.0,1.0,412.0,0.475,14.3,0.565,0.226,0.232,0.062,0.045,0.435,0.59,0.7,0.585,0.455,0.25,0.325,0.814,1.0,0.023,4.0,0.247,0.579,0.0,0.0
95.0,Julian Champagnie,24.0,SAS,SF,15.0,10.0,412.0,0.434,19.7,0.23,0.177,0.053,0.0,0.0,0.77,0.577,0.7,0.167,,,0.391,0.8,0.971,0.027,3.0,0.46,0.425,0.0,0.0
96.0,Terance Mann,29.0,BRK,SG,15.0,15.0,412.0,0.459,13.7,0.586,0.252,0.189,0.108,0.036,0.414,0.523,0.643,0.429,0.5,0.25,0.37,0.412,0.765,0.063,4.0,0.283,0.308,0.0,0.0
97.0,Ben Sheppard,24.0,IND,SG,16.0,7.0,411.0,0.322,16.5,0.438,0.19,0.157,0.058,0.033,0.562,0.472,0.696,0.263,0.429,0.25,0.206,0.72,0.929,0.017,2.0,0.368,0.2,0.0,0.0
98.0,Donovan Clingan,21.0,POR,C,16.0,16.0,410.0,0.496,10.6,0.641,0.466,0.168,0.008,0.0,0.359,0.655,0.672,0.591,1.0,,0.213,0.582,1.0,0.168,19.0,0.149,0.0,0.0,0.0
99.0,Moses Moody,23.0,GSW,SG,16.0,8.0,409.0,0.424,19.7,0.299,0.097,0.125,0.049,0.028,0.701,0.419,0.643,0.389,0.143,0.25,0.426,0.611,0.977,0.028,3.0,0.228,0.478,0.0,0.0
100.0,Jalen Brunson,29.0,NYK,PG,12.0,12.0,408.0,0.468,14.5,0.639,0.179,0.21,0.167,0.083,0.361,0.528,0.711,0.358,0.524,0.571,0.363,0.294,0.545,0.0,0.0,0.143,0.462,0.0,0.0
101.0,De'Andre Hunter,28.0,CLE,SF,14.0,14.0,405.0,0.453,17.0,0.5,0.141,0.141,0.161,0.057,0.5,0.594,0.704,0.556,0.548,0.545,0.313,0.561,0.767,0.031,4.0,0.198,0.263,0.0,0.0
102.0,Luka Dončić,26.0,LAL,PG,11.0,11.0,405.0,0.472,18.1,0.516,0.093,0.157,0.194,0.073,0.484,0.617,0.957,0.615,0.583,0.278,0.317,0.203,0.368,0.008,2.0,0.083,0.1,0.0,0.0
103.0,Anfernee Simons,26.0,BOS,SG,16.0,0.0,401.0,0.432,19.5,0.426,0.049,0.148,0.104,0.126,0.574,0.474,0.667,0.556,0.474,0.304,0.4,0.108,0.738,0.011,2.0,0.057,0.167,0.0,0.0
104.0,Jrue Holiday,35.0,POR,PG,12.0,12.0,401.0,0.446,16.5,0.488,0.157,0.181,0.114,0.036,0.512,0.531,0.654,0.5,0.421,0.5,0.365,0.372,0.452,0.012,2.0,0.129,0.455,0.0,0.0
105.0,Collin Gillespie,26.0,PHO,PG,16.0,0.0,400.0,0.414,21.2,0.317,0.034,0.117,0.117,0.048,0.683,0.435,0.4,0.471,0.353,0.571,0.404,0.35,0.775,0.0,0.0,0.162,0.813,0.0,0.0
106.0,Kyle Kuzma,30.0,MIL,PF,15.0,6.0,400.0,0.49,11.2,0.684,0.31,0.303,0.032,0.039,0.316,0.594,0.729,0.511,0.2,0.5,0.265,0.635,0.923,0.045,7.0,0.347,0.294,0.0,0.0
107.0,Svi Mykhailiuk,28.0,UTA,SF,15.0,15.0,400.0,0.478,19.6,0.283,0.088,0.159,0.018,0.018,0.717,0.719,0.6,0.778,1.0,0.5,0.383,0.696,0.935,0.018,1.0,0.383,0.419,0.0,0.0
108.0,Shaedon Sharpe,22.0,POR,SG,14.0,14.0,400.0,0.439,14.0,0.63,0.282,0.168,0.084,0.095,0.37,0.545,0.676,0.5,0.364,0.4,0.258,0.478,0.72,0.069,14.0,0.093,0.222,0.0,0.0
109.0,Jaylen Wells,22.0,MEM,SG,16.0,16.0,399.0,0.375,17.6,0.454,0.132,0.138,0.092,0.092,0.546,0.478,0.65,0.429,0.429,0.357,0.289,0.667,0.917,0.026,3.0,0.313,0.192,0.0,0.0
110.0,Sion James,23.0,CHO,SG,15.0,10.0,398.0,0.438,15.4,0.425,0.313,0.088,0.025,0.0,0.575,0.441,0.48,0.286,0.5,,0.435,0.533,1.0,0.088,5.0,0.457,0.381,0.0,0.0
111.0,Norman Powell,32.0,MIA,SG,13.0,13.0,398.0,0.491,14.3,0.575,0.208,0.264,0.057,0.047,0.425,0.516,0.659,0.429,0.5,0.4,0.456,0.524,0.878,0.019,3.0,0.233,0.429,0.0,0.0
112.0,Neemias Queta,26.0,BOS,C,16.0,16.0,396.0,0.618,4.0,0.973,0.564,0.355,0.036,0.018,0.027,0.636,0.758,0.513,0.25,0.0,0.0,0.721,,0.273,28.0,0.333,0.0,0.0,0.0
113.0,Saddiq Bey,26.0,NOP,SF,15.0,7.0,395.0,0.407,15.9,0.469,0.193,0.172,0.076,0.028,0.531,0.456,0.536,0.44,0.455,0.0,0.364,0.355,0.964,0.028,4.0,0.351,0.111,0.0,0.0
114.0,Paolo Banchero,23.0,ORL,PF,12.0,12.0,393.0,0.461,12.1,0.753,0.247,0.247,0.174,0.084,0.247,0.53,0.705,0.545,0.258,0.533,0.25,0.352,0.909,0.062,10.0,0.091,0.0,0.0,0.0
115.0,Naz Reid,26.0,MIN,C,16.0,0.0,392.0,0.463,15.7,0.497,0.149,0.257,0.086,0.006,0.503,0.552,0.731,0.533,0.333,0.0,0.375,0.5,0.909,0.029,2.0,0.33,0.483,1.0,0.0
116.0,Kel'el Ware,21.0,MIA,C,16.0,12.0,389.0,0.525,9.3,0.712,0.453,0.223,0.029,0.007,0.288,0.596,0.73,0.355,0.25,1.0,0.35,0.746,1.0,0.216,28.0,0.425,0.412,0.0,0.0
117.0,Chet Holmgren,23.0,OKC,PF,13.0,13.0,386.0,0.578,12.8,0.652,0.261,0.236,0.112,0.043,0.348,0.695,0.857,0.605,0.5,0.714,0.357,0.671,0.9,0.155,23.0,0.107,0.167,0.0,0.0
118.0,Ryan Dunn,23.0,PHO,SF,16.0,11.0,385.0,0.478,12.2,0.584,0.336,0.204,0.035,0.009,0.416,0.576,0.737,0.435,0.0,0.0,0.34,0.632,1.0,0.168,16.0,0.681,0.313,0.0,0.0
119.0,Noah Clowney,21.0,BRK,PF,15.0,9.0,385.0,0.372,20.0,0.264,0.099,0.149,0.017,0.0,0.736,0.531,0.667,0.444,0.5,,0.315,0.647,1.0,0.066,5.0,0.236,0.429,0.0,0.0
120.0,Tristan Da Silva,24.0,ORL,SF,16.0,4.0,384.0,0.477,16.2,0.45,0.168,0.208,0.06,0.013,0.55,0.552,0.72,0.516,0.222,0.5,0.415,0.541,0.971,0.06,6.0,0.341,0.464,0.0,0.0
121.0,Kris Dunn,31.0,LAC,PG,15.0,9.0,384.0,0.471,13.6,0.6,0.212,0.235,0.141,0.012,0.4,0.549,0.667,0.6,0.333,0.0,0.353,0.464,1.0,0.035,2.0,0.441,0.467,0.0,0.0
122.0,Bub Carrington,20.0,WAS,PG,15.0,5.0,382.0,0.344,17.3,0.538,0.065,0.226,0.14,0.108,0.462,0.26,0.333,0.238,0.308,0.2,0.442,0.308,0.789,0.022,1.0,0.233,0.3,0.0,0.0
123.0,John Collins,28.0,LAC,PF,15.0,6.0,380.0,0.504,10.9,0.73,0.263,0.35,0.066,0.051,0.27,0.57,0.806,0.521,0.222,0.143,0.324,0.754,1.0,0.124,15.0,0.568,0.429,0.0,0.0
124.0,Derik Queen,21.0,NOP,C,16.0,4.0,379.0,0.493,7.5,0.907,0.387,0.347,0.107,0.067,0.093,0.529,0.69,0.423,0.438,0.3,0.143,0.375,0.5,0.08,11.0,0.143,0.0,0.0,0.0
125.0,Anthony Edwards,24.0,MIN,SG,12.0,12.0,379.0,0.465,15.6,0.566,0.18,0.202,0.101,0.083,0.434,0.535,0.756,0.457,0.391,0.421,0.374,0.362,0.568,0.039,9.0,0.03,0.333,0.0,0.0
126.0,Alex Sarr,20.0,WAS,C,13.0,13.0,377.0,0.519,10.1,0.788,0.275,0.365,0.116,0.032,0.212,0.564,0.808,0.42,0.5,0.333,0.35,0.714,1.0,0.138,25.0,0.075,0.333,0.0,0.0
127.0,Kevin Huerter,27.0,CHI,SF,15.0,5.0,376.0,0.483,14.3,0.51,0.282,0.188,0.04,0.0,0.49,0.658,0.762,0.536,0.5,,0.301,0.66,1.0,0.027,4.0,0.247,0.389,0.0,0.0
128.0,Jalen Duren,22.0,DET,C,13.0,13.0,376.0,0.674,3.4,1.0,0.486,0.486,0.0,0.028,0.0,0.674,0.686,0.657,,0.75,,0.619,,0.319,42.0,,,0.0,0.0
129.0,Jock Landale,30.0,MEM,C,16.0,13.0,374.0,0.545,11.6,0.678,0.298,0.281,0.066,0.033,0.322,0.598,0.639,0.529,0.625,0.75,0.436,0.735,1.0,0.058,4.0,0.154,0.333,0.0,0.0
130.0,Isaac Okoro,25.0,CHI,SG,15.0,15.0,373.0,0.459,12.6,0.52,0.418,0.092,0.01,0.0,0.48,0.529,0.585,0.333,0.0,,0.383,0.704,1.0,0.031,3.0,0.702,0.394,0.0,0.0
131.0,OG Anunoby,28.0,NYK,PF,12.0,12.0,373.0,0.476,14.8,0.463,0.367,0.048,0.041,0.007,0.537,0.574,0.685,0.0,0.333,0.0,0.392,0.615,0.968,0.143,19.0,0.456,0.444,0.0,0.0
132.0,Cameron Johnson,29.0,DEN,SF,14.0,14.0,371.0,0.413,15.6,0.519,0.24,0.115,0.058,0.106,0.481,0.519,0.76,0.25,0.167,0.455,0.3,0.643,0.933,0.038,3.0,0.28,0.357,0.0,0.0
133.0,Ryan Kalkbrenner,24.0,CHO,C,14.0,14.0,371.0,0.811,2.3,0.986,0.797,0.189,0.0,0.0,0.014,0.822,0.864,0.643,,,0.0,0.667,,0.392,27.0,0.0,,0.0,0.0
134.0,Peyton Watson,23.0,DEN,SF,15.0,5.0,368.0,0.5,9.7,0.696,0.402,0.272,0.011,0.011,0.304,0.563,0.703,0.36,0.0,1.0,0.357,0.861,1.0,0.207,17.0,0.429,0.667,0.0,0.0
135.0,Aaron Gordon,30.0,DEN,PF,13.0,13.0,368.0,0.532,13.7,0.591,0.305,0.149,0.065,0.071,0.409,0.593,0.83,0.348,0.3,0.364,0.444,0.574,0.786,0.13,18.0,0.206,0.462,0.0,0.0
136.0,Collin Sexton,27.0,CHO,SG,14.0,9.0,367.0,0.46,13.3,0.647,0.253,0.26,0.073,0.06,0.353,0.495,0.737,0.359,0.364,0.222,0.396,0.396,0.762,0.0,0.0,0.151,0.5,0.0,0.0
137.0,Kentavious Caldwell-Pope,32.0,MEM,SG,16.0,13.0,365.0,0.345,17.2,0.522,0.106,0.168,0.115,0.133,0.478,0.424,0.583,0.474,0.385,0.267,0.259,0.8,0.929,0.027,2.0,0.148,0.0,0.0,0.0
138.0,Jusuf Nurkić,31.0,UTA,C,15.0,10.0,365.0,0.387,9.8,0.755,0.236,0.481,0.038,0.0,0.245,0.463,0.56,0.431,0.25,,0.154,0.541,1.0,0.038,3.0,0.0,,0.0,0.0
139.0,Domantas Sabonis,29.0,SAC,C,11.0,11.0,365.0,0.51,7.1,0.862,0.4,0.366,0.09,0.007,0.138,0.56,0.672,0.415,0.692,0.0,0.2,0.714,1.0,0.097,14.0,0.15,0.333,0.0,0.0
140.0,Tre Johnson,19.0,WAS,SG,15.0,4.0,364.0,0.445,18.0,0.479,0.062,0.199,0.178,0.041,0.521,0.5,0.778,0.414,0.5,0.5,0.395,0.343,0.833,0.014,1.0,0.211,0.313,0.0,0.0
141.0,Jarrett Allen,27.0,CLE,C,14.0,14.0,364.0,0.577,5.2,0.971,0.365,0.518,0.073,0.015,0.029,0.594,0.76,0.493,0.5,0.5,0.0,0.797,,0.219,28.0,0.75,0.0,0.0,0.0
142.0,Keldon Johnson,26.0,SAS,SF,15.0,0.0,363.0,0.573,8.7,0.71,0.534,0.168,0.0,0.008,0.29,0.688,0.729,0.545,,1.0,0.289,0.547,0.909,0.092,11.0,0.632,0.25,0.0,0.0
143.0,Pelle Larsson,24.0,MIA,SG,16.0,13.0,360.0,0.523,14.3,0.532,0.202,0.275,0.046,0.009,0.468,0.638,0.864,0.5,0.6,0.0,0.392,0.568,1.0,0.046,5.0,0.314,0.438,0.0,0.0
144.0,Jonathan Kuminga,23.0,GSW,PF,13.0,12.0,360.0,0.478,10.8,0.728,0.25,0.353,0.096,0.029,0.272,0.535,0.647,0.521,0.462,0.0,0.324,0.453,0.917,0.14,15.0,0.351,0.308,0.0,0.0
145.0,Dean Wade,29.0,CLE,PF,16.0,2.0,358.0,0.377,19.2,0.273,0.208,0.0,0.039,0.026,0.727,0.571,0.625,,0.333,0.5,0.304,0.75,0.941,0.052,4.0,0.339,0.263,0.0,0.0
146.0,Ron Holland,20.0,DET,SF,15.0,5.0,358.0,0.393,13.0,0.607,0.189,0.328,0.049,0.041,0.393,0.459,0.609,0.45,0.167,0.2,0.292,0.529,1.0,0.107,12.0,0.604,0.31,0.0,0.0
147.0,D'Angelo Russell,29.0,DAL,PG,16.0,3.0,355.0,0.399,16.7,0.539,0.084,0.23,0.163,0.062,0.461,0.521,0.667,0.488,0.517,0.455,0.256,0.32,0.714,0.0,0.0,0.134,0.182,0.0,0.0
148.0,Mark Williams,24.0,PHO,C,14.0,11.0,353.0,0.632,4.2,1.0,0.443,0.472,0.085,0.0,0.0,0.632,0.745,0.54,0.556,,,0.746,,0.283,28.0,,,0.0,0.0
149.0,Tim Hardaway Jr.,33.0,DEN,SG,15.0,1.0,351.0,0.452,19.5,0.349,0.111,0.103,0.079,0.056,0.651,0.477,0.571,0.231,0.6,0.571,0.439,0.81,0.944,0.016,1.0,0.22,0.444,0.0,0.0
150.0,Kris Murray,25.0,POR,SF,15.0,1.0,350.0,0.446,10.3,0.649,0.459,0.189,0.0,0.0,0.351,0.542,0.647,0.286,,,0.269,0.769,1.0,0.135,10.0,0.462,0.25,0.0,0.0
151.0,Javonte Green,32.0,DET,SG,15.0,3.0,349.0,0.406,15.3,0.49,0.208,0.229,0.021,0.031,0.51,0.511,0.65,0.455,0.0,0.333,0.306,0.833,1.0,0.094,8.0,0.327,0.313,0.0,0.0
152.0,Tre Jones,26.0,CHI,PG,12.0,11.0,347.0,0.485,7.6,0.816,0.515,0.262,0.029,0.01,0.184,0.524,0.604,0.407,0.333,0.0,0.316,0.409,1.0,0.0,0.0,0.158,0.667,0.0,0.0
153.0,Ja Morant,26.0,MEM,PG,12.0,12.0,345.0,0.359,13.9,0.692,0.154,0.262,0.19,0.087,0.308,0.444,0.6,0.431,0.405,0.294,0.167,0.283,0.6,0.015,3.0,0.15,0.556,0.0,0.0
154.0,Moussa Diabaté,24.0,CHO,C,15.0,1.0,343.0,0.644,3.1,1.0,0.644,0.299,0.046,0.011,0.0,0.644,0.714,0.577,0.25,0.0,,0.679,,0.253,19.0,,,0.0,0.0
155.0,Bobby Portis,30.0,MIL,PF,16.0,1.0,341.0,0.486,15.2,0.652,0.145,0.21,0.181,0.116,0.348,0.511,0.75,0.517,0.44,0.313,0.438,0.783,1.0,0.014,2.0,0.229,0.455,0.0,0.0
156.0,Klay Thompson,35.0,DAL,SF,16.0,8.0,341.0,0.34,22.0,0.252,0.025,0.044,0.063,0.119,0.748,0.45,0.5,0.286,0.3,0.579,0.303,0.889,0.889,0.0,0.0,0.227,0.259,0.0,0.0
157.0,Bruce Brown,29.0,DEN,SG,15.0,0.0,340.0,0.447,10.8,0.706,0.318,0.282,0.082,0.024,0.294,0.483,0.741,0.292,0.286,0.0,0.36,0.69,1.0,0.012,1.0,0.36,0.333,0.0,0.0
158.0,Marcus Smart,31.0,LAL,SG,12.0,9.0,338.0,0.402,18.5,0.391,0.13,0.12,0.098,0.043,0.609,0.667,0.75,0.818,0.444,0.5,0.232,0.5,0.769,0.0,0.0,0.179,0.3,0.0,0.0
159.0,Sam Hauser,28.0,BOS,PF,16.0,2.0,337.0,0.311,24.8,0.123,0.0,0.019,0.047,0.057,0.877,0.231,,0.0,0.4,0.167,0.323,1.0,0.9,0.0,0.0,0.129,0.25,0.0,0.0
160.0,Ayo Dosunmu,26.0,CHI,SG,13.0,1.0,336.0,0.571,11.6,0.617,0.376,0.203,0.023,0.015,0.383,0.622,0.66,0.556,0.667,0.5,0.49,0.431,1.0,0.038,4.0,0.451,0.522,0.0,0.0
161.0,Josh Hart,30.0,NYK,SF,13.0,0.0,336.0,0.475,13.0,0.594,0.327,0.149,0.089,0.03,0.406,0.55,0.697,0.467,0.333,0.0,0.366,0.636,0.867,0.03,3.0,0.439,0.444,0.0,0.0
162.0,Reed Sheppard,21.0,HOU,PG,14.0,0.0,335.0,0.507,19.7,0.406,0.051,0.152,0.138,0.065,0.594,0.536,0.857,0.524,0.421,0.556,0.488,0.367,0.775,0.014,2.0,0.207,0.529,0.0,0.0
163.0,Aaron Nesmith,26.0,IND,SF,11.0,11.0,335.0,0.367,17.6,0.435,0.17,0.122,0.075,0.068,0.565,0.359,0.48,0.389,0.182,0.2,0.373,0.826,0.935,0.027,2.0,0.241,0.4,0.0,0.0
164.0,Andre Drummond,32.0,PHI,C,14.0,6.0,327.0,0.575,6.7,0.775,0.613,0.15,0.013,0.0,0.225,0.629,0.714,0.25,1.0,,0.389,0.564,1.0,0.175,12.0,0.778,0.429,0.0,0.0
165.0,Luguentz Dort,26.0,OKC,SF,11.0,11.0,327.0,0.383,19.1,0.309,0.185,0.074,0.037,0.012,0.691,0.48,0.667,0.0,0.667,0.0,0.339,0.583,1.0,0.049,4.0,0.214,0.167,0.0,0.0
166.0,Lonzo Ball,28.0,CLE,PG,14.0,2.0,326.0,0.325,22.5,0.169,0.096,0.036,0.024,0.012,0.831,0.429,0.5,0.333,0.5,0.0,0.304,0.333,0.762,0.012,1.0,0.13,0.333,0.0,0.0
167.0,Christian Braun,24.0,DEN,SG,11.0,11.0,325.0,0.495,10.5,0.711,0.433,0.206,0.01,0.062,0.289,0.609,0.667,0.55,1.0,0.333,0.214,0.762,1.0,0.103,9.0,0.107,0.667,0.0,0.0
168.0,Mike Conley,38.0,MIN,PG,16.0,5.0,324.0,0.406,18.8,0.319,0.116,0.159,0.029,0.014,0.681,0.318,0.5,0.182,0.5,0.0,0.447,0.857,0.905,0.0,0.0,0.213,0.4,0.0,0.0
169.0,Derrick Jones Jr.,28.0,LAC,SF,13.0,13.0,324.0,0.533,14.5,0.5,0.239,0.228,0.011,0.022,0.5,0.717,0.955,0.476,1.0,0.5,0.348,0.727,1.0,0.152,14.0,0.435,0.3,0.0,0.0
170.0,Brandon Williams,26.0,DAL,PG,15.0,7.0,320.0,0.384,11.4,0.681,0.304,0.268,0.087,0.022,0.319,0.489,0.643,0.351,0.333,0.667,0.159,0.326,1.0,0.029,4.0,0.273,0.167,0.0,0.0
171.0,Zaccharie Risacher,20.0,ATL,SF,13.0,13.0,317.0,0.449,14.6,0.543,0.312,0.138,0.036,0.058,0.457,0.56,0.628,0.526,0.6,0.25,0.317,0.762,0.9,0.101,12.0,0.254,0.375,0.0,0.0
172.0,Patrick Williams,24.0,CHI,PF,15.0,0.0,315.0,0.426,17.3,0.415,0.191,0.17,0.043,0.011,0.585,0.462,0.611,0.313,0.25,1.0,0.4,0.333,0.909,0.053,4.0,0.236,0.462,0.0,0.0
173.0,Buddy Hield,33.0,GSW,SG,18.0,0.0,314.0,0.405,19.0,0.342,0.162,0.117,0.045,0.018,0.658,0.605,0.722,0.538,0.6,0.0,0.301,0.609,0.909,0.009,1.0,0.123,0.556,0.0,0.0
174.0,Ausar Thompson,23.0,DET,SF,11.0,10.0,314.0,0.508,7.4,0.892,0.342,0.417,0.108,0.025,0.108,0.533,0.585,0.54,0.385,0.333,0.308,0.544,1.0,0.167,17.0,0.308,0.5,0.0,0.0
175.0,Tyrese Martin,26.0,BRK,SG,15.0,2.0,312.0,0.394,17.1,0.422,0.193,0.165,0.046,0.018,0.578,0.522,0.762,0.333,0.2,0.5,0.302,0.458,0.947,0.028,3.0,0.222,0.286,0.0,0.0
176.0,Landry Shamet,28.0,NYK,SG,14.0,5.0,311.0,0.452,19.4,0.29,0.161,0.032,0.075,0.022,0.71,0.519,0.6,0.0,0.571,0.5,0.424,0.643,1.0,0.011,1.0,0.47,0.484,0.0,0.0
177.0,Sam Merrill,29.0,CLE,SG,12.0,8.0,311.0,0.466,22.9,0.147,0.06,0.026,0.034,0.026,0.853,0.588,1.0,0.333,0.0,0.667,0.444,0.8,0.909,0.0,0.0,0.141,0.5,0.0,0.0
178.0,Jaylon Tyson,23.0,CLE,SG,12.0,8.0,311.0,0.515,15.7,0.433,0.247,0.165,0.01,0.01,0.567,0.571,0.792,0.313,0.0,0.0,0.473,0.708,1.0,0.103,6.0,0.364,0.45,0.0,0.0
179.0,Simone Fontecchio,30.0,MIA,SF,16.0,0.0,310.0,0.45,19.5,0.287,0.155,0.093,0.008,0.031,0.713,0.486,0.55,0.417,0.0,0.5,0.435,0.833,0.975,0.023,2.0,0.261,0.583,0.0,0.0
180.0,Cam Spencer,25.0,MEM,SG,16.0,1.0,309.0,0.411,20.9,0.299,0.047,0.093,0.112,0.047,0.701,0.406,0.4,0.3,0.5,0.4,0.413,0.615,0.839,0.0,0.0,0.133,0.5,0.0,0.0
181.0,Luke Kennard,29.0,ATL,SG,14.0,0.0,308.0,0.494,17.6,0.42,0.173,0.099,0.074,0.074,0.58,0.559,0.5,0.375,0.667,0.833,0.447,0.632,1.0,0.0,0.0,0.298,0.5,0.0,0.0
182.0,Tre Mann,24.0,CHO,PG,14.0,1.0,308.0,0.365,16.5,0.514,0.142,0.209,0.135,0.027,0.486,0.421,0.619,0.323,0.3,0.75,0.306,0.281,0.818,0.014,2.0,0.222,0.5,0.0,0.0
183.0,Malik Monk,27.0,SAC,SG,13.0,0.0,308.0,0.457,16.5,0.559,0.094,0.22,0.181,0.063,0.441,0.465,0.667,0.393,0.478,0.375,0.446,0.515,0.84,0.024,3.0,0.179,0.3,0.0,0.0
184.0,Jakob Poeltl,30.0,TOR,C,12.0,12.0,306.0,0.737,3.6,1.0,0.658,0.211,0.132,0.0,0.0,0.737,0.82,0.625,0.5,,,0.857,,0.105,8.0,,,0.0,0.0
185.0,Ace Bailey,19.0,UTA,SF,15.0,6.0,305.0,0.442,15.7,0.575,0.183,0.158,0.067,0.167,0.425,0.522,0.727,0.526,0.25,0.4,0.333,0.722,0.882,0.142,15.0,0.314,0.375,0.0,0.0
186.0,Isaiah Joe,26.0,OKC,SG,12.0,0.0,304.0,0.443,22.5,0.183,0.052,0.035,0.061,0.035,0.817,0.571,0.667,0.75,0.571,0.25,0.415,0.917,0.949,0.0,0.0,0.266,0.44,0.0,0.0
187.0,Isaiah Jackson,24.0,IND,C,16.0,12.0,303.0,0.563,3.4,1.0,0.586,0.356,0.034,0.023,0.0,0.563,0.647,0.516,0.0,0.0,,0.592,,0.126,10.0,,,0.0,0.0
188.0,Dillon Brooks,30.0,PHO,SF,10.0,10.0,302.0,0.46,16.8,0.534,0.135,0.16,0.166,0.074,0.466,0.563,0.682,0.423,0.593,0.583,0.342,0.327,0.846,0.012,2.0,0.197,0.267,0.0,0.0
189.0,Bam Adebayo,28.0,MIA,C,10.0,10.0,301.0,0.453,14.2,0.622,0.149,0.264,0.182,0.027,0.378,0.5,0.682,0.436,0.444,0.5,0.375,0.717,1.0,0.074,10.0,0.446,0.4,0.0,0.0
190.0,Jaylin Williams,23.0,OKC,PF,16.0,1.0,300.0,0.345,22.8,0.131,0.071,0.036,0.0,0.024,0.869,0.636,0.833,0.333,,0.5,0.301,1.0,1.0,0.024,2.0,0.219,0.188,0.0,0.0
191.0,Egor Demin,19.0,BRK,PG,14.0,7.0,299.0,0.389,20.7,0.295,0.116,0.074,0.053,0.053,0.705,0.393,0.364,0.571,0.4,0.2,0.388,0.455,0.769,0.021,0.0,0.119,0.5,0.0,0.0
192.0,Nikola Jović,22.0,MIA,PF,14.0,1.0,299.0,0.402,15.4,0.5,0.206,0.255,0.02,0.02,0.5,0.51,0.619,0.462,0.5,0.0,0.294,0.654,1.0,0.01,1.0,0.137,0.143,0.0,0.0
193.0,Khris Middleton,34.0,WAS,SF,12.0,12.0,299.0,0.469,15.4,0.667,0.156,0.146,0.219,0.146,0.333,0.547,0.667,0.357,0.571,0.571,0.313,0.571,0.8,0.0,0.0,0.281,0.333,0.0,0.0
194.0,Jose Alvarado,27.0,NOP,PG,15.0,0.0,297.0,0.402,18.5,0.359,0.098,0.196,0.065,0.0,0.641,0.485,0.667,0.389,0.5,,0.356,0.375,0.524,0.0,0.0,0.237,0.214,0.0,0.0
195.0,Craig Porter Jr.,25.0,CLE,PG,17.0,0.0,295.0,0.533,13.4,0.613,0.28,0.173,0.147,0.013,0.387,0.587,0.762,0.538,0.273,1.0,0.448,0.519,0.769,0.04,3.0,0.241,0.429,0.0,0.0
196.0,Cole Anthony,25.0,MIL,PG,15.0,0.0,295.0,0.412,14.2,0.702,0.122,0.26,0.237,0.084,0.298,0.457,0.563,0.441,0.419,0.455,0.308,0.19,0.583,0.0,0.0,0.256,0.3,0.0,0.0
197.0,Ziaire Williams,24.0,BRK,SF,13.0,0.0,294.0,0.382,19.1,0.275,0.147,0.118,0.01,0.0,0.725,0.607,0.8,0.417,0.0,,0.297,0.588,0.955,0.059,6.0,0.351,0.115,0.0,0.0
198.0,Josh Okogie,27.0,HOU,SG,14.0,10.0,290.0,0.465,15.6,0.408,0.268,0.141,0.0,0.0,0.592,0.517,0.684,0.2,,,0.429,0.533,1.0,0.113,5.0,0.571,0.417,0.0,0.0
199.0,Steven Adams,32.0,HOU,C,13.0,4.0,290.0,0.509,1.8,1.0,0.754,0.228,0.018,0.0,0.0,0.509,0.581,0.308,0.0,,,0.379,,0.14,7.0,,,0.0,0.0
200.0,Keon Ellis,26.0,SAC,SG,16.0,2.0,289.0,0.44,20.1,0.298,0.107,0.083,0.071,0.036,0.702,0.48,0.778,0.571,0.167,0.0,0.424,0.667,0.96,0.071,5.0,0.339,0.45,0.0,0.0
201.0,Jamal Shead,23.0,TOR,PG,16.0,0.0,289.0,0.431,16.6,0.431,0.181,0.208,0.042,0.0,0.569,0.419,0.615,0.2,0.667,,0.439,0.308,0.833,0.0,0.0,0.146,0.333,0.0,0.0
202.0,Josh Minott,23.0,BOS,PF,15.0,9.0,289.0,0.475,15.0,0.475,0.25,0.175,0.038,0.013,0.525,0.579,0.8,0.357,0.333,0.0,0.381,0.682,0.938,0.188,12.0,0.405,0.412,0.0,0.0
203.0,Miles McBride,25.0,NYK,SG,12.0,3.0,289.0,0.396,19.3,0.351,0.126,0.054,0.099,0.072,0.649,0.436,0.786,0.167,0.182,0.375,0.375,0.412,0.852,0.009,1.0,0.278,0.4,0.0,0.0
204.0,Kyle Filipowski,22.0,UTA,C,14.0,5.0,285.0,0.438,13.1,0.594,0.115,0.406,0.073,0.0,0.406,0.509,0.636,0.487,0.429,,0.333,0.759,1.0,0.083,6.0,0.385,0.467,0.0,0.0
205.0,LaMelo Ball,24.0,CHO,PG,9.0,9.0,282.0,0.385,17.3,0.503,0.13,0.207,0.142,0.024,0.497,0.471,0.682,0.257,0.542,0.75,0.298,0.15,0.76,0.0,0.0,0.131,0.364,0.0,0.0
206.0,Will Richard,23.0,GSW,SG,16.0,7.0,280.0,0.554,16.3,0.422,0.217,0.169,0.012,0.024,0.578,0.771,0.944,0.571,0.0,1.0,0.396,0.667,0.947,0.036,3.0,0.375,0.444,0.0,0.0
207.0,Jalen Suggs,24.0,ORL,PG,12.0,12.0,279.0,0.519,17.9,0.413,0.173,0.125,0.077,0.038,0.587,0.721,0.889,0.615,0.375,1.0,0.377,0.355,0.826,0.029,2.0,0.131,0.375,0.0,0.0
208.0,Corey Kispert,26.0,WAS,SF,15.0,0.0,277.0,0.476,18.1,0.354,0.183,0.146,0.024,0.0,0.646,0.655,0.8,0.417,1.0,,0.377,0.737,0.95,0.024,2.0,0.226,0.333,0.0,0.0
209.0,Vit Krejci,25.0,ATL,PG,12.0,1.0,277.0,0.524,20.7,0.238,0.107,0.107,0.012,0.012,0.762,0.7,0.778,0.667,0.0,1.0,0.469,0.786,0.933,0.024,1.0,0.203,0.308,0.0,0.0
210.0,Isaiah Stewart,24.0,DET,C,12.0,5.0,276.0,0.495,11.1,0.636,0.293,0.333,0.01,0.0,0.364,0.556,0.69,0.455,0.0,,0.389,0.771,1.0,0.111,10.0,0.417,0.4,0.0,0.0
211.0,Dru Smith,28.0,MIA,SG,16.0,0.0,274.0,0.468,14.0,0.557,0.177,0.329,0.038,0.013,0.443,0.523,0.786,0.385,0.333,1.0,0.4,0.522,0.929,0.0,0.0,0.4,0.357,0.0,0.0
212.0,Quinten Post,25.0,GSW,PF,18.0,7.0,270.0,0.451,19.8,0.297,0.099,0.121,0.033,0.044,0.703,0.704,0.889,0.636,0.667,0.5,0.344,0.684,1.0,0.044,4.0,0.25,0.375,0.0,0.0
213.0,Gradey Dick,22.0,TOR,SG,16.0,0.0,268.0,0.427,16.8,0.427,0.225,0.079,0.09,0.034,0.573,0.553,0.65,0.429,0.5,0.333,0.333,0.81,1.0,0.056,5.0,0.373,0.474,0.0,0.0
214.0,Sandro Mamukelashvili,26.0,TOR,C,15.0,0.0,268.0,0.563,11.3,0.625,0.458,0.167,0.0,0.0,0.375,0.633,0.705,0.438,,,0.444,0.711,1.0,0.104,9.0,0.111,0.5,0.0,0.0
215.0,Andrew Nembhard,26.0,IND,PG,9.0,9.0,266.0,0.422,16.7,0.617,0.117,0.172,0.172,0.156,0.383,0.468,0.733,0.5,0.364,0.35,0.347,0.297,0.588,0.008,1.0,0.061,0.0,0.0,0.0
216.0,Goga Bitadze,26.0,ORL,C,16.0,0.0,265.0,0.735,5.4,0.878,0.633,0.184,0.041,0.02,0.122,0.791,0.871,0.667,0.5,0.0,0.333,0.647,1.0,0.347,16.0,0.333,0.5,0.0,0.0
217.0,Kristaps Porziņģis,30.0,ATL,C,10.0,10.0,262.0,0.452,15.4,0.613,0.194,0.169,0.121,0.129,0.387,0.526,0.583,0.476,0.533,0.5,0.333,0.6,1.0,0.097,10.0,0.146,0.571,0.0,0.0
218.0,Al Horford,39.0,GSW,C,12.0,0.0,261.0,0.343,20.1,0.286,0.057,0.171,0.043,0.014,0.714,0.4,0.5,0.417,0.333,0.0,0.32,0.75,1.0,0.0,0.0,0.32,0.563,0.0,0.0
219.0,Nicolas Batum,37.0,LAC,PF,15.0,2.0,259.0,0.345,23.4,0.086,0.034,0.0,0.017,0.034,0.914,0.4,0.5,,0.0,0.5,0.34,0.5,1.0,0.0,0.0,0.472,0.4,0.0,0.0
220.0,Cam Whitmore,21.0,WAS,SF,15.0,0.0,257.0,0.474,12.1,0.672,0.345,0.224,0.034,0.069,0.328,0.538,0.75,0.346,0.5,0.125,0.342,0.548,0.615,0.138,12.0,0.079,0.0,0.0,0.0
221.0,Jarred Vanderbilt,26.0,LAL,PF,14.0,2.0,257.0,0.44,8.5,0.72,0.54,0.16,0.0,0.02,0.28,0.5,0.63,0.125,,0.0,0.286,0.556,1.0,0.2,8.0,0.929,0.308,0.0,0.0
222.0,Mouhamed Gueye,23.0,ATL,PF,16.0,2.0,256.0,0.494,13.5,0.53,0.289,0.157,0.072,0.012,0.47,0.682,0.875,0.615,0.167,0.0,0.282,0.867,1.0,0.193,15.0,0.692,0.296,0.0,0.0
223.0,Daniel Gafford,27.0,DAL,C,11.0,10.0,256.0,0.656,3.2,1.0,0.688,0.281,0.0,0.031,0.0,0.656,0.727,0.5,,0.5,,0.643,,0.297,13.0,,,0.0,0.0
224.0,Jay Huff,27.0,IND,C,16.0,2.0,255.0,0.383,19.1,0.309,0.202,0.106,0.0,0.0,0.691,0.621,0.789,0.3,,,0.277,0.778,1.0,0.128,10.0,0.138,0.111,0.0,0.0
225.0,Tari Eason,24.0,HOU,PF,11.0,1.0,255.0,0.495,16.8,0.442,0.242,0.084,0.053,0.063,0.558,0.476,0.739,0.25,0.2,0.0,0.509,0.3,0.963,0.063,6.0,0.472,0.64,1.0,1.0
226.0,Jordan Clarkson,33.0,NYK,SG,14.0,0.0,254.0,0.473,14.9,0.509,0.227,0.173,0.1,0.009,0.491,0.589,0.68,0.737,0.182,0.0,0.352,0.515,0.895,0.018,2.0,0.315,0.235,0.0,0.0
227.0,Drew Eubanks,28.0,SAC,C,16.0,5.0,253.0,0.647,6.0,0.971,0.353,0.485,0.118,0.015,0.029,0.652,0.833,0.545,0.625,0.0,0.5,0.93,1.0,0.265,17.0,1.0,0.5,0.0,0.0
228.0,Oso Ighodaro,23.0,PHO,PF,16.0,4.0,249.0,0.559,5.3,1.0,0.373,0.475,0.153,0.0,0.0,0.559,0.864,0.321,0.556,,,0.818,,0.237,13.0,,,0.0,0.0
229.0,Dalton Knecht,24.0,LAL,SF,14.0,1.0,249.0,0.464,17.5,0.452,0.143,0.119,0.167,0.024,0.548,0.632,0.75,0.6,0.5,1.0,0.326,0.625,0.933,0.095,7.0,0.239,0.273,0.0,0.0
230.0,Trendon Watford,25.0,PHI,PF,12.0,4.0,249.0,0.514,9.3,0.784,0.311,0.392,0.054,0.027,0.216,0.552,0.609,0.586,0.0,0.5,0.375,0.5,1.0,0.027,2.0,0.25,0.25,0.0,0.0
231.0,Aaron Wiggins,27.0,OKC,SG,9.0,5.0,248.0,0.459,15.3,0.459,0.243,0.171,0.036,0.009,0.541,0.51,0.593,0.421,0.5,0.0,0.417,0.615,0.92,0.036,4.0,0.3,0.444,0.0,0.0
232.0,Jalen Smith,25.0,CHI,C,15.0,0.0,244.0,0.491,15.7,0.439,0.298,0.114,0.0,0.026,0.561,0.62,0.765,0.308,,0.333,0.391,0.71,1.0,0.061,6.0,0.172,0.455,0.0,0.0
233.0,Keaton Wallace,26.0,ATL,PG,15.0,2.0,235.0,0.429,19.8,0.381,0.016,0.159,0.175,0.032,0.619,0.417,1.0,0.5,0.273,0.5,0.436,0.2,0.824,0.0,0.0,0.128,0.6,0.0,0.0
234.0,De'Aaron Fox,28.0,SAS,PG,7.0,7.0,235.0,0.517,13.9,0.633,0.217,0.217,0.125,0.075,0.367,0.592,0.885,0.538,0.333,0.333,0.386,0.356,0.471,0.008,1.0,0.136,0.5,0.0,0.0
235.0,Jordan Goodwin,27.0,PHO,PG,13.0,0.0,234.0,0.451,16.4,0.512,0.171,0.122,0.146,0.073,0.488,0.5,0.786,0.4,0.417,0.167,0.4,0.429,0.875,0.012,1.0,0.375,0.467,0.0,0.0
236.0,Jaylen Clark,24.0,MIN,SG,14.0,0.0,231.0,0.444,12.7,0.537,0.315,0.185,0.037,0.0,0.463,0.517,0.588,0.5,0.0,,0.36,0.333,1.0,0.074,4.0,0.76,0.421,0.0,0.0
237.0,Bogdan Bogdanović,33.0,LAC,SG,9.0,2.0,231.0,0.373,19.7,0.373,0.107,0.12,0.107,0.04,0.627,0.429,0.75,0.222,0.375,0.333,0.34,0.083,0.625,0.0,0.0,0.064,1.0,0.0,0.0
238.0,Vince Williams Jr.,25.0,MEM,SG,11.0,3.0,227.0,0.385,17.5,0.397,0.154,0.167,0.064,0.013,0.603,0.484,0.583,0.385,0.6,0.0,0.319,0.4,0.8,0.038,2.0,0.191,0.333,0.0,0.0
239.0,Cam Thomas,24.0,BRK,SG,8.0,8.0,226.0,0.402,15.6,0.659,0.098,0.205,0.22,0.136,0.341,0.425,0.462,0.37,0.552,0.278,0.356,0.432,0.563,0.008,1.0,0.089,0.5,0.0,0.0
240.0,Jordan Hawkins,23.0,NOP,SG,15.0,0.0,224.0,0.317,20.3,0.463,0.049,0.073,0.073,0.268,0.537,0.395,0.75,0.0,0.333,0.455,0.25,0.733,0.909,0.037,1.0,0.114,0.6,0.0,0.0
241.0,Luka Garza,27.0,BOS,C,15.0,0.0,222.0,0.567,11.9,0.657,0.328,0.209,0.104,0.015,0.343,0.636,0.682,0.571,0.571,1.0,0.435,0.571,1.0,0.015,1.0,0.217,0.4,0.0,0.0
242.0,Alex Caruso,31.0,OKC,SG,12.0,0.0,222.0,0.391,18.3,0.328,0.125,0.156,0.047,0.0,0.672,0.476,0.5,0.4,0.667,,0.349,0.7,1.0,0.063,3.0,0.279,0.333,0.0,0.0
243.0,Marvin Bagley III,26.0,WAS,PF,14.0,1.0,221.0,0.638,4.8,0.913,0.609,0.29,0.014,0.0,0.087,0.651,0.762,0.45,0.0,,0.5,0.537,1.0,0.217,15.0,0.167,1.0,0.0,0.0
244.0,Day'Ron Sharpe,24.0,BRK,C,14.0,0.0,220.0,0.632,7.7,0.789,0.456,0.333,0.0,0.0,0.211,0.733,0.962,0.421,,,0.25,0.515,1.0,0.175,8.0,0.083,0.0,0.0,0.0
245.0,Nique Clifford,23.0,SAC,SG,12.0,2.0,220.0,0.352,15.7,0.537,0.093,0.278,0.148,0.019,0.463,0.379,1.0,0.4,0.0,0.0,0.32,0.545,0.875,0.019,1.0,0.24,0.167,0.0,0.0
246.0,Collin Murray-Boyles,20.0,TOR,PF,11.0,3.0,220.0,0.5,9.6,0.735,0.5,0.147,0.029,0.059,0.265,0.5,0.618,0.3,0.5,0.0,0.5,0.76,1.0,0.118,5.0,0.167,0.333,0.0,0.0
247.0,Brook Lopez,37.0,LAC,C,15.0,0.0,219.0,0.415,21.1,0.317,0.037,0.171,0.098,0.012,0.683,0.538,0.333,0.571,0.625,0.0,0.357,0.643,1.0,0.024,2.0,0.089,0.0,0.0,0.0
248.0,Daniss Jenkins,24.0,DET,PG,10.0,4.0,219.0,0.495,13.2,0.695,0.158,0.326,0.168,0.042,0.305,0.515,0.733,0.548,0.25,0.5,0.448,0.265,1.0,0.032,2.0,0.172,0.6,1.0,1.0
249.0,Jeremiah Robinson-Earl,25.0,IND,PF,11.0,3.0,216.0,0.351,10.8,0.684,0.386,0.193,0.07,0.035,0.316,0.41,0.5,0.182,0.5,0.5,0.222,0.438,1.0,0.018,1.0,0.5,0.222,0.0,0.0
250.0,Zion Williamson,25.0,NOP,PF,7.0,7.0,216.0,0.51,4.0,1.0,0.52,0.41,0.06,0.01,0.0,0.51,0.596,0.415,0.5,0.0,,0.49,,0.08,8.0,,,0.0,0.0
251.0,Tony Bradley,28.0,IND,C,16.0,3.0,212.0,0.576,4.4,0.983,0.508,0.39,0.034,0.051,0.017,0.586,0.633,0.478,0.5,1.0,0.0,0.706,,0.068,4.0,1.0,0.0,0.0,0.0
252.0,Jordan Poole,26.0,NOP,PG,7.0,4.0,212.0,0.354,18.0,0.404,0.212,0.111,0.061,0.02,0.596,0.375,0.429,0.364,0.333,0.0,0.339,0.4,0.55,0.0,0.0,0.085,0.6,0.0,0.0
253.0,Brice Sensabaugh,22.0,UTA,SF,14.0,0.0,208.0,0.432,21.1,0.284,0.032,0.095,0.126,0.032,0.716,0.667,1.0,0.667,0.583,0.667,0.338,0.778,0.957,0.0,0.0,0.221,0.533,0.0,0.0
254.0,Justin Edwards,22.0,PHI,SF,13.0,3.0,208.0,0.42,20.1,0.319,0.058,0.145,0.087,0.029,0.681,0.545,1.0,0.4,0.333,1.0,0.362,0.667,0.941,0.029,2.0,0.255,0.417,0.0,0.0
255.0,Jordan Walsh,21.0,BOS,PF,12.0,4.0,208.0,0.5,11.4,0.604,0.417,0.188,0.0,0.0,0.396,0.552,0.65,0.333,,,0.421,0.625,1.0,0.208,6.0,0.316,0.333,0.0,0.0
256.0,Yves Missi,21.0,NOP,C,11.0,5.0,203.0,0.578,3.1,1.0,0.667,0.244,0.089,0.0,0.0,0.578,0.633,0.545,0.25,,,0.692,,0.244,7.0,,,0.0,0.0
257.0,Kawhi Leonard,34.0,LAC,SF,6.0,6.0,201.0,0.505,15.5,0.667,0.076,0.219,0.267,0.105,0.333,0.557,0.75,0.609,0.536,0.364,0.4,0.308,0.643,0.019,2.0,0.143,0.4,0.0,0.0
258.0,Larry Nance Jr.,33.0,CLE,PF,13.0,1.0,200.0,0.351,13.2,0.526,0.368,0.123,0.035,0.0,0.474,0.433,0.571,0.0,0.5,,0.259,0.769,1.0,0.175,9.0,0.481,0.385,0.0,0.0
259.0,Jaxson Hayes,25.0,LAL,C,12.0,1.0,200.0,0.711,2.9,0.974,0.711,0.263,0.0,0.0,0.026,0.703,0.815,0.4,,,1.0,0.808,1.0,0.579,18.0,0.0,,0.0,0.0
260.0,Tyus Jones,29.0,ORL,PG,16.0,1.0,198.0,0.308,16.9,0.462,0.128,0.231,0.051,0.051,0.538,0.444,0.4,0.333,1.0,0.5,0.19,0.5,1.0,0.0,0.0,0.286,0.167,0.0,0.0
261.0,Caris LeVert,31.0,DET,SG,10.0,0.0,198.0,0.507,15.3,0.565,0.188,0.203,0.13,0.043,0.435,0.59,0.846,0.643,0.222,0.333,0.4,0.565,0.5,0.058,4.0,0.1,0.333,0.0,0.0
262.0,Tobias Harris,33.0,DET,PF,6.0,6.0,193.0,0.394,13.4,0.606,0.169,0.338,0.085,0.014,0.394,0.465,0.5,0.5,0.167,1.0,0.286,0.45,1.0,0.056,3.0,0.429,0.25,0.0,0.0
263.0,Jabari Walker,23.0,PHI,PF,15.0,5.0,192.0,0.435,9.4,0.696,0.457,0.196,0.022,0.022,0.304,0.531,0.571,0.444,0.0,1.0,0.214,0.235,1.0,0.022,1.0,0.286,0.0,0.0,0.0
264.0,Walter Clayton,22.0,UTA,PG,12.0,0.0,190.0,0.411,17.7,0.464,0.054,0.286,0.071,0.054,0.536,0.5,0.667,0.563,0.25,0.333,0.333,0.231,0.8,0.018,1.0,0.033,0.0,0.0,0.0
265.0,Jonas Valančiūnas,33.0,DEN,C,15.0,0.0,187.0,0.558,8.4,0.919,0.267,0.395,0.209,0.047,0.081,0.582,0.696,0.559,0.611,0.0,0.286,0.522,1.0,0.058,4.0,0.0,,0.0,0.0
266.0,Luke Kornet,30.0,SAS,C,8.0,3.0,186.0,0.75,1.5,1.0,0.889,0.111,0.0,0.0,0.0,0.75,0.781,0.5,,,,0.778,,0.361,12.0,,,0.0,0.0
267.0,Jalen Wilson,25.0,BRK,PF,12.0,0.0,185.0,0.375,19.2,0.304,0.125,0.143,0.018,0.018,0.696,0.294,0.286,0.25,1.0,0.0,0.41,0.6,1.0,0.0,0.0,0.333,0.308,0.0,0.0
268.0,Gary Payton II,33.0,GSW,SG,17.0,0.0,184.0,0.458,11.2,0.625,0.417,0.188,0.021,0.0,0.375,0.6,0.7,0.444,0.0,,0.222,0.833,1.0,0.042,2.0,0.278,0.4,0.0,0.0
269.0,Bilal Coulibaly,21.0,WAS,SG,7.0,7.0,178.0,0.393,13.5,0.554,0.304,0.196,0.036,0.018,0.446,0.484,0.824,0.091,0.0,0.0,0.28,0.267,1.0,0.232,11.0,0.32,0.375,0.0,0.0
270.0,Adem Bona,22.0,PHI,C,12.0,3.0,177.0,0.45,2.9,0.95,0.7,0.25,0.0,0.0,0.05,0.474,0.571,0.2,,,0.0,0.333,,0.35,6.0,1.0,0.0,0.0,0.0
271.0,John Konchar,29.0,MEM,SG,14.0,0.0,172.0,0.481,17.0,0.37,0.259,0.074,0.0,0.037,0.63,0.7,0.857,0.5,,0.0,0.353,0.714,1.0,0.0,0.0,0.471,0.375,0.0,0.0
272.0,Drake Powell,20.0,BRK,SG,9.0,0.0,170.0,0.512,14.0,0.651,0.209,0.186,0.186,0.07,0.349,0.571,0.778,0.625,0.25,0.667,0.4,0.313,0.833,0.047,2.0,0.133,0.0,0.0,0.0
273.0,Taurean Prince,31.0,MIL,SF,8.0,0.0,169.0,0.447,19.8,0.263,0.105,0.105,0.0,0.053,0.737,0.5,0.75,0.25,,0.5,0.429,0.8,1.0,0.026,1.0,0.464,0.385,0.0,0.0
274.0,Bennedict Mathurin,23.0,IND,SF,5.0,5.0,169.0,0.507,15.0,0.587,0.213,0.24,0.04,0.093,0.413,0.591,0.75,0.389,1.0,0.571,0.387,0.538,0.583,0.027,1.0,0.065,0.0,0.0,0.0
275.0,Precious Achiuwa,26.0,SAC,C,9.0,6.0,168.0,0.522,8.5,0.761,0.391,0.326,0.043,0.0,0.239,0.657,0.722,0.6,0.5,,0.091,0.565,1.0,0.087,2.0,0.545,0.0,0.0,0.0
276.0,Isaiah Collier,21.0,UTA,PG,7.0,1.0,165.0,0.59,8.6,0.846,0.231,0.462,0.154,0.0,0.154,0.606,0.889,0.611,0.167,,0.5,0.4,1.0,0.0,0.0,0.167,0.0,0.0,0.0
277.0,Nick Richards,28.0,PHO,C,16.0,1.0,163.0,0.543,5.5,1.0,0.37,0.435,0.152,0.043,0.0,0.543,0.706,0.45,0.429,0.5,,0.72,,0.217,10.0,,,0.0,0.0
278.0,Paul Reed,26.0,DET,C,13.0,2.0,163.0,0.696,7.2,0.857,0.393,0.375,0.054,0.036,0.143,0.729,0.818,0.667,0.667,0.5,0.5,0.8,0.75,0.179,9.0,0.125,0.0,0.0,0.0
279.0,RayJ Dennis,24.0,IND,PG,12.0,0.0,162.0,0.314,17.6,0.471,0.114,0.2,0.129,0.029,0.529,0.303,0.375,0.286,0.333,0.0,0.324,0.6,0.75,0.0,0.0,0.162,0.0,0.0,0.0
280.0,Sidy Cissoko,21.0,POR,SF,11.0,2.0,162.0,0.436,14.3,0.513,0.231,0.231,0.051,0.0,0.487,0.55,0.778,0.444,0.0,,0.316,0.636,1.0,0.077,2.0,0.368,0.429,0.0,0.0
281.0,Jaden Hardy,23.0,DAL,SG,14.0,0.0,161.0,0.414,18.4,0.371,0.086,0.157,0.1,0.029,0.629,0.385,0.333,0.455,0.429,0.0,0.432,0.6,0.789,0.0,0.0,0.25,0.364,0.0,0.0
282.0,Ja'Kobe Walter,21.0,TOR,SG,13.0,0.0,160.0,0.395,20.4,0.289,0.079,0.132,0.079,0.0,0.711,0.455,0.333,0.8,0.0,,0.37,1.0,1.0,0.026,1.0,0.148,0.75,0.0,0.0
283.0,Taylor Hendricks,22.0,UTA,PF,10.0,3.0,156.0,0.349,12.9,0.558,0.279,0.233,0.047,0.0,0.442,0.458,0.5,0.3,1.0,,0.211,0.818,1.0,0.116,5.0,0.474,0.444,0.0,0.0
284.0,Rob Dillingham,21.0,MIN,PG,14.0,0.0,154.0,0.386,12.1,0.771,0.243,0.271,0.114,0.143,0.229,0.426,0.647,0.263,0.75,0.1,0.25,0.348,0.75,0.029,2.0,0.188,0.333,0.0,0.0
285.0,Tyrese Proctor,21.0,CLE,PG,14.0,0.0,154.0,0.328,19.3,0.359,0.109,0.141,0.078,0.031,0.641,0.391,0.571,0.111,0.6,0.5,0.293,0.222,0.833,0.016,1.0,0.122,0.4,0.0,0.0
286.0,Jeremy Sochan,22.0,SAS,PF,9.0,0.0,154.0,0.535,12.0,0.581,0.395,0.163,0.023,0.0,0.419,0.64,0.706,0.571,0.0,,0.389,0.813,1.0,0.233,7.0,0.5,0.556,0.0,0.0
287.0,Walker Kessler,24.0,UTA,C,5.0,5.0,154.0,0.703,7.5,0.784,0.459,0.324,0.0,0.0,0.216,0.69,0.647,0.75,,,0.75,0.6,1.0,0.27,9.0,0.25,1.0,0.0,0.0
288.0,Jonathan Isaac,28.0,ORL,PF,15.0,0.0,149.0,0.429,14.5,0.429,0.371,0.029,0.0,0.029,0.571,0.667,0.692,1.0,,0.0,0.25,0.4,1.0,0.286,8.0,0.8,0.25,0.0,0.0
289.0,Micah Peavy,24.0,NOP,SG,12.0,0.0,149.0,0.391,11.2,0.652,0.326,0.261,0.043,0.022,0.348,0.5,0.533,0.5,0.0,1.0,0.188,0.6,1.0,0.109,4.0,0.5,0.25,0.0,0.0
290.0,Anthony Davis,32.0,DAL,PF,5.0,5.0,149.0,0.52,9.9,0.853,0.333,0.24,0.133,0.147,0.147,0.563,0.76,0.5,0.5,0.273,0.273,0.472,0.667,0.133,9.0,0.182,0.0,0.0,0.0
291.0,Dominick Barlow,22.0,PHI,PF,6.0,4.0,147.0,0.536,9.6,0.679,0.429,0.214,0.036,0.0,0.321,0.632,0.75,0.5,0.0,,0.333,0.667,1.0,0.143,3.0,0.667,0.333,0.0,0.0
292.0,Moussa Cisse,23.0,DAL,C,13.0,1.0,143.0,0.667,1.4,1.0,0.867,0.133,0.0,0.0,0.0,0.667,0.692,0.5,,,,0.75,,0.467,13.0,,,0.0,0.0
293.0,Hugo González,19.0,BOS,SF,12.0,1.0,142.0,0.438,12.1,0.688,0.281,0.281,0.031,0.094,0.313,0.409,0.667,0.222,0.0,0.333,0.5,0.333,1.0,0.063,1.0,0.4,0.75,0.0,0.0
294.0,Ochai Agbaji,25.0,TOR,SG,10.0,1.0,141.0,0.357,12.3,0.536,0.464,0.071,0.0,0.0,0.464,0.6,0.692,0.0,,,0.077,0.889,1.0,0.143,3.0,0.462,0.0,0.0,0.0
295.0,Joel Embiid,31.0,PHI,C,6.0,6.0,140.0,0.46,14.4,0.678,0.23,0.149,0.161,0.138,0.322,0.525,0.65,0.615,0.286,0.5,0.321,0.548,0.889,0.023,0.0,0.0,,0.0,0.0
296.0,Dylan Harper,19.0,SAS,SG,6.0,0.0,140.0,0.5,8.6,0.781,0.5,0.188,0.063,0.031,0.219,0.54,0.625,0.417,0.25,0.5,0.357,0.222,1.0,0.016,1.0,0.214,0.667,0.0,0.0
297.0,Ousmane Dieng,22.0,OKC,C,13.0,0.0,139.0,0.342,16.0,0.526,0.132,0.211,0.105,0.079,0.474,0.45,0.6,0.25,0.5,0.667,0.222,0.556,0.5,0.026,1.0,0.222,0.0,0.0,0.0
298.0,Trae Young,27.0,ATL,PG,5.0,5.0,139.0,0.371,14.6,0.629,0.186,0.243,0.143,0.057,0.371,0.477,0.538,0.471,0.5,0.25,0.192,0.238,0.4,0.0,0.0,0.192,0.4,0.0,0.0
299.0,Caleb Martin,30.0,DAL,SF,14.0,0.0,138.0,0.318,12.6,0.682,0.318,0.182,0.0,0.182,0.318,0.4,0.714,0.0,,0.25,0.143,0.833,1.0,0.182,2.0,0.714,0.2,0.0,0.0
300.0,Cody Williams,21.0,UTA,SG,10.0,0.0,138.0,0.324,14.8,0.5,0.118,0.353,0.0,0.029,0.5,0.529,1.0,0.417,,0.0,0.118,0.889,1.0,0.059,1.0,0.706,0.083,0.0,0.0
301.0,Karlo Matković,24.0,NOP,PF,12.0,0.0,137.0,0.703,7.7,0.757,0.568,0.189,0.0,0.0,0.243,0.786,0.905,0.429,,,0.444,0.727,1.0,0.486,17.0,0.222,0.5,0.0,0.0
302.0,Chris Paul,40.0,LAC,PG,10.0,0.0,137.0,0.273,21.6,0.333,0.0,0.091,0.182,0.061,0.667,0.273,,0.333,0.333,0.0,0.273,0.333,0.5,0.0,0.0,0.091,0.5,0.0,0.0
303.0,Mitchell Robinson,27.0,NYK,C,8.0,8.0,137.0,0.609,0.4,1.0,1.0,0.0,0.0,0.0,0.0,0.609,0.609,,,,,0.357,,0.435,9.0,,,0.0,0.0
304.0,Guerschon Yabusele,30.0,NYK,C,13.0,0.0,133.0,0.316,18.9,0.289,0.211,0.026,0.026,0.026,0.711,0.455,0.5,0.0,0.0,1.0,0.259,0.8,0.857,0.026,1.0,0.37,0.2,0.0,0.0
305.0,Caleb Love,24.0,POR,SG,8.0,0.0,133.0,0.338,18.4,0.38,0.141,0.197,0.028,0.014,0.62,0.444,0.6,0.357,0.0,1.0,0.273,0.333,0.917,0.014,0.0,0.114,0.2,0.0,0.0
306.0,Pat Spencer,29.0,GSW,PG,10.0,0.0,132.0,0.358,13.8,0.679,0.094,0.321,0.245,0.019,0.321,0.361,0.8,0.235,0.385,0.0,0.353,0.154,0.667,0.019,1.0,0.176,0.0,0.0,0.0
307.0,Amir Coffey,28.0,MIL,SG,13.0,0.0,128.0,0.421,14.2,0.579,0.211,0.211,0.105,0.053,0.421,0.545,1.0,0.25,0.5,0.0,0.25,0.333,1.0,0.053,1.0,0.875,0.143,0.0,0.0
308.0,Trayce Jackson-Davis,25.0,GSW,C,11.0,1.0,128.0,0.563,2.5,1.0,0.625,0.375,0.0,0.0,0.0,0.563,0.65,0.417,,,,0.722,,0.375,10.0,,,0.0,0.0
309.0,Chaz Lanier,24.0,DET,SG,11.0,0.0,128.0,0.35,24.5,0.1,0.0,0.0,0.05,0.05,0.9,0.5,,,1.0,0.0,0.333,0.0,0.917,0.0,0.0,0.194,0.143,0.0,0.0
310.0,Robert Williams,28.0,POR,C,10.0,0.0,128.0,0.647,4.8,0.882,0.706,0.147,0.029,0.0,0.118,0.7,0.792,0.4,0.0,,0.25,0.619,1.0,0.618,17.0,0.75,0.0,0.0,0.0
311.0,Clint Capela,31.0,HOU,C,13.0,0.0,126.0,0.6,2.2,1.0,0.733,0.267,0.0,0.0,0.0,0.6,0.727,0.25,,,,0.611,,0.4,10.0,,,0.0,0.0
312.0,Kevin Love,37.0,UTA,PF,9.0,0.0,126.0,0.394,22.9,0.152,0.03,0.091,0.0,0.03,0.848,0.6,1.0,0.333,,1.0,0.357,0.667,1.0,0.0,0.0,0.143,0.5,0.0,0.0
313.0,Kobe Sanders,23.0,LAC,SG,7.0,2.0,126.0,0.381,19.2,0.405,0.071,0.119,0.071,0.143,0.595,0.412,1.0,0.2,0.0,0.5,0.36,0.429,1.0,0.0,0.0,0.44,0.455,0.0,0.0
314.0,Baylor Scheierman,25.0,BOS,SG,12.0,0.0,124.0,0.591,20.3,0.182,0.136,0.045,0.0,0.0,0.818,0.75,0.667,1.0,,,0.556,0.333,1.0,0.0,0.0,0.389,0.857,0.0,0.0
315.0,Bradley Beal,32.0,LAC,SG,6.0,6.0,121.0,0.375,16.1,0.604,0.125,0.146,0.208,0.125,0.396,0.379,0.5,0.571,0.2,0.333,0.368,0.727,1.0,0.0,0.0,0.211,0.25,0.0,0.0
316.0,Justin Champagnie,24.0,WAS,SF,13.0,3.0,119.0,0.355,11.8,0.613,0.355,0.226,0.032,0.0,0.387,0.474,0.545,0.429,0.0,,0.167,0.333,1.0,0.065,1.0,0.333,0.0,0.0,0.0
317.0,Bones Hyland,25.0,MIN,PG,13.0,0.0,118.0,0.488,16.6,0.39,0.317,0.049,0.024,0.0,0.61,0.75,0.769,0.5,1.0,,0.32,0.333,0.5,0.0,0.0,0.16,0.25,0.0,0.0
318.0,Cam Christie,20.0,LAC,SG,10.0,0.0,116.0,0.417,15.3,0.5,0.167,0.278,0.056,0.0,0.5,0.389,0.833,0.2,0.0,,0.444,0.571,1.0,0.028,1.0,0.278,0.6,0.0,0.0
319.0,Dereck Lively II,21.0,DAL,C,7.0,4.0,115.0,0.611,2.0,1.0,0.778,0.222,0.0,0.0,0.0,0.611,0.643,0.5,,,,0.727,,0.444,8.0,,,0.0,0.0
320.0,Terrence Shannon Jr.,25.0,MIN,SG,7.0,0.0,115.0,0.321,12.7,0.607,0.321,0.214,0.071,0.0,0.393,0.294,0.444,0.167,0.0,,0.364,0.2,0.25,0.036,1.0,0.455,0.2,0.0,0.0
321.0,Dwight Powell,34.0,DAL,C,12.0,0.0,114.0,0.5,2.6,1.0,0.667,0.333,0.0,0.0,0.0,0.5,0.5,0.5,,,,0.833,,0.25,1.0,,,0.0,0.0
322.0,Maxime Raynaud,22.0,SAC,C,8.0,0.0,113.0,0.5,7.9,0.889,0.306,0.5,0.056,0.028,0.111,0.531,0.727,0.5,0.0,0.0,0.25,0.706,1.0,0.028,1.0,0.25,1.0,0.0,0.0
323.0,Liam McNeeley,20.0,CHO,SF,9.0,0.0,112.0,0.31,18.1,0.379,0.103,0.241,0.034,0.0,0.621,0.273,0.667,0.143,0.0,,0.333,1.0,1.0,0.0,0.0,0.333,0.333,0.0,0.0
324.0,Pat Connaughton,33.0,CHO,SG,11.0,0.0,111.0,0.514,17.6,0.371,0.143,0.2,0.029,0.0,0.629,0.692,0.4,1.0,0.0,,0.409,0.667,1.0,0.029,1.0,0.409,0.556,0.0,0.0
325.0,Bronny James,21.0,LAL,SG,10.0,1.0,111.0,0.296,15.9,0.593,0.111,0.185,0.222,0.074,0.407,0.313,0.667,0.0,0.5,0.0,0.273,0.8,1.0,0.037,1.0,0.364,0.0,0.0,0.0
326.0,Spencer Jones,24.0,DEN,SF,11.0,0.0,110.0,0.6,15.3,0.4,0.4,0.0,0.0,0.0,0.6,0.75,0.75,,,,0.5,0.667,1.0,0.1,1.0,0.5,0.333,0.0,0.0
327.0,Julian Phillips,22.0,CHI,SF,14.0,0.0,108.0,0.333,14.8,0.433,0.3,0.133,0.0,0.0,0.567,0.462,0.556,0.25,,,0.235,0.833,1.0,0.2,4.0,0.824,0.214,0.0,0.0
328.0,Isaiah Livers,27.0,PHO,PF,10.0,0.0,107.0,0.421,22.6,0.105,0.105,0.0,0.0,0.0,0.895,1.0,1.0,,,,0.353,0.5,1.0,0.105,2.0,0.412,0.286,0.0,0.0
329.0,Nae'Qwan Tomlin,25.0,CLE,PF,8.0,1.0,107.0,0.463,9.8,0.659,0.537,0.098,0.024,0.0,0.341,0.704,0.773,0.5,0.0,,0.0,0.579,,0.195,6.0,0.5,0.0,0.0,0.0
330.0,Brooks Barnhizer,23.0,OKC,SG,14.0,0.0,104.0,0.5,4.4,0.929,0.5,0.429,0.0,0.0,0.071,0.538,0.571,0.5,,,0.0,0.429,,0.143,1.0,1.0,0.0,0.0,0.0
331.0,Kevon Looney,29.0,NOP,C,8.0,6.0,104.0,0.333,10.5,0.75,0.375,0.167,0.125,0.083,0.25,0.389,0.556,0.5,0.0,0.0,0.167,0.429,1.0,0.0,0.0,0.167,0.0,0.0,0.0
332.0,Branden Carlson,26.0,OKC,C,12.0,0.0,101.0,0.459,13.5,0.541,0.351,0.162,0.0,0.027,0.459,0.65,0.692,0.667,,0.0,0.235,0.846,1.0,0.27,9.0,0.118,0.0,0.0,0.0
333.0,Quenton Jackson,27.0,IND,PG,5.0,3.0,101.0,0.541,12.2,0.676,0.351,0.189,0.081,0.054,0.324,0.56,0.769,0.429,0.333,0.0,0.5,0.357,1.0,0.054,2.0,0.083,0.0,0.0,0.0
334.0,Darius Garland,26.0,CLE,PG,4.0,4.0,100.0,0.354,17.5,0.521,0.083,0.229,0.146,0.063,0.479,0.28,0.75,0.182,0.143,0.333,0.435,0.429,0.6,0.0,0.0,0.174,0.25,0.0,0.0
335.0,Jett Howard,22.0,ORL,SF,11.0,0.0,99.0,0.406,20.6,0.25,0.094,0.125,0.0,0.031,0.75,0.375,0.667,0.0,,1.0,0.417,0.667,1.0,0.0,0.0,0.167,0.5,0.0,0.0
336.0,Javon Small,23.0,MEM,PG,8.0,0.0,99.0,0.357,19.5,0.321,0.071,0.179,0.071,0.0,0.679,0.444,1.0,0.2,0.5,,0.316,0.75,0.667,0.0,0.0,0.0,,0.0,0.0
337.0,Blake Wesley,22.0,POR,SG,6.0,0.0,98.0,0.412,12.6,0.706,0.353,0.088,0.147,0.118,0.294,0.5,0.667,0.667,0.2,0.25,0.2,0.167,1.0,0.0,0.0,0.1,0.0,0.0,0.0
338.0,Nigel Hayes-Davis,31.0,PHO,SF,12.0,0.0,97.0,0.375,15.1,0.625,0.083,0.25,0.292,0.0,0.375,0.533,0.5,0.667,0.429,,0.111,0.375,1.0,0.0,0.0,0.111,0.0,0.0,0.0
339.0,Ben Saraf,19.0,BRK,SG,7.0,5.0,97.0,0.259,14.0,0.519,0.296,0.148,0.074,0.0,0.481,0.286,0.25,0.25,0.5,,0.231,0.0,1.0,0.074,1.0,0.308,0.0,0.0,0.0
340.0,Tristan Vukcevic,22.0,WAS,C,12.0,1.0,96.0,0.389,15.9,0.556,0.139,0.139,0.25,0.028,0.444,0.5,0.4,0.6,0.556,0.0,0.25,0.9,1.0,0.056,1.0,0.063,0.0,0.0,0.0
341.0,Gui Santos,23.0,GSW,PF,13.0,1.0,95.0,0.357,20.7,0.214,0.143,0.071,0.0,0.0,0.786,0.667,0.5,1.0,,,0.273,1.0,1.0,0.0,0.0,0.182,0.5,0.0,0.0
342.0,Gary Harris,31.0,MIL,SG,9.0,0.0,95.0,0.5,16.8,0.389,0.111,0.222,0.056,0.0,0.611,0.571,1.0,0.25,1.0,,0.455,1.0,1.0,0.0,0.0,0.727,0.5,0.0,0.0
343.0,Olivier-Maxence Prosper,23.0,MEM,PF,10.0,0.0,94.0,0.565,9.8,0.739,0.435,0.261,0.043,0.0,0.261,0.706,0.7,0.833,0.0,,0.167,0.833,1.0,0.261,6.0,0.333,0.0,0.0,0.0
344.0,KJ Simpson,23.0,CHO,PG,7.0,0.0,93.0,0.333,14.4,0.615,0.231,0.179,0.179,0.026,0.385,0.333,0.444,0.286,0.286,0.0,0.333,0.125,1.0,0.0,0.0,0.067,1.0,0.0,0.0
345.0,Taelon Peter,23.0,IND,SG,11.0,0.0,91.0,0.25,24.7,0.083,0.0,0.042,0.0,0.042,0.917,0.5,,1.0,,0.0,0.227,0.0,0.8,0.0,0.0,0.409,0.111,0.0,0.0
346.0,Aaron Holiday,29.0,HOU,PG,9.0,0.0,91.0,0.536,18.9,0.321,0.143,0.143,0.036,0.0,0.679,0.778,0.75,1.0,0.0,,0.421,0.571,1.0,0.0,0.0,0.263,0.6,0.0,0.0
347.0,Dalen Terry,23.0,CHI,SG,10.0,0.0,90.0,0.45,9.9,0.65,0.55,0.1,0.0,0.0,0.35,0.538,0.455,1.0,,,0.286,0.714,1.0,0.1,2.0,0.429,0.333,0.0,0.0
348.0,T.J. McConnell,33.0,IND,PG,6.0,0.0,90.0,0.468,12.6,0.787,0.149,0.277,0.234,0.128,0.213,0.459,0.571,0.385,0.545,0.333,0.5,0.353,0.8,0.0,0.0,0.2,1.0,0.0,0.0
349.0,Nick Smith Jr.,21.0,LAL,SG,6.0,0.0,90.0,0.432,18.8,0.514,0.054,0.108,0.243,0.108,0.486,0.421,0.5,0.5,0.333,0.5,0.444,0.125,0.625,0.0,0.0,0.056,0.0,0.0,0.0
350.0,Jericho Sims,27.0,MIL,C,11.0,0.0,88.0,0.75,4.0,1.0,0.5,0.375,0.125,0.0,0.0,0.75,1.0,0.667,0.0,,,0.833,,0.75,6.0,,,0.0,0.0
351.0,Gabe Vincent,29.0,LAL,PG,4.0,3.0,88.0,0.313,23.5,0.188,0.0,0.063,0.063,0.063,0.813,0.333,,0.0,1.0,0.0,0.308,1.0,1.0,0.0,0.0,0.231,0.333,0.0,0.0
352.0,Duop Reath,29.0,POR,C,12.0,0.0,86.0,0.583,23.3,0.083,0.042,0.042,0.0,0.0,0.917,0.5,1.0,0.0,,,0.591,1.0,1.0,0.042,1.0,0.364,0.875,0.0,0.0
353.0,Jevon Carter,30.0,CHI,PG,6.0,0.0,85.0,0.394,22.5,0.152,0.061,0.03,0.03,0.03,0.848,0.0,0.0,0.0,0.0,0.0,0.464,,0.769,0.0,0.0,0.286,0.625,0.0,0.0
354.0,Tidjane Salaün,20.0,CHO,PF,7.0,0.0,83.0,0.368,17.3,0.368,0.158,0.211,0.0,0.0,0.632,0.429,1.0,0.0,,,0.333,0.667,1.0,0.053,1.0,0.167,0.0,0.0,0.0
355.0,Asa Newell,20.0,ATL,PF,9.0,0.0,82.0,0.5,13.3,0.5,0.344,0.156,0.0,0.0,0.5,0.5,0.636,0.2,,,0.5,0.5,1.0,0.156,3.0,0.75,0.5,0.0,0.0
356.0,Obi Toppin,27.0,IND,PF,3.0,0.0,82.0,0.417,14.8,0.528,0.222,0.167,0.111,0.028,0.472,0.632,0.625,0.667,0.75,0.0,0.176,0.417,1.0,0.139,3.0,0.176,0.0,0.0,0.0
357.0,Jamison Battle,24.0,TOR,SF,12.0,0.0,81.0,0.68,18.8,0.32,0.2,0.08,0.0,0.04,0.68,0.75,1.0,0.5,,0.0,0.647,1.0,1.0,0.04,1.0,0.294,0.6,0.0,0.0
358.0,Chris Boucher,33.0,BOS,PF,7.0,0.0,76.0,0.318,15.7,0.455,0.273,0.136,0.0,0.045,0.545,0.6,0.833,0.333,,0.0,0.083,0.667,1.0,0.045,1.0,0.25,0.0,0.0,0.0
359.0,Kobe Brown,26.0,LAC,PF,8.0,0.0,75.0,0.421,17.4,0.368,0.158,0.211,0.0,0.0,0.632,0.571,0.667,0.5,,,0.333,1.0,1.0,0.105,2.0,0.417,0.2,0.0,0.0
360.0,Zach Edey,23.0,MEM,C,3.0,3.0,75.0,0.583,4.8,0.917,0.583,0.25,0.083,0.0,0.083,0.591,0.643,0.5,0.5,,0.5,0.923,1.0,0.292,6.0,0.0,,0.0,0.0
361.0,Jordan McLaughlin,29.0,SAS,PG,8.0,0.0,74.0,0.417,17.0,0.375,0.25,0.083,0.042,0.0,0.625,0.556,0.833,0.0,0.0,,0.333,0.2,1.0,0.0,0.0,0.4,0.167,0.0,0.0
362.0,Will Riley,19.0,WAS,SF,10.0,0.0,73.0,0.435,12.4,0.783,0.174,0.435,0.087,0.087,0.217,0.5,0.75,0.5,0.5,0.0,0.2,0.667,1.0,0.043,1.0,0.0,,0.0,0.0
363.0,Chris Youngblood,23.0,OKC,SG,15.0,0.0,72.0,0.35,23.0,0.15,0.0,0.15,0.0,0.0,0.85,0.333,,0.333,,,0.353,1.0,1.0,0.0,0.0,0.235,0.5,0.0,0.0
364.0,Julian Strawther,23.0,DEN,SG,9.0,0.0,71.0,0.367,17.0,0.467,0.167,0.1,0.2,0.0,0.533,0.643,1.0,0.667,0.333,,0.125,0.667,1.0,0.0,0.0,0.313,0.0,0.0,0.0
365.0,Kelly Olynyk,34.0,SAS,C,6.0,0.0,69.0,0.556,11.3,0.611,0.444,0.167,0.0,0.0,0.389,0.636,0.75,0.333,,,0.429,0.571,1.0,0.0,0.0,0.286,1.0,0.0,0.0
366.0,Kyle Anderson,32.0,UTA,SF,4.0,0.0,69.0,0.455,5.5,1.0,0.318,0.5,0.182,0.0,0.0,0.455,0.571,0.364,0.5,,,0.5,,0.045,0.0,,,0.0,0.0
367.0,Tyler Kolek,24.0,NYK,PG,10.0,0.0,67.0,0.417,16.1,0.458,0.25,0.125,0.083,0.0,0.542,0.636,0.667,0.667,0.5,,0.231,0.429,0.667,0.0,0.0,0.077,0.0,0.0,0.0
368.0,Thomas Bryant,28.0,CLE,C,11.0,0.0,66.0,0.4,14.3,0.52,0.32,0.16,0.04,0.0,0.48,0.769,0.75,1.0,0.0,,0.0,0.7,,0.2,5.0,0.0,,0.0,0.0
369.0,Elijah Harkless,25.0,UTA,SG,7.0,0.0,66.0,0.364,19.0,0.364,0.182,0.0,0.091,0.091,0.636,0.5,0.5,,0.0,1.0,0.286,0.0,1.0,0.0,0.0,0.286,1.0,0.0,0.0
370.0,Devin Carter,23.0,SAC,PG,8.0,0.0,65.0,0.238,17.0,0.476,0.048,0.333,0.095,0.0,0.524,0.3,1.0,0.286,0.0,,0.182,0.0,1.0,0.048,1.0,0.0,,0.0,0.0
371.0,Xavier Tillman Sr.,27.0,BOS,C,8.0,0.0,65.0,0.5,13.7,0.556,0.167,0.333,0.056,0.0,0.444,0.7,0.667,0.667,1.0,,0.25,0.857,1.0,0.0,0.0,0.25,0.0,0.0,0.0
372.0,Monte Morris,30.0,IND,PG,6.0,0.0,65.0,0.35,13.8,0.6,0.25,0.2,0.1,0.05,0.4,0.417,0.6,0.25,0.5,0.0,0.25,0.6,1.0,0.0,0.0,0.375,0.0,0.0,0.0
373.0,Carter Bryant,20.0,SAS,PF,10.0,0.0,64.0,0.296,15.5,0.481,0.296,0.074,0.111,0.0,0.519,0.385,0.625,0.0,0.0,,0.214,0.4,1.0,0.037,1.0,0.357,0.0,0.0,0.0
374.0,Jared McCain,21.0,PHI,SG,6.0,0.0,62.0,0.208,18.1,0.458,0.042,0.208,0.125,0.083,0.542,0.182,0.0,0.2,0.333,0.0,0.231,0.0,1.0,0.0,0.0,0.231,0.333,0.0,0.0
375.0,Coby White,25.0,CHI,SG,2.0,0.0,58.0,0.452,18.5,0.452,0.065,0.226,0.097,0.065,0.548,0.429,0.5,0.429,0.333,0.5,0.471,0.5,0.875,0.0,0.0,0.118,1.0,0.0,0.0
376.0,Ariel Hukporti,23.0,NYK,C,8.0,2.0,56.0,0.5,2.9,1.0,0.75,0.25,0.0,0.0,0.0,0.5,0.667,0.0,,,,0.75,,0.125,1.0,,,0.0,0.0
377.0,Rayan Rupert,21.0,POR,SG,9.0,0.0,55.0,0.273,16.8,0.364,0.273,0.091,0.0,0.0,0.636,0.5,0.667,0.0,,,0.143,0.5,1.0,0.0,0.0,0.143,0.0,0.0,0.0
378.0,Cody Martin,30.0,IND,SF,4.0,0.0,55.0,0.2,15.5,0.5,0.1,0.3,0.1,0.0,0.5,0.4,1.0,0.333,0.0,,0.0,0.5,,0.1,1.0,0.4,0.0,0.0,0.0
379.0,Keshad Johnson,24.0,MIA,SF,6.0,0.0,54.0,0.25,14.7,0.5,0.208,0.25,0.0,0.042,0.5,0.25,0.2,0.167,,1.0,0.25,0.333,0.667,0.125,1.0,0.333,0.25,0.0,0.0
380.0,Jalen Pickett,26.0,DEN,SG,7.0,1.0,53.0,0.467,15.6,0.533,0.333,0.0,0.067,0.133,0.467,0.5,0.4,,1.0,0.5,0.429,0.5,1.0,0.067,1.0,0.143,0.0,0.0,0.0
381.0,Bobi Klintman,22.0,DET,SF,6.0,0.0,53.0,0.333,16.0,0.476,0.143,0.286,0.0,0.048,0.524,0.4,0.333,0.5,,0.0,0.273,0.75,1.0,0.048,1.0,0.364,0.0,0.0,0.0
382.0,Yang Hansen,20.0,POR,C,7.0,0.0,50.0,0.35,10.9,0.7,0.35,0.25,0.1,0.0,0.3,0.5,0.857,0.2,0.0,,0.0,0.571,,0.15,2.0,0.167,0.0,0.0,0.0
383.0,Maxi Kleber,34.0,LAL,PF,4.0,0.0,50.0,0.5,19.7,0.25,0.25,0.0,0.0,0.0,0.75,0.0,0.0,,,,0.667,,1.0,0.0,0.0,0.0,,0.0,0.0
384.0,Matisse Thybulle,28.0,POR,SG,4.0,0.0,49.0,0.6,16.1,0.4,0.4,0.0,0.0,0.0,0.6,0.5,0.5,,,,0.667,0.0,1.0,0.0,0.0,0.0,,0.0,0.0
385.0,Jordan Miller,26.0,LAC,SF,3.0,0.0,49.0,0.5,17.2,0.438,0.25,0.125,0.063,0.0,0.563,0.429,0.75,0.0,0.0,,0.556,0.333,1.0,0.0,0.0,0.111,0.0,0.0,0.0
386.0,Zeke Nnaji,25.0,DEN,PF,7.0,1.0,48.0,0.4,15.6,0.4,0.3,0.1,0.0,0.0,0.6,0.75,0.667,1.0,,,0.167,0.667,1.0,0.0,0.0,0.333,0.0,0.0,0.0
387.0,Noah Penda,21.0,ORL,SF,7.0,0.0,47.0,0.545,6.9,0.818,0.455,0.364,0.0,0.0,0.182,0.444,0.6,0.25,,,1.0,0.5,1.0,0.091,1.0,0.5,1.0,0.0,0.0
388.0,Luke Travers,24.0,CLE,SG,6.0,0.0,47.0,0.125,11.7,0.625,0.313,0.25,0.0,0.063,0.375,0.2,0.0,0.5,,0.0,0.0,1.0,,0.0,0.0,0.333,0.0,0.0,0.0
389.0,Rasheer Fleming,21.0,PHO,PF,8.0,0.0,46.0,0.263,15.4,0.421,0.368,0.0,0.053,0.0,0.579,0.375,0.429,,0.0,,0.182,0.667,1.0,0.105,2.0,0.364,0.25,0.0,0.0
390.0,GG Jackson II,21.0,MEM,PF,7.0,0.0,46.0,0.261,14.2,0.522,0.304,0.13,0.087,0.0,0.478,0.5,0.429,0.667,0.5,,0.0,0.667,,0.043,1.0,0.273,0.0,0.0,0.0
391.0,Bismack Biyombo,33.0,SAS,C,6.0,0.0,46.0,0.5,1.6,1.0,1.0,0.0,0.0,0.0,0.0,0.5,0.5,,,,,1.0,,0.5,1.0,,,0.0,0.0
392.0,Lindy Waters III,28.0,SAS,SG,6.0,0.0,46.0,0.417,25.6,0.0,0.0,0.0,0.0,0.0,1.0,,,,,,0.417,,1.0,0.0,0.0,0.333,0.5,0.0,0.0
393.0,Paul George,35.0,PHI,PF,2.0,2.0,46.0,0.429,17.3,0.476,0.143,0.143,0.143,0.048,0.524,0.4,1.0,0.0,0.0,1.0,0.455,0.5,0.8,0.0,0.0,0.273,0.333,0.0,0.0
394.0,Ryan Nembhard,22.0,DAL,PG,5.0,0.0,45.0,0.467,16.5,0.733,0.067,0.133,0.267,0.267,0.267,0.636,1.0,0.0,0.75,0.75,0.0,0.286,,0.0,0.0,0.0,,0.0,0.0
395.0,Bryce McGowens,23.0,NOP,SG,6.0,0.0,43.0,0.385,6.3,0.846,0.385,0.462,0.0,0.0,0.154,0.455,0.4,0.5,,,0.0,0.6,,0.308,2.0,0.5,0.0,0.0,0.0
396.0,Wendell Moore Jr.,24.0,DET,SG,3.0,0.0,43.0,0.5,6.5,0.833,0.167,0.667,0.0,0.0,0.167,0.6,1.0,0.5,,,0.0,0.333,,0.167,1.0,1.0,0.0,0.0,0.0
397.0,Jae'Sean Tate,30.0,HOU,SF,8.0,0.0,41.0,0.364,11.4,0.727,0.182,0.455,0.091,0.0,0.273,0.5,0.5,0.6,0.0,,0.0,0.5,,0.0,0.0,0.0,,0.0,0.0
398.0,Brandon Miller,23.0,CHO,SF,2.0,2.0,40.0,0.4,14.6,0.56,0.24,0.2,0.12,0.0,0.44,0.571,0.833,0.6,0.0,,0.182,0.5,1.0,0.16,4.0,0.273,0.333,0.0,0.0
399.0,Malaki Branham,22.0,WAS,SG,6.0,0.0,39.0,0.571,15.3,0.5,0.214,0.214,0.071,0.0,0.5,0.857,1.0,1.0,0.0,,0.286,0.667,1.0,0.071,1.0,0.143,0.0,0.0,0.0
400.0,AJ Johnson,21.0,WAS,SG,8.0,0.0,38.0,0.182,7.6,0.818,0.273,0.545,0.0,0.0,0.182,0.222,0.333,0.167,,,0.0,1.0,,0.091,1.0,0.5,0.0,0.0,0.0
401.0,Joan Beringer,19.0,MIN,PF,9.0,0.0,37.0,0.727,1.0,1.0,1.0,0.0,0.0,0.0,0.0,0.727,0.727,,,,,0.875,,0.727,8.0,,,0.0,0.0
402.0,Leonard Miller,22.0,MIN,SF,8.0,0.0,37.0,0.5,11.8,0.583,0.333,0.25,0.0,0.0,0.417,0.857,1.0,0.667,,,0.0,0.833,,0.0,0.0,0.8,0.0,0.0,0.0
403.0,Johnny Furphy,21.0,IND,SG,3.0,0.0,37.0,0.5,14.2,0.5,0.167,0.333,0.0,0.0,0.5,0.333,1.0,0.0,,,0.667,1.0,1.0,0.0,0.0,0.333,1.0,0.0,0.0
404.0,David Jones García,24.0,SAS,SF,5.0,0.0,36.0,0.667,4.7,0.933,0.6,0.333,0.0,0.0,0.067,0.643,0.556,0.8,,,1.0,0.0,0.0,0.067,1.0,0.0,,0.0,0.0
405.0,Khaman Maluach,19.0,PHO,C,7.0,0.0,35.0,0.429,11.7,0.571,0.571,0.0,0.0,0.0,0.429,0.75,0.75,,,,0.0,1.0,,0.286,2.0,0.333,0.0,0.0,0.0
406.0,Jonathan Mogbo,24.0,TOR,PF,7.0,0.0,35.0,0.5,3.4,1.0,0.5,0.5,0.0,0.0,0.0,0.5,0.333,0.667,,,,0.667,,0.167,0.0,,,0.0,0.0
407.0,Caleb Houstan,23.0,ATL,SF,6.0,0.0,35.0,0.4,18.6,0.3,0.1,0.2,0.0,0.0,0.7,0.333,1.0,0.0,,,0.429,1.0,1.0,0.0,0.0,0.286,0.5,0.0,0.0
408.0,Nolan Traoré,19.0,BRK,PG,4.0,0.0,35.0,0.222,18.0,0.333,0.222,0.111,0.0,0.0,0.667,0.0,0.0,0.0,,,0.333,,1.0,0.0,0.0,0.5,0.0,0.0,0.0
409.0,Drew Peterson,26.0,CHO,PF,2.0,0.0,35.0,0.222,18.3,0.333,0.333,0.0,0.0,0.0,0.667,0.667,0.667,,,,0.0,0.5,,0.0,0.0,0.333,0.0,0.0,0.0
410.0,Jase Richardson,20.0,ORL,SG,8.0,0.0,34.0,0.333,16.8,0.333,0.167,0.167,0.0,0.0,0.667,0.5,1.0,0.0,,,0.25,1.0,1.0,0.0,0.0,0.25,1.0,0.0,0.0
411.0,Mac McClung,27.0,IND,SG,3.0,0.0,34.0,0.389,17.3,0.444,0.222,0.167,0.056,0.0,0.556,0.625,0.75,0.333,1.0,,0.2,0.8,0.5,0.0,0.0,0.0,,0.0,0.0
412.0,Yanic Konan Niederhauser,22.0,LAC,C,6.0,0.0,33.0,0.909,3.8,1.0,0.455,0.455,0.091,0.0,0.0,0.909,1.0,0.8,1.0,,,0.7,,0.364,4.0,,,0.0,0.0
413.0,Dylan Cardwell,24.0,SAC,C,3.0,1.0,33.0,0.333,6.9,0.833,0.333,0.5,0.0,0.0,0.167,0.4,1.0,0.0,,,0.0,1.0,,0.5,2.0,1.0,0.0,0.0,0.0
414.0,Keegan Murray,25.0,SAC,PF,1.0,0.0,33.0,0.385,17.8,0.538,0.154,0.0,0.231,0.154,0.462,0.571,1.0,,0.333,0.5,0.167,0.5,1.0,0.077,1.0,0.167,0.0,0.0,0.0
415.0,Charles Bassey,25.0,MEM,C,2.0,0.0,31.0,0.375,4.4,1.0,0.375,0.5,0.125,0.0,0.0,0.375,0.667,0.25,0.0,,,0.667,,0.375,2.0,,,0.0,0.0
416.0,Mason Plumlee,35.0,CHO,C,6.0,0.0,30.0,1.0,1.9,1.0,1.0,0.0,0.0,0.0,0.0,1.0,1.0,,,,,1.0,,1.0,2.0,,,0.0,0.0
417.0,Jamir Watkins,24.0,WAS,SG,4.0,0.0,30.0,0.571,12.1,0.571,0.429,0.143,0.0,0.0,0.429,0.75,1.0,0.0,,,0.333,0.667,1.0,0.143,1.0,0.667,0.0,0.0,0.0
418.0,Jalen Green,23.0,PHO,SG,2.0,2.0,30.0,0.478,18.6,0.391,0.174,0.087,0.0,0.13,0.609,0.556,0.25,0.5,,1.0,0.429,0.0,1.0,0.043,0.0,0.143,1.0,0.0,0.0
419.0,LeBron James,41.0,LAL,SF,1.0,1.0,30.0,0.571,14.8,0.571,0.286,0.143,0.143,0.0,0.429,0.5,0.5,0.0,1.0,,0.667,1.0,1.0,0.0,0.0,0.0,,0.0,0.0
420.0,Dario Šarić,31.0,SAC,C,3.0,0.0,28.0,0.2,13.0,0.6,0.4,0.0,0.0,0.2,0.4,0.0,0.0,,,0.0,0.5,,1.0,0.0,0.0,1.0,0.5,0.0,0.0
421.0,PJ Hall,23.0,MEM,C,7.0,0.0,27.0,0.556,11.3,0.667,0.333,0.333,0.0,0.0,0.333,0.667,1.0,0.333,,,0.333,1.0,1.0,0.111,1.0,0.333,0.0,0.0,0.0
422.0,Tyson Etienne,26.0,BRK,PG,5.0,0.0,25.0,0.182,25.7,0.091,0.0,0.0,0.0,0.091,0.909,0.0,,,,0.0,0.2,,1.0,0.0,0.0,0.1,0.0,0.0,0.0
423.0,E.J. Liddell,25.0,BRK,PF,5.0,0.0,25.0,0.364,20.3,0.273,0.091,0.182,0.0,0.0,0.727,0.667,1.0,0.5,,,0.25,0.5,1.0,0.0,0.0,0.25,0.5,0.0,0.0
424.0,JD Davison,23.0,HOU,PG,5.0,0.0,24.0,0.5,21.6,0.25,0.0,0.25,0.0,0.0,0.75,0.5,,0.5,,,0.5,1.0,1.0,0.0,0.0,0.167,0.0,0.0,0.0
425.0,Joe Ingles,38.0,MIN,SF,6.0,0.0,23.0,0.0,27.4,0.0,0.0,0.0,0.0,0.0,1.0,,,,,,0.0,,,0.0,0.0,0.0,,0.0,0.0
426.0,DeAndre Jordan,37.0,NOP,C,2.0,1.0,23.0,0.8,1.3,1.0,0.8,0.2,0.0,0.0,0.0,0.8,1.0,0.0,,,,0.5,,0.4,2.0,,,0.0,0.0
427.0,Andre Jackson Jr.,24.0,MIL,SG,6.0,0.0,22.0,0.0,24.0,0.5,0.0,0.0,0.0,0.5,0.5,0.0,,,,0.0,0.0,,,0.0,0.0,0.0,,0.0,0.0
428.0,Tolu Smith,25.0,DET,PF,2.0,0.0,22.0,0.75,2.8,1.0,0.625,0.375,0.0,0.0,0.0,0.75,0.8,0.667,,,,0.667,,0.25,2.0,,,0.0,0.0
429.0,Johnny Juzang,24.0,MIN,SG,7.0,0.0,21.0,0.333,22.5,0.222,0.0,0.0,0.111,0.111,0.778,0.5,,,0.0,1.0,0.286,0.0,1.0,0.0,0.0,0.429,0.333,0.0,0.0
430.0,Jeff Green,39.0,HOU,PF,5.0,0.0,21.0,0.667,25.0,0.0,0.0,0.0,0.0,0.0,1.0,,,,,,0.667,,1.0,0.0,0.0,0.333,1.0,0.0,0.0
431.0,Mark Sears,23.0,MIL,PG,5.0,0.0,21.0,0.556,18.2,0.444,0.111,0.111,0.222,0.0,0.556,0.5,1.0,0.0,0.5,,0.6,0.0,0.667,0.0,0.0,0.0,,0.0,0.0
432.0,Jahmyl Telfort,24.0,LAC,PF,4.0,0.0,21.0,0.0,23.7,0.0,0.0,0.0,0.0,0.0,1.0,,,,,,0.0,,,0.0,0.0,0.667,0.0,0.0,0.0
433.0,Eric Gordon,37.0,PHI,SG,3.0,0.0,21.0,0.6,22.6,0.2,0.2,0.0,0.0,0.0,0.8,1.0,1.0,,,,0.5,1.0,1.0,0.0,0.0,0.0,,0.0,0.0
434.0,Antonio Reeves,25.0,CHO,SG,2.0,0.0,21.0,0.5,21.0,0.167,0.0,0.167,0.0,0.0,0.833,0.0,,0.0,,,0.6,,1.0,0.0,0.0,0.6,0.667,0.0,0.0
435.0,James Wiseman,24.0,IND,C,1.0,1.0,20.0,0.667,3.2,1.0,0.667,0.333,0.0,0.0,0.0,0.667,1.0,0.0,,,,0.5,,0.333,1.0,,,0.0,0.0
436.0,Mohamed Diawara,20.0,NYK,SF,8.0,0.0,18.0,0.75,17.6,0.75,0.25,0.0,0.0,0.5,0.25,0.667,1.0,,,0.5,1.0,1.0,1.0,0.0,0.0,0.0,,0.0,0.0
437.0,Anthony Gill,33.0,WAS,PF,6.0,0.0,18.0,0.8,7.1,0.8,0.6,0.2,0.0,0.0,0.2,0.75,0.667,1.0,,,1.0,0.333,1.0,0.0,0.0,1.0,1.0,0.0,0.0
438.0,Isaac Jones,25.0,2TM,PF,4.0,1.0,18.0,0.5,13.8,0.5,0.5,0.0,0.0,0.0,0.5,1.0,1.0,,,,0.0,0.5,,0.25,1.0,0.5,0.0,0.0,0.0
438.0,Isaac Jones,25.0,SAC,PF,3.0,1.0,17.0,0.5,14.0,0.5,0.5,0.0,0.0,0.0,0.5,1.0,1.0,,,,0.0,0.0,,0.0,0.0,0.0,,0.0,0.0
438.0,Isaac Jones,25.0,DET,PF,1.0,0.0,1.0,0.5,13.5,0.5,0.5,0.0,0.0,0.0,0.5,1.0,1.0,,,,0.0,1.0,,0.5,1.0,1.0,0.0,0.0,0.0
439.0,Hunter Tyson,25.0,DEN,PF,5.0,0.0,17.0,0.0,17.5,0.429,0.0,0.286,0.0,0.143,0.571,0.0,,0.0,,0.0,0.0,,,0.0,0.0,0.25,0.0,0.0,0.0
440.0,Jahmir Young,25.0,MIA,PG,3.0,0.0,16.0,0.375,12.2,0.625,0.25,0.25,0.125,0.0,0.375,0.2,0.0,0.5,0.0,,0.667,0.0,1.0,0.0,0.0,0.333,1.0,0.0,0.0
441.0,N'Faly Dante,24.0,ATL,C,4.0,0.0,15.0,0.25,4.3,1.0,0.5,0.25,0.25,0.0,0.0,0.25,0.5,0.0,0.0,,,1.0,,0.25,1.0,,,0.0,0.0
442.0,Ron Harper Jr.,25.0,BOS,SF,3.0,0.0,15.0,0.429,22.9,0.143,0.143,0.0,0.0,0.0,0.857,1.0,1.0,,,,0.333,1.0,1.0,0.0,0.0,0.167,0.0,0.0,0.0
443.0,Pacome Dadiet,20.0,NYK,SG,5.0,0.0,14.0,0.25,17.2,0.75,0.25,0.0,0.0,0.5,0.25,0.333,1.0,,,0.0,0.0,1.0,,0.0,0.0,0.0,,0.0,0.0
444.0,Daeqwon Plowden,27.0,SAC,SG,1.0,0.0,14.0,0.2,15.8,0.4,0.2,0.2,0.0,0.0,0.6,0.5,1.0,0.0,,,0.0,0.0,,0.2,1.0,0.667,0.0,0.0,0.0
445.0,Harrison Ingram,23.0,SAS,SF,3.0,0.0,11.0,0.667,11.6,0.667,0.333,0.333,0.0,0.0,0.333,0.5,1.0,0.0,,,1.0,0.0,1.0,0.0,0.0,0.0,,0.0,0.0
446.0,Javonte Cooke,26.0,POR,SG,2.0,0.0,11.0,0.286,10.7,0.714,0.286,0.429,0.0,0.0,0.286,0.4,0.5,0.333,,,0.0,1.0,,0.143,1.0,0.0,,0.0,0.0
447.0,Miles Kelly,23.0,DAL,PG,2.0,0.0,11.0,0.5,15.2,0.5,0.0,0.5,0.0,0.0,0.5,1.0,,1.0,,,0.0,1.0,,0.0,0.0,1.0,0.0,0.0,0.0
448.0,Garrett Temple,39.0,TOR,SG,3.0,0.0,10.0,0.5,25.6,0.0,0.0,0.0,0.0,0.0,1.0,,,,,,0.5,,1.0,0.0,0.0,0.0,,0.0,0.0
449.0,Garrison Mathews,29.0,IND,SG,1.0,0.0,10.0,0.0,25.8,0.0,0.0,0.0,0.0,0.0,1.0,,,,,,0.0,,,0.0,0.0,0.667,0.0,0.0,0.0
450.0,Thanasis Antetokounmpo,33.0,MIL,SF,4.0,0.0,9.0,0.5,2.3,1.0,1.0,0.0,0.0,0.0,0.0,0.5,0.5,,,,,1.0,,0.0,0.0,,,0.0,0.0
451.0,Jacob Toppin,25.0,ATL,SF,3.0,0.0,9.0,0.75,5.9,1.0,0.5,0.0,0.5,0.0,0.0,0.75,1.0,,0.5,,,0.333,,0.5,2.0,,,0.0,0.0
452.0,Kevin Porter Jr.,25.0,MIL,PG,1.0,1.0,9.0,0.6,19.1,0.4,0.2,0.0,0.0,0.2,0.6,0.5,1.0,,,0.0,0.667,0.0,1.0,0.2,1.0,0.333,0.0,0.0,0.0
453.0,Riley Minix,25.0,SAS,SF,3.0,0.0,8.0,0.667,13.1,0.5,0.5,0.0,0.0,0.0,0.5,1.0,1.0,,,,0.333,0.333,1.0,0.167,1.0,0.333,1.0,0.0,0.0
454.0,Danny Wolf,21.0,BRK,PF,3.0,0.0,8.0,0.0,1.8,1.0,1.0,0.0,0.0,0.0,0.0,0.0,0.0,,,,,,,0.0,0.0,,,0.0,0.0
455.0,Myron Gardner,24.0,MIA,SF,2.0,0.0,8.0,1.0,25.3,0.0,0.0,0.0,0.0,0.0,1.0,,,,,,1.0,,1.0,0.0,0.0,0.0,,0.0,0.0
456.0,Adou Thiero,21.0,LAL,SF,2.0,0.0,8.0,1.0,2.4,1.0,1.0,0.0,0.0,0.0,0.0,1.0,1.0,,,,,1.0,,1.0,2.0,,,0.0,0.0
457.0,Trey Jemison,26.0,NYK,C,1.0,0.0,8.0,,,,,,,,,,,,,,,,,,0.0,,,0.0,0.0
458.0,Doug McDermott,34.0,SAC,SF,1.0,0.0,8.0,0.667,25.9,0.0,0.0,0.0,0.0,0.0,1.0,,,,,,0.667,,1.0,0.0,0.0,0.667,1.0,0.0,0.0
459.0,Hunter Sallis,22.0,PHI,SG,3.0,0.0,7.0,1.0,8.5,1.0,0.0,1.0,0.0,0.0,0.0,1.0,,1.0,,,,0.0,,0.0,0.0,,,0.0,0.0
460.0,Chris Mañon,24.0,LAL,SG,2.0,0.0,7.0,0.0,24.8,0.0,0.0,0.0,0.0,0.0,1.0,,,,,,0.0,,,0.0,0.0,0.0,,0.0,0.0
461.0,Amari Williams,24.0,BOS,PF,2.0,0.0,7.0,0.5,5.5,1.0,0.0,1.0,0.0,0.0,0.0,0.5,,0.5,,,,1.0,,0.0,0.0,,,0.0,0.0
462.0,Colby Jones,23.0,DET,SG,1.0,0.0,7.0,0.333,16.9,0.333,0.0,0.333,0.0,0.0,0.667,1.0,,1.0,,,0.0,0.0,,0.0,0.0,1.0,0.0,0.0,0.0
463.0,Johni Broome,23.0,PHI,PF,2.0,0.0,6.0,0.4,8.0,0.8,0.2,0.6,0.0,0.0,0.2,0.5,1.0,0.333,,,0.0,0.5,,0.0,0.0,1.0,0.0,0.0,0.0
464.0,Christian Koloko,25.0,LAL,C,2.0,0.0,6.0,,,,,,,,,,,,,,,,,,0.0,,,0.0,0.0
465.0,Jahmai Mashack,23.0,MEM,SG,1.0,0.0,6.0,0.5,25.4,0.0,0.0,0.0,0.0,0.0,1.0,,,,,,0.5,,1.0,0.0,0.0,0.25,1.0,0.0,0.0
466.0,Jamal Cain,26.0,ORL,SF,3.0,0.0,5.0,1.0,17.2,0.5,0.0,0.5,0.0,0.0,0.5,1.0,,1.0,,,1.0,0.0,1.0,0.0,0.0,0.0,,0.0,0.0
467.0,Hunter Dickinson,25.0,NOP,C,1.0,0.0,5.0,0.5,12.8,1.0,0.0,0.0,1.0,0.0,0.0,0.5,,,0.5,,,1.0,,0.0,0.0,,,0.0,0.0
468.0,Sharife Cooper,24.0,WAS,PG,2.0,0.0,4.0,,,,,,,,,,,,,,,,,,0.0,,,0.0,0.0
469.0,DaRon Holmes,23.0,DEN,PF,2.0,0.0,4.0,1.0,24.2,0.0,0.0,0.0,0.0,0.0,1.0,,,,,,1.0,,1.0,0.0,0.0,1.0,1.0,0.0,0.0
470.0,Koby Brea,23.0,PHO,SG,1.0,0.0,4.0,0.5,14.1,0.5,0.5,0.0,0.0,0.0,0.5,1.0,1.0,,,,0.0,0.0,,0.0,0.0,0.0,,0.0,0.0
471.0,Pete Nance,25.0,MIL,PF,1.0,0.0,4.0,0.8,16.9,0.4,0.2,0.2,0.0,0.0,0.6,1.0,1.0,1.0,,,0.667,1.0,1.0,0.0,0.0,0.0,,0.0,0.0
472.0,Jamaree Bouyea,26.0,PHO,PG,1.0,0.0,3.0,0.5,23.7,0.5,0.0,0.0,0.0,0.5,0.5,0.0,,,,0.0,1.0,,0.0,0.0,0.0,0.0,,0.0,0.0
473.0,Kyle Lowry,39.0,PHI,PG,1.0,0.0,3.0,1.0,24.2,0.0,0.0,0.0,0.0,0.0,1.0,,,,,,1.0,,1.0,0.0,0.0,1.0,1.0,0.0,0.0
474.0,Orlando Robinson,25.0,ORL,C,1.0,0.0,2.0,,,,,,,,,,,,,,,,,,0.0,,,0.0,0.0
,League Average,,,,,,,0.468,14.2,0.581,0.231,0.21,0.091,0.05,0.419,0.547,0.701,0.46,0.44,0.399,0.359,0.533,0.859,0.062,,0.233,0.382,,
